user_id,timestamp,group,converted
USR_01777,2026-06-01 00:01:13,control,0
USR_08522,2026-06-01 00:01:56,control,0
USR_06606,2026-06-01 00:02:13,control,0
USR_07492,2026-06-01 00:04:06,control,0
USR_04146,2026-06-01 00:04:35,control,1
USR_09071,2026-06-01 00:06:49,treatment,0
USR_19504,2026-06-01 00:07:15,treatment,0
USR_01208,2026-06-01 00:09:05,treatment,1
USR_05934,2026-06-01 00:09:31,control,0
USR_18291,2026-06-01 00:10:00,treatment,1
USR_02609,2026-06-01 00:10:45,control,0
USR_13114,2026-06-01 00:11:39,control,0
USR_03323,2026-06-01 00:12:12,treatment,0
USR_07037,2026-06-01 00:12:28,control,0
USR_00332,2026-06-01 00:13:36,treatment,0
USR_18754,2026-06-01 00:15:10,control,0
USR_07335,2026-06-01 00:15:27,control,0
USR_19807,2026-06-01 00:15:44,control,0
USR_11057,2026-06-01 00:19:07,treatment,0
USR_07612,2026-06-01 00:21:22,treatment,0
USR_16358,2026-06-01 00:21:26,treatment,0
USR_16517,2026-06-01 00:23:20,treatment,0
USR_15646,2026-06-01 00:27:08,control,0
USR_08034,2026-06-01 00:29:19,control,0
USR_10938,2026-06-01 00:29:33,treatment,0
USR_04602,2026-06-01 00:30:03,control,0
USR_06559,2026-06-01 00:30:23,treatment,1
USR_08720,2026-06-01 00:31:52,control,0
USR_07034,2026-06-01 00:32:22,control,0
USR_06434,2026-06-01 00:33:18,control,0
USR_16862,2026-06-01 00:33:35,treatment,1
USR_08007,2026-06-01 00:33:39,control,0
USR_16155,2026-06-01 00:35:39,treatment,0
USR_16342,2026-06-01 00:36:04,treatment,0
USR_13750,2026-06-01 00:36:57,treatment,0
USR_10307,2026-06-01 00:38:12,treatment,0
USR_13982,2026-06-01 00:41:20,treatment,0
USR_00671,2026-06-01 00:41:28,control,0
USR_15074,2026-06-01 00:42:03,treatment,1
USR_12611,2026-06-01 00:44:01,treatment,0
USR_12083,2026-06-01 00:44:10,control,0
USR_14515,2026-06-01 00:44:13,control,0
USR_11286,2026-06-01 00:44:24,treatment,0
USR_04859,2026-06-01 00:44:41,control,0
USR_09063,2026-06-01 00:45:54,control,1
USR_04130,2026-06-01 00:45:59,treatment,0
USR_10910,2026-06-01 00:47:16,treatment,0
USR_19534,2026-06-01 00:48:12,treatment,0
USR_18042,2026-06-01 00:48:19,treatment,0
USR_10667,2026-06-01 00:48:45,control,0
USR_02410,2026-06-01 00:49:26,treatment,0
USR_14845,2026-06-01 00:51:19,control,0
USR_10967,2026-06-01 00:52:02,treatment,0
USR_06956,2026-06-01 00:52:35,control,0
USR_16305,2026-06-01 00:53:07,treatment,0
USR_07302,2026-06-01 00:54:04,control,0
USR_13435,2026-06-01 00:55:31,treatment,0
USR_08630,2026-06-01 00:56:26,treatment,0
USR_05864,2026-06-01 00:58:33,treatment,0
USR_14030,2026-06-01 00:59:51,control,0
USR_05848,2026-06-01 01:01:46,control,0
USR_08786,2026-06-01 01:02:02,treatment,0
USR_07182,2026-06-01 01:02:20,treatment,0
USR_00358,2026-06-01 01:03:49,treatment,0
USR_04657,2026-06-01 01:04:16,treatment,1
USR_11720,2026-06-01 01:04:44,control,0
USR_12646,2026-06-01 01:05:10,treatment,0
USR_09455,2026-06-01 01:05:14,treatment,0
USR_19222,2026-06-01 01:05:19,treatment,0
USR_07990,2026-06-01 01:05:43,control,0
USR_11060,2026-06-01 01:06:01,control,0
USR_12470,2026-06-01 01:06:57,control,0
USR_06253,2026-06-01 01:09:48,control,0
USR_08311,2026-06-01 01:10:00,control,0
USR_00354,2026-06-01 01:10:26,control,0
USR_15470,2026-06-01 01:14:20,control,0
USR_08002,2026-06-01 01:16:29,control,0
USR_00269,2026-06-01 01:16:50,control,0
USR_18597,2026-06-01 01:17:57,control,0
USR_18121,2026-06-01 01:18:46,control,0
USR_14202,2026-06-01 01:19:18,treatment,0
USR_17332,2026-06-01 01:20:06,treatment,0
USR_17090,2026-06-01 01:20:19,treatment,0
USR_06095,2026-06-01 01:20:44,control,0
USR_16588,2026-06-01 01:20:58,control,0
USR_17868,2026-06-01 01:21:26,control,0
USR_19714,2026-06-01 01:22:47,treatment,0
USR_02803,2026-06-01 01:23:43,treatment,0
USR_13564,2026-06-01 01:25:00,control,0
USR_11605,2026-06-01 01:26:05,treatment,0
USR_10766,2026-06-01 01:26:19,control,0
USR_03400,2026-06-01 01:26:34,treatment,0
USR_07908,2026-06-01 01:26:36,treatment,0
USR_08286,2026-06-01 01:27:40,control,1
USR_11711,2026-06-01 01:28:03,control,0
USR_08511,2026-06-01 01:28:36,control,0
USR_04678,2026-06-01 01:28:38,control,0
USR_05302,2026-06-01 01:31:19,treatment,0
USR_00508,2026-06-01 01:31:45,control,0
USR_08210,2026-06-01 01:34:25,treatment,0
USR_05178,2026-06-01 01:35:49,control,0
USR_04487,2026-06-01 01:36:08,treatment,0
USR_15310,2026-06-01 01:36:41,treatment,0
USR_03321,2026-06-01 01:37:41,treatment,0
USR_12538,2026-06-01 01:39:09,control,0
USR_15969,2026-06-01 01:40:33,control,0
USR_07311,2026-06-01 01:40:41,treatment,0
USR_03218,2026-06-01 01:40:42,treatment,0
USR_00795,2026-06-01 01:43:02,treatment,0
USR_03759,2026-06-01 01:43:22,control,0
USR_04836,2026-06-01 01:43:50,treatment,0
USR_04175,2026-06-01 01:44:06,treatment,0
USR_12685,2026-06-01 01:44:11,control,0
USR_17448,2026-06-01 01:45:26,treatment,0
USR_18557,2026-06-01 01:46:24,treatment,0
USR_15860,2026-06-01 01:49:10,treatment,0
USR_01764,2026-06-01 01:49:24,control,0
USR_10737,2026-06-01 01:50:11,treatment,0
USR_05819,2026-06-01 01:50:42,treatment,0
USR_16214,2026-06-01 01:52:52,control,0
USR_09002,2026-06-01 01:55:02,treatment,0
USR_05676,2026-06-01 01:56:08,control,0
USR_06538,2026-06-01 01:56:24,control,0
USR_14496,2026-06-01 01:56:45,control,0
USR_15619,2026-06-01 01:57:22,control,0
USR_02095,2026-06-01 01:59:48,control,0
USR_02113,2026-06-01 02:00:12,control,0
USR_18227,2026-06-01 02:00:37,treatment,0
USR_02661,2026-06-01 02:01:10,treatment,0
USR_07099,2026-06-01 02:01:12,treatment,0
USR_18573,2026-06-01 02:02:33,control,0
USR_17225,2026-06-01 02:03:05,control,0
USR_14629,2026-06-01 02:05:55,treatment,1
USR_00980,2026-06-01 02:07:56,control,0
USR_15302,2026-06-01 02:09:29,treatment,0
USR_00906,2026-06-01 02:09:34,treatment,0
USR_17460,2026-06-01 02:09:52,treatment,0
USR_02152,2026-06-01 02:10:21,treatment,1
USR_01958,2026-06-01 02:11:54,treatment,0
USR_09750,2026-06-01 02:12:34,treatment,0
USR_17253,2026-06-01 02:12:54,control,0
USR_19972,2026-06-01 02:13:24,control,0
USR_02278,2026-06-01 02:14:24,control,0
USR_08385,2026-06-01 02:15:04,control,0
USR_11200,2026-06-01 02:15:33,treatment,0
USR_09944,2026-06-01 02:16:08,control,0
USR_16341,2026-06-01 02:16:44,treatment,0
USR_15936,2026-06-01 02:17:47,control,0
USR_10791,2026-06-01 02:18:35,treatment,1
USR_07870,2026-06-01 02:18:57,control,0
USR_10410,2026-06-01 02:20:18,control,0
USR_06957,2026-06-01 02:20:38,control,0
USR_14158,2026-06-01 02:22:17,treatment,0
USR_08532,2026-06-01 02:22:58,control,0
USR_12215,2026-06-01 02:23:32,control,0
USR_00494,2026-06-01 02:25:35,treatment,1
USR_05775,2026-06-01 02:26:38,treatment,0
USR_17507,2026-06-01 02:27:27,control,0
USR_13964,2026-06-01 02:29:53,treatment,0
USR_01342,2026-06-01 02:30:38,treatment,0
USR_05040,2026-06-01 02:31:43,control,0
USR_16200,2026-06-01 02:32:12,treatment,0
USR_07250,2026-06-01 02:32:16,control,1
USR_14486,2026-06-01 02:32:47,control,0
USR_00068,2026-06-01 02:34:54,treatment,0
USR_18518,2026-06-01 02:35:02,treatment,0
USR_05681,2026-06-01 02:39:49,control,0
USR_16984,2026-06-01 02:40:10,control,0
USR_10687,2026-06-01 02:40:12,control,0
USR_10600,2026-06-01 02:40:14,control,0
USR_12461,2026-06-01 02:41:59,treatment,0
USR_12859,2026-06-01 02:42:37,control,0
USR_01681,2026-06-01 02:43:08,treatment,1
USR_00218,2026-06-01 02:43:20,control,1
USR_07028,2026-06-01 02:44:37,control,0
USR_03339,2026-06-01 02:50:08,control,1
USR_18218,2026-06-01 02:51:32,control,0
USR_08249,2026-06-01 02:53:30,control,0
USR_09585,2026-06-01 02:54:28,control,0
USR_09330,2026-06-01 02:56:13,treatment,0
USR_16917,2026-06-01 03:00:02,treatment,0
USR_12451,2026-06-01 03:00:18,control,0
USR_01389,2026-06-01 03:05:10,treatment,0
USR_08795,2026-06-01 03:05:25,treatment,0
USR_17262,2026-06-01 03:07:04,treatment,1
USR_04718,2026-06-01 03:08:10,control,0
USR_06238,2026-06-01 03:08:17,control,0
USR_05794,2026-06-01 03:08:20,control,0
USR_06279,2026-06-01 03:08:49,control,0
USR_05906,2026-06-01 03:10:16,treatment,0
USR_11968,2026-06-01 03:10:52,control,0
USR_11877,2026-06-01 03:12:35,control,0
USR_00241,2026-06-01 03:12:55,control,0
USR_00774,2026-06-01 03:13:10,control,0
USR_13053,2026-06-01 03:15:42,treatment,0
USR_08736,2026-06-01 03:15:52,control,0
USR_04050,2026-06-01 03:16:50,treatment,0
USR_04108,2026-06-01 03:18:19,control,0
USR_06587,2026-06-01 03:18:53,treatment,0
USR_07960,2026-06-01 03:19:44,treatment,0
USR_00217,2026-06-01 03:22:08,control,0
USR_06778,2026-06-01 03:22:37,control,0
USR_01584,2026-06-01 03:22:47,control,0
USR_08790,2026-06-01 03:23:13,control,0
USR_01429,2026-06-01 03:23:22,treatment,0
USR_12483,2026-06-01 03:25:49,control,0
USR_12924,2026-06-01 03:26:12,control,0
USR_02389,2026-06-01 03:27:34,treatment,0
USR_05579,2026-06-01 03:31:35,treatment,0
USR_12247,2026-06-01 03:31:48,treatment,0
USR_06340,2026-06-01 03:32:36,control,0
USR_03470,2026-06-01 03:36:14,treatment,0
USR_01608,2026-06-01 03:36:54,control,0
USR_08639,2026-06-01 03:37:06,treatment,0
USR_10543,2026-06-01 03:37:44,control,0
USR_19231,2026-06-01 03:38:31,control,0
USR_09499,2026-06-01 03:39:31,treatment,0
USR_01359,2026-06-01 03:40:29,treatment,0
USR_17877,2026-06-01 03:41:41,treatment,0
USR_17324,2026-06-01 03:42:12,control,0
USR_04016,2026-06-01 03:44:20,treatment,0
USR_19628,2026-06-01 03:44:27,treatment,0
USR_08142,2026-06-01 03:46:02,control,0
USR_04409,2026-06-01 03:46:34,treatment,0
USR_05433,2026-06-01 03:46:56,control,0
USR_10287,2026-06-01 03:47:22,treatment,0
USR_13799,2026-06-01 03:48:03,treatment,0
USR_16456,2026-06-01 03:53:33,treatment,0
USR_16128,2026-06-01 03:53:35,treatment,0
USR_12104,2026-06-01 03:54:25,control,0
USR_02097,2026-06-01 03:54:33,control,0
USR_12964,2026-06-01 03:55:04,treatment,0
USR_05435,2026-06-01 03:55:41,control,0
USR_12847,2026-06-01 03:55:56,control,0
USR_00953,2026-06-01 03:56:46,control,0
USR_00101,2026-06-01 03:58:14,treatment,0
USR_13129,2026-06-01 03:58:15,treatment,0
USR_10261,2026-06-01 04:04:16,treatment,0
USR_07462,2026-06-01 04:05:41,control,0
USR_13825,2026-06-01 04:06:42,control,0
USR_17738,2026-06-01 04:07:32,treatment,0
USR_11565,2026-06-01 04:09:23,treatment,0
USR_19160,2026-06-01 04:09:28,treatment,0
USR_07849,2026-06-01 04:09:52,control,0
USR_11724,2026-06-01 04:10:23,treatment,0
USR_06825,2026-06-01 04:11:30,control,0
USR_10796,2026-06-01 04:11:46,treatment,0
USR_10257,2026-06-01 04:11:48,treatment,1
USR_04184,2026-06-01 04:12:16,control,0
USR_06292,2026-06-01 04:12:35,control,0
USR_07713,2026-06-01 04:13:38,treatment,0
USR_02344,2026-06-01 04:13:54,control,0
USR_15654,2026-06-01 04:14:57,control,0
USR_17605,2026-06-01 04:15:50,control,0
USR_18148,2026-06-01 04:16:26,treatment,0
USR_07780,2026-06-01 04:19:34,control,0
USR_06974,2026-06-01 04:21:00,control,0
USR_14466,2026-06-01 04:21:50,treatment,0
USR_00465,2026-06-01 04:21:56,control,0
USR_03901,2026-06-01 04:24:20,control,0
USR_00875,2026-06-01 04:24:36,control,0
USR_11850,2026-06-01 04:25:50,control,0
USR_12805,2026-06-01 04:27:05,treatment,0
USR_15656,2026-06-01 04:27:17,control,0
USR_11138,2026-06-01 04:31:24,treatment,0
USR_17278,2026-06-01 04:32:31,treatment,0
USR_10177,2026-06-01 04:34:08,control,0
USR_03499,2026-06-01 04:34:16,treatment,0
USR_05983,2026-06-01 04:34:38,treatment,0
USR_04786,2026-06-01 04:34:46,control,0
USR_03674,2026-06-01 04:34:46,control,0
USR_12248,2026-06-01 04:35:51,treatment,1
USR_06154,2026-06-01 04:35:51,treatment,1
USR_12049,2026-06-01 04:37:05,treatment,0
USR_14370,2026-06-01 04:37:05,treatment,0
USR_06191,2026-06-01 04:38:34,control,0
USR_15200,2026-06-01 04:39:00,treatment,1
USR_17599,2026-06-01 04:39:51,treatment,0
USR_10906,2026-06-01 04:40:30,control,0
USR_13979,2026-06-01 04:40:34,treatment,0
USR_08190,2026-06-01 04:40:49,treatment,0
USR_01592,2026-06-01 04:42:30,treatment,0
USR_02354,2026-06-01 04:43:31,treatment,0
USR_10351,2026-06-01 04:43:33,treatment,0
USR_15045,2026-06-01 04:45:04,control,0
USR_10889,2026-06-01 04:46:32,control,0
USR_07254,2026-06-01 04:46:58,control,0
USR_05179,2026-06-01 04:49:01,treatment,0
USR_04677,2026-06-01 04:49:14,treatment,0
USR_15133,2026-06-01 04:50:58,control,0
USR_03059,2026-06-01 04:51:01,control,0
USR_16596,2026-06-01 04:53:17,control,0
USR_00781,2026-06-01 04:54:10,control,0
USR_18051,2026-06-01 04:54:28,control,0
USR_19687,2026-06-01 04:56:03,treatment,0
USR_05595,2026-06-01 04:58:41,control,0
USR_02898,2026-06-01 04:59:03,treatment,0
USR_06850,2026-06-01 04:59:15,control,0
USR_13601,2026-06-01 05:02:47,control,0
USR_07130,2026-06-01 05:04:36,treatment,0
USR_16924,2026-06-01 05:04:49,treatment,0
USR_04264,2026-06-01 05:05:30,treatment,0
USR_16363,2026-06-01 05:05:50,control,0
USR_07398,2026-06-01 05:07:56,treatment,0
USR_04834,2026-06-01 05:08:04,control,0
USR_01997,2026-06-01 05:09:17,control,0
USR_08807,2026-06-01 05:09:21,treatment,0
USR_04590,2026-06-01 05:09:40,control,0
USR_11399,2026-06-01 05:11:19,control,0
USR_01530,2026-06-01 05:11:31,control,0
USR_01196,2026-06-01 05:11:43,treatment,0
USR_09290,2026-06-01 05:11:43,control,0
USR_04794,2026-06-01 05:12:17,treatment,0
USR_03215,2026-06-01 05:12:47,control,0
USR_08321,2026-06-01 05:12:54,treatment,0
USR_18953,2026-06-01 05:13:16,control,0
USR_09080,2026-06-01 05:14:22,control,0
USR_03755,2026-06-01 05:14:43,control,0
USR_15972,2026-06-01 05:14:54,control,0
USR_15717,2026-06-01 05:15:09,treatment,0
USR_17854,2026-06-01 05:15:21,control,0
USR_12155,2026-06-01 05:17:41,control,0
USR_01762,2026-06-01 05:17:47,control,1
USR_03824,2026-06-01 05:17:55,control,0
USR_07857,2026-06-01 05:18:46,treatment,0
USR_19729,2026-06-01 05:20:51,treatment,0
USR_17743,2026-06-01 05:21:07,treatment,0
USR_14378,2026-06-01 05:25:07,control,0
USR_01942,2026-06-01 05:25:33,control,0
USR_16428,2026-06-01 05:25:56,treatment,0
USR_10544,2026-06-01 05:26:52,treatment,0
USR_12822,2026-06-01 05:27:02,treatment,0
USR_18559,2026-06-01 05:27:31,treatment,0
USR_02185,2026-06-01 05:29:20,treatment,0
USR_18672,2026-06-01 05:29:48,control,0
USR_16310,2026-06-01 05:31:16,treatment,0
USR_14109,2026-06-01 05:32:19,treatment,0
USR_09045,2026-06-01 05:34:31,control,0
USR_16462,2026-06-01 05:35:41,control,0
USR_11799,2026-06-01 05:35:48,treatment,0
USR_06519,2026-06-01 05:37:55,treatment,0
USR_15118,2026-06-01 05:38:20,treatment,0
USR_11160,2026-06-01 05:39:42,treatment,0
USR_03389,2026-06-01 05:40:28,control,0
USR_12331,2026-06-01 05:40:59,control,0
USR_04076,2026-06-01 05:42:28,treatment,0
USR_00109,2026-06-01 05:43:12,control,0
USR_11722,2026-06-01 05:45:01,treatment,0
USR_18556,2026-06-01 05:45:05,treatment,1
USR_14839,2026-06-01 05:47:47,control,0
USR_01390,2026-06-01 05:48:32,control,0
USR_06077,2026-06-01 05:49:14,control,1
USR_05591,2026-06-01 05:49:14,control,0
USR_00195,2026-06-01 05:50:08,control,0
USR_10191,2026-06-01 05:50:28,treatment,0
USR_15779,2026-06-01 05:51:42,treatment,0
USR_02659,2026-06-01 05:51:58,control,0
USR_19622,2026-06-01 05:52:11,control,0
USR_12338,2026-06-01 05:52:30,control,0
USR_07789,2026-06-01 05:54:01,treatment,0
USR_08990,2026-06-01 05:56:34,treatment,0
USR_07991,2026-06-01 05:57:00,control,0
USR_08365,2026-06-01 05:58:07,treatment,0
USR_06053,2026-06-01 05:58:28,treatment,0
USR_16431,2026-06-01 06:02:30,control,0
USR_02711,2026-06-01 06:02:35,treatment,0
USR_08705,2026-06-01 06:03:01,treatment,0
USR_14772,2026-06-01 06:05:40,control,0
USR_03418,2026-06-01 06:06:04,treatment,0
USR_02106,2026-06-01 06:06:53,control,0
USR_09176,2026-06-01 06:07:53,control,0
USR_12863,2026-06-01 06:11:04,treatment,0
USR_10940,2026-06-01 06:11:37,control,0
USR_19772,2026-06-01 06:11:52,control,0
USR_01966,2026-06-01 06:12:35,control,0
USR_13634,2026-06-01 06:13:08,control,0
USR_19238,2026-06-01 06:13:08,treatment,0
USR_04737,2026-06-01 06:13:26,treatment,0
USR_05332,2026-06-01 06:13:45,control,0
USR_04541,2026-06-01 06:16:07,control,0
USR_16190,2026-06-01 06:16:31,treatment,0
USR_06286,2026-06-01 06:16:57,treatment,0
USR_03956,2026-06-01 06:17:22,control,0
USR_09201,2026-06-01 06:18:01,treatment,0
USR_12603,2026-06-01 06:18:21,treatment,0
USR_08788,2026-06-01 06:18:30,treatment,0
USR_06638,2026-06-01 06:18:40,treatment,0
USR_14676,2026-06-01 06:21:11,treatment,0
USR_03309,2026-06-01 06:21:11,treatment,0
USR_05455,2026-06-01 06:21:19,control,0
USR_12304,2026-06-01 06:21:41,treatment,0
USR_04800,2026-06-01 06:22:49,control,0
USR_18554,2026-06-01 06:22:54,treatment,0
USR_18085,2026-06-01 06:22:55,control,0
USR_13622,2026-06-01 06:24:14,treatment,1
USR_17910,2026-06-01 06:24:19,control,0
USR_18887,2026-06-01 06:25:18,treatment,0
USR_14448,2026-06-01 06:28:09,control,0
USR_09562,2026-06-01 06:29:07,control,0
USR_05729,2026-06-01 06:31:13,control,1
USR_03704,2026-06-01 06:33:04,control,0
USR_14900,2026-06-01 06:33:33,control,0
USR_01311,2026-06-01 06:34:30,control,0
USR_00744,2026-06-01 06:36:39,treatment,0
USR_13199,2026-06-01 06:36:42,control,0
USR_09401,2026-06-01 06:37:03,control,0
USR_17308,2026-06-01 06:38:29,treatment,0
USR_11860,2026-06-01 06:40:54,control,0
USR_12910,2026-06-01 06:41:47,control,0
USR_09491,2026-06-01 06:42:09,control,0
USR_18230,2026-06-01 06:43:52,control,1
USR_08513,2026-06-01 06:44:45,treatment,0
USR_01983,2026-06-01 06:44:50,treatment,0
USR_03888,2026-06-01 06:46:21,control,0
USR_14394,2026-06-01 06:46:24,treatment,0
USR_13578,2026-06-01 06:47:12,control,0
USR_18302,2026-06-01 06:49:12,control,0
USR_16415,2026-06-01 06:50:48,treatment,0
USR_02638,2026-06-01 06:51:26,control,0
USR_18889,2026-06-01 06:52:09,treatment,0
USR_07408,2026-06-01 06:52:39,treatment,1
USR_00352,2026-06-01 06:52:39,treatment,0
USR_16550,2026-06-01 06:53:56,control,0
USR_12878,2026-06-01 06:56:10,control,0
USR_09506,2026-06-01 06:56:27,treatment,0
USR_18634,2026-06-01 06:56:36,treatment,1
USR_03486,2026-06-01 06:58:37,control,0
USR_17011,2026-06-01 07:01:40,treatment,0
USR_08584,2026-06-01 07:01:50,treatment,0
USR_02910,2026-06-01 07:01:55,treatment,0
USR_11531,2026-06-01 07:03:07,control,0
USR_00312,2026-06-01 07:03:57,control,0
USR_18519,2026-06-01 07:04:03,treatment,0
USR_01003,2026-06-01 07:04:11,treatment,0
USR_13022,2026-06-01 07:06:38,treatment,0
USR_04015,2026-06-01 07:06:45,treatment,0
USR_09092,2026-06-01 07:06:48,treatment,0
USR_04147,2026-06-01 07:06:59,control,0
USR_09639,2026-06-01 07:08:05,treatment,1
USR_03026,2026-06-01 07:08:56,control,0
USR_10907,2026-06-01 07:09:45,treatment,0
USR_14665,2026-06-01 07:10:09,control,0
USR_14942,2026-06-01 07:10:29,treatment,0
USR_02435,2026-06-01 07:10:48,control,0
USR_06576,2026-06-01 07:11:17,treatment,0
USR_05662,2026-06-01 07:11:56,treatment,0
USR_13953,2026-06-01 07:12:07,treatment,0
USR_10336,2026-06-01 07:13:13,control,0
USR_04340,2026-06-01 07:14:45,control,0
USR_10017,2026-06-01 07:15:56,control,1
USR_19598,2026-06-01 07:16:27,control,0
USR_19469,2026-06-01 07:16:35,control,0
USR_06145,2026-06-01 07:16:56,treatment,0
USR_16070,2026-06-01 07:17:59,control,0
USR_16607,2026-06-01 07:23:48,control,0
USR_13618,2026-06-01 07:23:51,control,0
USR_12857,2026-06-01 07:24:14,control,0
USR_08334,2026-06-01 07:27:21,treatment,0
USR_01115,2026-06-01 07:27:57,control,0
USR_02045,2026-06-01 07:28:40,control,0
USR_13417,2026-06-01 07:29:59,treatment,0
USR_17239,2026-06-01 07:29:59,treatment,0
USR_00413,2026-06-01 07:31:48,control,0
USR_15699,2026-06-01 07:32:20,treatment,0
USR_07951,2026-06-01 07:34:37,control,0
USR_07258,2026-06-01 07:35:37,control,0
USR_05574,2026-06-01 07:37:22,control,0
USR_05876,2026-06-01 07:37:30,control,0
USR_08587,2026-06-01 07:37:56,control,0
USR_03436,2026-06-01 07:38:21,treatment,0
USR_12217,2026-06-01 07:38:22,control,0
USR_13573,2026-06-01 07:39:01,treatment,0
USR_01028,2026-06-01 07:40:05,treatment,0
USR_08771,2026-06-01 07:40:31,control,0
USR_19554,2026-06-01 07:41:22,control,0
USR_03909,2026-06-01 07:41:23,control,0
USR_09871,2026-06-01 07:42:29,treatment,0
USR_10738,2026-06-01 07:42:43,control,0
USR_08281,2026-06-01 07:43:00,treatment,0
USR_17580,2026-06-01 07:43:18,treatment,0
USR_04111,2026-06-01 07:44:41,treatment,0
USR_12021,2026-06-01 07:46:20,control,0
USR_16331,2026-06-01 07:47:06,control,0
USR_15902,2026-06-01 07:47:19,control,0
USR_10127,2026-06-01 07:47:20,treatment,0
USR_01226,2026-06-01 07:51:19,treatment,0
USR_13434,2026-06-01 07:51:33,treatment,0
USR_16963,2026-06-01 07:52:17,treatment,0
USR_00645,2026-06-01 07:52:21,control,0
USR_11125,2026-06-01 07:52:37,control,0
USR_01005,2026-06-01 07:52:49,control,0
USR_19112,2026-06-01 07:53:08,control,0
USR_14428,2026-06-01 07:53:09,treatment,0
USR_16835,2026-06-01 07:53:41,treatment,0
USR_18426,2026-06-01 07:54:19,treatment,0
USR_04701,2026-06-01 07:54:22,treatment,0
USR_10616,2026-06-01 07:54:25,treatment,0
USR_02460,2026-06-01 07:56:52,treatment,0
USR_14796,2026-06-01 07:57:26,control,0
USR_19134,2026-06-01 07:58:03,treatment,0
USR_01959,2026-06-01 07:58:21,treatment,0
USR_03577,2026-06-01 07:59:44,treatment,0
USR_13051,2026-06-01 08:00:20,control,0
USR_01799,2026-06-01 08:02:12,control,0
USR_08130,2026-06-01 08:02:37,control,0
USR_16071,2026-06-01 08:02:45,treatment,0
USR_11391,2026-06-01 08:03:49,treatment,0
USR_18537,2026-06-01 08:04:11,treatment,0
USR_13250,2026-06-01 08:05:05,treatment,0
USR_11124,2026-06-01 08:05:53,treatment,1
USR_10629,2026-06-01 08:06:11,control,0
USR_12076,2026-06-01 08:07:03,control,0
USR_14985,2026-06-01 08:09:46,control,0
USR_14677,2026-06-01 08:09:58,control,0
USR_14082,2026-06-01 08:10:15,treatment,0
USR_12280,2026-06-01 08:12:43,treatment,0
USR_12367,2026-06-01 08:12:43,treatment,0
USR_03785,2026-06-01 08:13:18,treatment,1
USR_03995,2026-06-01 08:13:41,treatment,0
USR_14539,2026-06-01 08:16:36,treatment,1
USR_03065,2026-06-01 08:16:57,treatment,0
USR_18463,2026-06-01 08:18:19,control,0
USR_13179,2026-06-01 08:19:03,control,0
USR_17492,2026-06-01 08:21:29,control,0
USR_09816,2026-06-01 08:21:58,treatment,0
USR_01511,2026-06-01 08:22:25,control,0
USR_16761,2026-06-01 08:23:27,treatment,0
USR_08693,2026-06-01 08:23:34,control,0
USR_07934,2026-06-01 08:25:42,treatment,0
USR_01474,2026-06-01 08:26:51,treatment,0
USR_15334,2026-06-01 08:28:24,treatment,1
USR_16804,2026-06-01 08:29:04,treatment,0
USR_00182,2026-06-01 08:30:57,control,0
USR_07441,2026-06-01 08:33:06,control,0
USR_05507,2026-06-01 08:33:13,control,0
USR_13560,2026-06-01 08:33:45,treatment,0
USR_13958,2026-06-01 08:34:57,treatment,0
USR_08781,2026-06-01 08:35:00,control,0
USR_15565,2026-06-01 08:37:07,control,0
USR_05854,2026-06-01 08:38:27,control,0
USR_13339,2026-06-01 08:38:55,control,0
USR_09182,2026-06-01 08:39:03,treatment,0
USR_14795,2026-06-01 08:40:44,control,0
USR_02043,2026-06-01 08:42:05,treatment,0
USR_11298,2026-06-01 08:42:43,treatment,0
USR_17166,2026-06-01 08:44:04,control,0
USR_07865,2026-06-01 08:47:29,control,0
USR_07817,2026-06-01 08:48:33,treatment,0
USR_03643,2026-06-01 08:48:45,treatment,0
USR_08381,2026-06-01 08:49:52,treatment,0
USR_06009,2026-06-01 08:52:15,control,0
USR_03652,2026-06-01 08:53:55,treatment,0
USR_06568,2026-06-01 08:56:49,control,0
USR_10721,2026-06-01 08:56:52,treatment,0
USR_12673,2026-06-01 08:59:38,treatment,0
USR_18796,2026-06-01 08:59:58,control,0
USR_17635,2026-06-01 09:00:12,treatment,0
USR_02054,2026-06-01 09:03:31,control,0
USR_00813,2026-06-01 09:04:41,treatment,0
USR_01894,2026-06-01 09:05:20,treatment,0
USR_06517,2026-06-01 09:05:32,treatment,0
USR_01603,2026-06-01 09:06:44,treatment,0
USR_08809,2026-06-01 09:07:48,treatment,1
USR_05104,2026-06-01 09:10:49,treatment,1
USR_05959,2026-06-01 09:12:41,treatment,0
USR_01029,2026-06-01 09:16:24,treatment,0
USR_03695,2026-06-01 09:16:39,control,1
USR_15859,2026-06-01 09:17:16,control,0
USR_01154,2026-06-01 09:18:05,treatment,0
USR_09963,2026-06-01 09:18:30,treatment,0
USR_01826,2026-06-01 09:18:36,treatment,0
USR_13824,2026-06-01 09:19:23,control,0
USR_00466,2026-06-01 09:19:48,control,1
USR_19093,2026-06-01 09:22:23,control,0
USR_17107,2026-06-01 09:25:23,control,0
USR_10205,2026-06-01 09:25:34,treatment,0
USR_14743,2026-06-01 09:28:48,treatment,0
USR_19054,2026-06-01 09:29:39,treatment,0
USR_08507,2026-06-01 09:31:36,treatment,0
USR_15960,2026-06-01 09:32:21,control,0
USR_19414,2026-06-01 09:32:49,treatment,0
USR_11745,2026-06-01 09:33:08,control,0
USR_11937,2026-06-01 09:33:41,control,0
USR_02082,2026-06-01 09:36:34,control,0
USR_02935,2026-06-01 09:37:00,treatment,0
USR_11202,2026-06-01 09:38:12,treatment,0
USR_11068,2026-06-01 09:39:14,treatment,0
USR_11782,2026-06-01 09:40:11,treatment,0
USR_12460,2026-06-01 09:42:16,control,0
USR_04659,2026-06-01 09:43:05,control,1
USR_14656,2026-06-01 09:44:34,control,0
USR_13868,2026-06-01 09:44:36,treatment,0
USR_15208,2026-06-01 09:45:07,control,0
USR_10135,2026-06-01 09:46:02,control,0
USR_07667,2026-06-01 09:46:11,control,0
USR_12846,2026-06-01 09:46:47,control,0
USR_18124,2026-06-01 09:47:04,control,0
USR_06106,2026-06-01 09:47:09,control,0
USR_14694,2026-06-01 09:48:00,treatment,0
USR_01986,2026-06-01 09:48:14,treatment,0
USR_04243,2026-06-01 09:48:17,control,0
USR_17587,2026-06-01 09:49:31,treatment,0
USR_10591,2026-06-01 09:51:37,treatment,0
USR_03860,2026-06-01 09:51:56,treatment,0
USR_00983,2026-06-01 09:54:06,control,1
USR_15059,2026-06-01 09:57:27,treatment,0
USR_10547,2026-06-01 09:59:31,treatment,0
USR_11604,2026-06-01 10:00:22,treatment,0
USR_04312,2026-06-01 10:03:49,treatment,0
USR_08862,2026-06-01 10:04:55,treatment,0
USR_07135,2026-06-01 10:06:35,control,0
USR_15012,2026-06-01 10:06:57,treatment,0
USR_01884,2026-06-01 10:07:06,treatment,0
USR_15027,2026-06-01 10:08:19,control,0
USR_14805,2026-06-01 10:08:37,treatment,0
USR_15492,2026-06-01 10:11:18,treatment,0
USR_00048,2026-06-01 10:12:41,control,0
USR_02942,2026-06-01 10:13:48,treatment,0
USR_01683,2026-06-01 10:14:21,control,0
USR_18208,2026-06-01 10:14:41,control,0
USR_14572,2026-06-01 10:16:50,control,0
USR_18853,2026-06-01 10:17:04,treatment,0
USR_05522,2026-06-01 10:17:15,treatment,0
USR_00416,2026-06-01 10:18:08,treatment,0
USR_10450,2026-06-01 10:20:27,control,1
USR_15066,2026-06-01 10:21:39,treatment,0
USR_15324,2026-06-01 10:21:52,control,0
USR_06255,2026-06-01 10:23:46,control,0
USR_11776,2026-06-01 10:23:52,control,0
USR_03031,2026-06-01 10:24:33,control,0
USR_17422,2026-06-01 10:24:51,treatment,0
USR_11888,2026-06-01 10:26:13,treatment,0
USR_10391,2026-06-01 10:27:13,control,0
USR_19820,2026-06-01 10:31:00,control,1
USR_12730,2026-06-01 10:31:01,treatment,1
USR_15326,2026-06-01 10:34:59,treatment,0
USR_19555,2026-06-01 10:35:08,treatment,0
USR_18700,2026-06-01 10:36:39,control,0
USR_00175,2026-06-01 10:36:51,control,0
USR_02049,2026-06-01 10:37:07,treatment,0
USR_02756,2026-06-01 10:37:55,treatment,0
USR_18871,2026-06-01 10:40:19,treatment,0
USR_19571,2026-06-01 10:40:51,treatment,0
USR_08188,2026-06-01 10:43:19,treatment,1
USR_05550,2026-06-01 10:44:09,control,0
USR_02506,2026-06-01 10:45:08,control,0
USR_11680,2026-06-01 10:45:46,treatment,0
USR_11689,2026-06-01 10:47:59,treatment,0
USR_08039,2026-06-01 10:48:43,control,1
USR_05384,2026-06-01 10:51:04,treatment,0
USR_10777,2026-06-01 10:51:20,control,0
USR_18958,2026-06-01 10:52:10,treatment,0
USR_06030,2026-06-01 10:52:42,treatment,0
USR_12578,2026-06-01 10:53:45,treatment,0
USR_09134,2026-06-01 10:53:51,treatment,0
USR_01285,2026-06-01 10:54:01,control,1
USR_13410,2026-06-01 10:56:41,treatment,0
USR_16967,2026-06-01 10:58:08,control,0
USR_02782,2026-06-01 11:01:20,treatment,0
USR_01744,2026-06-01 11:03:16,treatment,0
USR_09524,2026-06-01 11:03:19,control,0
USR_07036,2026-06-01 11:03:57,treatment,0
USR_14003,2026-06-01 11:06:20,control,0
USR_08992,2026-06-01 11:07:01,control,0
USR_01763,2026-06-01 11:08:14,control,0
USR_09933,2026-06-01 11:08:25,control,0
USR_15645,2026-06-01 11:10:00,control,0
USR_05016,2026-06-01 11:11:24,control,0
USR_11736,2026-06-01 11:12:33,treatment,0
USR_15734,2026-06-01 11:14:19,control,0
USR_12180,2026-06-01 11:16:04,control,0
USR_18137,2026-06-01 11:16:24,treatment,0
USR_05785,2026-06-01 11:16:36,treatment,0
USR_13140,2026-06-01 11:17:35,control,0
USR_13357,2026-06-01 11:18:31,control,0
USR_15690,2026-06-01 11:20:07,treatment,0
USR_19764,2026-06-01 11:20:16,treatment,0
USR_15168,2026-06-01 11:20:56,control,0
USR_16691,2026-06-01 11:21:27,treatment,0
USR_00546,2026-06-01 11:23:21,control,0
USR_17349,2026-06-01 11:24:11,treatment,1
USR_08004,2026-06-01 11:25:08,control,0
USR_02510,2026-06-01 11:25:13,control,0
USR_19784,2026-06-01 11:25:38,control,0
USR_02116,2026-06-01 11:25:54,control,0
USR_00102,2026-06-01 11:26:18,treatment,0
USR_18505,2026-06-01 11:26:44,treatment,0
USR_07286,2026-06-01 11:28:10,treatment,0
USR_08239,2026-06-01 11:28:22,control,0
USR_07510,2026-06-01 11:29:48,treatment,0
USR_13612,2026-06-01 11:29:53,control,0
USR_07237,2026-06-01 11:31:43,control,0
USR_17845,2026-06-01 11:32:14,treatment,0
USR_01641,2026-06-01 11:32:23,control,0
USR_17612,2026-06-01 11:35:53,control,0
USR_07075,2026-06-01 11:38:13,control,0
USR_19527,2026-06-01 11:39:52,treatment,0
USR_03607,2026-06-01 11:39:53,treatment,0
USR_06000,2026-06-01 11:40:28,treatment,0
USR_19634,2026-06-01 11:41:13,control,0
USR_05161,2026-06-01 11:41:15,control,0
USR_06620,2026-06-01 11:41:34,treatment,0
USR_13119,2026-06-01 11:42:26,control,0
USR_02455,2026-06-01 11:42:28,control,0
USR_01386,2026-06-01 11:44:05,control,0
USR_00292,2026-06-01 11:45:29,treatment,0
USR_18487,2026-06-01 11:47:20,control,0
USR_10960,2026-06-01 11:47:58,control,0
USR_17463,2026-06-01 11:49:40,treatment,0
USR_08834,2026-06-01 11:49:42,control,0
USR_10012,2026-06-01 11:49:42,treatment,0
USR_03981,2026-06-01 11:53:02,treatment,0
USR_02934,2026-06-01 11:53:06,treatment,0
USR_02511,2026-06-01 11:53:42,control,0
USR_05488,2026-06-01 11:54:06,treatment,1
USR_11777,2026-06-01 11:54:44,treatment,0
USR_04332,2026-06-01 11:56:43,control,0
USR_04586,2026-06-01 11:57:50,treatment,0
USR_12883,2026-06-01 11:58:49,treatment,0
USR_19063,2026-06-01 12:00:00,treatment,0
USR_11942,2026-06-01 12:00:35,control,0
USR_10362,2026-06-01 12:03:06,control,0
USR_01554,2026-06-01 12:03:42,control,0
USR_05248,2026-06-01 12:03:57,treatment,0
USR_18127,2026-06-01 12:05:13,treatment,0
USR_12107,2026-06-01 12:05:18,control,0
USR_11369,2026-06-01 12:05:20,control,0
USR_03383,2026-06-01 12:05:24,control,0
USR_16925,2026-06-01 12:06:31,control,0
USR_07170,2026-06-01 12:06:46,treatment,0
USR_17318,2026-06-01 12:07:07,treatment,0
USR_13450,2026-06-01 12:07:34,treatment,0
USR_17142,2026-06-01 12:07:55,treatment,0
USR_18840,2026-06-01 12:09:39,control,0
USR_08608,2026-06-01 12:11:11,treatment,0
USR_16474,2026-06-01 12:11:31,treatment,0
USR_16145,2026-06-01 12:11:51,control,0
USR_10412,2026-06-01 12:12:07,control,0
USR_12054,2026-06-01 12:14:09,control,0
USR_08447,2026-06-01 12:14:42,control,1
USR_14622,2026-06-01 12:15:46,control,0
USR_10739,2026-06-01 12:17:08,control,0
USR_06312,2026-06-01 12:17:17,control,0
USR_09379,2026-06-01 12:19:20,control,0
USR_12544,2026-06-01 12:19:22,treatment,0
USR_14259,2026-06-01 12:19:51,control,0
USR_16135,2026-06-01 12:20:04,treatment,0
USR_00351,2026-06-01 12:20:59,control,0
USR_07175,2026-06-01 12:21:27,control,0
USR_16936,2026-06-01 12:22:48,control,0
USR_10829,2026-06-01 12:23:48,control,0
USR_08086,2026-06-01 12:24:49,control,0
USR_00603,2026-06-01 12:26:07,treatment,0
USR_12195,2026-06-01 12:26:59,control,0
USR_12521,2026-06-01 12:27:45,control,0
USR_04826,2026-06-01 12:28:16,control,0
USR_05357,2026-06-01 12:28:26,control,0
USR_15495,2026-06-01 12:29:34,control,0
USR_13833,2026-06-01 12:30:37,control,0
USR_18950,2026-06-01 12:31:34,control,0
USR_08330,2026-06-01 12:31:40,treatment,0
USR_16933,2026-06-01 12:31:45,treatment,0
USR_14121,2026-06-01 12:32:50,treatment,0
USR_04572,2026-06-01 12:33:25,control,0
USR_13149,2026-06-01 12:34:08,control,0
USR_00530,2026-06-01 12:34:29,treatment,0
USR_12262,2026-06-01 12:34:32,control,0
USR_10084,2026-06-01 12:34:44,treatment,1
USR_10770,2026-06-01 12:35:06,treatment,0
USR_11042,2026-06-01 12:35:26,treatment,0
USR_14702,2026-06-01 12:37:36,control,0
USR_04385,2026-06-01 12:39:56,control,0
USR_00614,2026-06-01 12:40:01,treatment,0
USR_01587,2026-06-01 12:40:09,treatment,0
USR_12402,2026-06-01 12:40:10,control,0
USR_05918,2026-06-01 12:40:49,treatment,0
USR_03475,2026-06-01 12:40:53,control,0
USR_12849,2026-06-01 12:41:39,treatment,0
USR_14280,2026-06-01 12:42:22,control,0
USR_11110,2026-06-01 12:43:39,control,0
USR_07554,2026-06-01 12:43:52,treatment,0
USR_10285,2026-06-01 12:45:15,control,0
USR_00967,2026-06-01 12:46:12,control,0
USR_10357,2026-06-01 12:47:42,control,0
USR_06899,2026-06-01 12:48:14,control,0
USR_18486,2026-06-01 12:49:45,control,0
USR_05503,2026-06-01 12:50:10,treatment,0
USR_13037,2026-06-01 12:50:52,control,0
USR_08406,2026-06-01 12:51:13,treatment,0
USR_16265,2026-06-01 12:52:49,control,0
USR_18389,2026-06-01 12:52:59,control,0
USR_17901,2026-06-01 12:53:01,treatment,0
USR_03775,2026-06-01 12:53:56,treatment,0
USR_15109,2026-06-01 12:56:36,treatment,0
USR_01976,2026-06-01 12:57:15,control,0
USR_02752,2026-06-01 12:58:06,treatment,0
USR_01940,2026-06-01 12:58:36,treatment,0
USR_04928,2026-06-01 12:59:42,control,0
USR_11257,2026-06-01 12:59:43,control,0
USR_07197,2026-06-01 13:00:04,treatment,0
USR_01300,2026-06-01 13:00:11,control,0
USR_08270,2026-06-01 13:00:25,control,0
USR_09430,2026-06-01 13:00:27,control,0
USR_09272,2026-06-01 13:00:28,treatment,0
USR_11606,2026-06-01 13:02:43,control,0
USR_16988,2026-06-01 13:03:14,treatment,0
USR_11204,2026-06-01 13:04:08,treatment,0
USR_03355,2026-06-01 13:05:50,control,0
USR_12619,2026-06-01 13:06:31,control,0
USR_11466,2026-06-01 13:09:18,treatment,0
USR_18065,2026-06-01 13:09:38,treatment,0
USR_12401,2026-06-01 13:10:48,control,0
USR_09561,2026-06-01 13:10:55,control,0
USR_12868,2026-06-01 13:11:26,treatment,1
USR_19380,2026-06-01 13:12:28,treatment,0
USR_00583,2026-06-01 13:15:28,control,0
USR_11641,2026-06-01 13:16:17,treatment,0
USR_00500,2026-06-01 13:16:53,control,0
USR_19448,2026-06-01 13:19:31,treatment,0
USR_17174,2026-06-01 13:19:32,treatment,0
USR_08752,2026-06-01 13:19:46,treatment,0
USR_12587,2026-06-01 13:20:29,control,0
USR_16002,2026-06-01 13:22:08,treatment,0
USR_07508,2026-06-01 13:22:09,treatment,0
USR_11841,2026-06-01 13:22:25,treatment,0
USR_00183,2026-06-01 13:22:44,treatment,0
USR_00705,2026-06-01 13:24:47,treatment,0
USR_14668,2026-06-01 13:24:54,control,1
USR_11334,2026-06-01 13:25:08,treatment,0
USR_01778,2026-06-01 13:25:32,treatment,0
USR_04931,2026-06-01 13:26:34,treatment,0
USR_08534,2026-06-01 13:27:09,treatment,0
USR_02858,2026-06-01 13:27:53,control,0
USR_00380,2026-06-01 13:28:48,treatment,0
USR_13819,2026-06-01 13:30:17,treatment,0
USR_07769,2026-06-01 13:30:25,treatment,0
USR_09713,2026-06-01 13:30:37,control,0
USR_00276,2026-06-01 13:31:49,treatment,0
USR_05394,2026-06-01 13:32:03,control,0
USR_17048,2026-06-01 13:33:07,control,0
USR_06380,2026-06-01 13:33:49,control,0
USR_00589,2026-06-01 13:38:50,treatment,0
USR_19169,2026-06-01 13:39:17,treatment,0
USR_03333,2026-06-01 13:39:25,treatment,0
USR_12516,2026-06-01 13:41:34,control,0
USR_16915,2026-06-01 13:45:55,control,0
USR_05399,2026-06-01 13:46:52,control,0
USR_11595,2026-06-01 13:47:43,control,0
USR_14623,2026-06-01 13:48:18,control,0
USR_16099,2026-06-01 13:48:18,control,0
USR_00868,2026-06-01 13:51:47,treatment,0
USR_17325,2026-06-01 13:51:54,treatment,0
USR_02732,2026-06-01 13:52:47,control,0
USR_05734,2026-06-01 13:53:32,control,0
USR_06747,2026-06-01 13:54:25,control,0
USR_02481,2026-06-01 13:56:22,treatment,0
USR_19897,2026-06-01 13:56:24,control,0
USR_15825,2026-06-01 13:56:31,treatment,0
USR_03871,2026-06-01 13:56:49,control,0
USR_09538,2026-06-01 13:57:04,treatment,0
USR_16375,2026-06-01 13:59:46,control,0
USR_11949,2026-06-01 13:59:56,control,0
USR_13901,2026-06-01 14:00:48,control,0
USR_01609,2026-06-01 14:00:50,treatment,0
USR_01721,2026-06-01 14:02:40,control,0
USR_02189,2026-06-01 14:03:32,treatment,0
USR_04423,2026-06-01 14:03:56,treatment,0
USR_18970,2026-06-01 14:04:38,treatment,0
USR_15113,2026-06-01 14:05:10,treatment,0
USR_05392,2026-06-01 14:05:17,treatment,0
USR_01301,2026-06-01 14:06:52,treatment,0
USR_14872,2026-06-01 14:07:02,treatment,0
USR_14041,2026-06-01 14:07:22,control,0
USR_11417,2026-06-01 14:08:59,treatment,0
USR_05660,2026-06-01 14:09:02,treatment,0
USR_13073,2026-06-01 14:09:10,control,0
USR_12564,2026-06-01 14:10:55,control,0
USR_01843,2026-06-01 14:12:06,treatment,0
USR_09428,2026-06-01 14:14:27,treatment,0
USR_06436,2026-06-01 14:16:09,treatment,0
USR_13232,2026-06-01 14:16:16,control,0
USR_15038,2026-06-01 14:17:15,treatment,0
USR_11589,2026-06-01 14:18:42,treatment,0
USR_12568,2026-06-01 14:18:47,treatment,0
USR_19285,2026-06-01 14:19:29,control,1
USR_15393,2026-06-01 14:21:26,control,0
USR_18300,2026-06-01 14:21:37,treatment,0
USR_02983,2026-06-01 14:22:10,control,0
USR_12656,2026-06-01 14:22:16,treatment,0
USR_12474,2026-06-01 14:22:34,treatment,0
USR_13155,2026-06-01 14:23:30,control,0
USR_11384,2026-06-01 14:24:03,control,0
USR_12143,2026-06-01 14:24:39,treatment,0
USR_16676,2026-06-01 14:25:22,control,0
USR_03752,2026-06-01 14:27:30,control,0
USR_16440,2026-06-01 14:27:34,treatment,0
USR_19606,2026-06-01 14:29:35,treatment,0
USR_04630,2026-06-01 14:31:06,control,0
USR_04544,2026-06-01 14:31:32,control,0
USR_03554,2026-06-01 14:32:16,treatment,0
USR_15278,2026-06-01 14:33:01,control,0
USR_02042,2026-06-01 14:33:05,control,0
USR_03358,2026-06-01 14:33:05,control,1
USR_06813,2026-06-01 14:33:40,treatment,0
USR_01661,2026-06-01 14:34:12,control,0
USR_17163,2026-06-01 14:34:30,control,0
USR_13344,2026-06-01 14:34:33,treatment,0
USR_04049,2026-06-01 14:36:25,treatment,0
USR_11567,2026-06-01 14:39:13,treatment,0
USR_10101,2026-06-01 14:42:25,control,0
USR_00764,2026-06-01 14:43:04,treatment,0
USR_11341,2026-06-01 14:43:37,control,0
USR_13702,2026-06-01 14:44:34,control,0
USR_07293,2026-06-01 14:45:11,control,1
USR_03581,2026-06-01 14:45:42,control,0
USR_06237,2026-06-01 14:46:00,treatment,0
USR_11991,2026-06-01 14:46:12,control,0
USR_10685,2026-06-01 14:46:34,treatment,0
USR_02892,2026-06-01 14:47:36,treatment,0
USR_15040,2026-06-01 14:48:03,control,0
USR_12864,2026-06-01 14:48:05,treatment,0
USR_02144,2026-06-01 14:48:51,treatment,0
USR_09181,2026-06-01 14:52:17,control,0
USR_19638,2026-06-01 14:52:19,treatment,0
USR_06929,2026-06-01 14:52:49,treatment,0
USR_05763,2026-06-01 14:53:03,control,0
USR_05723,2026-06-01 14:53:41,control,0
USR_15254,2026-06-01 14:54:45,control,0
USR_06170,2026-06-01 14:57:06,control,0
USR_08476,2026-06-01 14:58:22,control,0
USR_05629,2026-06-01 14:58:52,treatment,0
USR_03055,2026-06-01 14:59:32,treatment,0
USR_00573,2026-06-01 15:01:42,treatment,0
USR_08643,2026-06-01 15:03:03,control,0
USR_02296,2026-06-01 15:05:22,control,0
USR_13007,2026-06-01 15:06:40,control,0
USR_05301,2026-06-01 15:07:19,treatment,0
USR_02504,2026-06-01 15:07:30,treatment,0
USR_15161,2026-06-01 15:09:25,control,0
USR_02376,2026-06-01 15:09:31,treatment,0
USR_18728,2026-06-01 15:09:44,control,0
USR_13990,2026-06-01 15:12:21,control,0
USR_09487,2026-06-01 15:12:45,control,0
USR_15314,2026-06-01 15:13:10,treatment,0
USR_17343,2026-06-01 15:13:46,treatment,0
USR_08115,2026-06-01 15:13:47,treatment,0
USR_14084,2026-06-01 15:14:28,control,0
USR_15544,2026-06-01 15:14:39,treatment,0
USR_13739,2026-06-01 15:16:52,control,0
USR_10189,2026-06-01 15:16:56,treatment,0
USR_15218,2026-06-01 15:18:07,control,0
USR_19982,2026-06-01 15:18:52,treatment,0
USR_06855,2026-06-01 15:20:44,control,0
USR_13725,2026-06-01 15:21:10,control,0
USR_16770,2026-06-01 15:22:42,treatment,0
USR_01593,2026-06-01 15:22:49,treatment,0
USR_15073,2026-06-01 15:27:59,treatment,0
USR_09576,2026-06-01 15:30:05,treatment,0
USR_16813,2026-06-01 15:32:45,control,0
USR_01728,2026-06-01 15:33:03,control,0
USR_10228,2026-06-01 15:36:23,treatment,0
USR_09511,2026-06-01 15:37:15,control,0
USR_00493,2026-06-01 15:37:43,control,0
USR_13468,2026-06-01 15:38:36,treatment,0
USR_02017,2026-06-01 15:40:33,control,0
USR_16725,2026-06-01 15:41:55,treatment,0
USR_17881,2026-06-01 15:42:41,control,0
USR_13815,2026-06-01 15:43:04,control,0
USR_19337,2026-06-01 15:43:35,treatment,0
USR_02159,2026-06-01 15:43:38,control,0
USR_13730,2026-06-01 15:44:30,control,0
USR_07381,2026-06-01 15:44:58,control,0
USR_09317,2026-06-01 15:45:18,treatment,0
USR_00275,2026-06-01 15:45:25,control,0
USR_05691,2026-06-01 15:45:46,treatment,0
USR_19875,2026-06-01 15:45:58,control,0
USR_00851,2026-06-01 15:47:48,control,0
USR_07484,2026-06-01 15:48:27,treatment,1
USR_09163,2026-06-01 15:48:37,control,0
USR_15943,2026-06-01 15:49:28,treatment,0
USR_01549,2026-06-01 15:50:36,control,0
USR_12944,2026-06-01 15:51:23,control,0
USR_08676,2026-06-01 15:53:58,control,0
USR_16230,2026-06-01 15:56:19,treatment,0
USR_13925,2026-06-01 15:57:00,control,0
USR_02573,2026-06-01 15:58:54,control,0
USR_10690,2026-06-01 16:01:16,treatment,0
USR_16907,2026-06-01 16:02:12,treatment,0
USR_15130,2026-06-01 16:03:33,control,0
USR_01901,2026-06-01 16:04:08,control,0
USR_03605,2026-06-01 16:04:32,control,0
USR_04508,2026-06-01 16:06:09,treatment,0
USR_03236,2026-06-01 16:06:54,control,0
USR_19004,2026-06-01 16:08:35,control,0
USR_06239,2026-06-01 16:08:36,treatment,0
USR_12541,2026-06-01 16:09:10,treatment,0
USR_09858,2026-06-01 16:10:33,treatment,1
USR_02781,2026-06-01 16:12:44,control,0
USR_13144,2026-06-01 16:14:34,control,0
USR_06901,2026-06-01 16:14:37,treatment,0
USR_05325,2026-06-01 16:17:23,treatment,0
USR_18560,2026-06-01 16:17:36,treatment,0
USR_06818,2026-06-01 16:19:18,treatment,0
USR_05534,2026-06-01 16:20:27,control,0
USR_04271,2026-06-01 16:22:26,control,0
USR_02483,2026-06-01 16:23:09,treatment,0
USR_05908,2026-06-01 16:23:39,control,0
USR_09783,2026-06-01 16:24:09,control,0
USR_12834,2026-06-01 16:24:35,treatment,0
USR_11471,2026-06-01 16:24:47,control,1
USR_18313,2026-06-01 16:25:55,treatment,0
USR_02620,2026-06-01 16:26:16,treatment,0
USR_04689,2026-06-01 16:26:38,treatment,0
USR_01111,2026-06-01 16:28:29,treatment,0
USR_12418,2026-06-01 16:28:48,control,0
USR_05354,2026-06-01 16:31:12,treatment,0
USR_09029,2026-06-01 16:31:22,treatment,0
USR_11896,2026-06-01 16:31:36,control,0
USR_12853,2026-06-01 16:32:26,treatment,0
USR_04637,2026-06-01 16:34:32,control,0
USR_04568,2026-06-01 16:36:00,control,0
USR_19451,2026-06-01 16:36:08,treatment,0
USR_01782,2026-06-01 16:37:01,control,1
USR_15792,2026-06-01 16:38:08,control,0
USR_06879,2026-06-01 16:38:15,treatment,0
USR_07784,2026-06-01 16:38:58,control,0
USR_09870,2026-06-01 16:39:59,control,0
USR_07375,2026-06-01 16:40:44,treatment,0
USR_02629,2026-06-01 16:40:59,control,0
USR_07060,2026-06-01 16:43:55,treatment,0
USR_03399,2026-06-01 16:44:12,treatment,0
USR_09447,2026-06-01 16:45:12,control,1
USR_10936,2026-06-01 16:46:20,treatment,0
USR_07678,2026-06-01 16:46:33,treatment,0
USR_01918,2026-06-01 16:47:08,control,0
USR_13494,2026-06-01 16:48:24,treatment,0
USR_08727,2026-06-01 16:48:39,control,0
USR_17123,2026-06-01 16:50:44,control,0
USR_17814,2026-06-01 16:51:23,control,0
USR_13889,2026-06-01 16:51:56,treatment,0
USR_16211,2026-06-01 16:52:57,control,0
USR_18977,2026-06-01 16:53:55,control,0
USR_07850,2026-06-01 16:54:14,control,0
USR_04855,2026-06-01 16:55:14,treatment,0
USR_08521,2026-06-01 16:56:05,treatment,0
USR_11515,2026-06-01 17:00:41,treatment,1
USR_02147,2026-06-01 17:02:04,treatment,0
USR_08245,2026-06-01 17:03:17,treatment,0
USR_09732,2026-06-01 17:03:54,control,0
USR_14232,2026-06-01 17:04:46,treatment,0
USR_16673,2026-06-01 17:06:21,control,0
USR_09616,2026-06-01 17:09:18,treatment,0
USR_05106,2026-06-01 17:10:07,control,0
USR_13607,2026-06-01 17:12:09,treatment,0
USR_10208,2026-06-01 17:14:23,treatment,0
USR_01314,2026-06-01 17:17:43,control,0
USR_14747,2026-06-01 17:20:02,treatment,0
USR_08413,2026-06-01 17:20:22,treatment,0
USR_16931,2026-06-01 17:21:07,control,0
USR_03800,2026-06-01 17:21:08,control,0
USR_00847,2026-06-01 17:21:42,treatment,1
USR_16956,2026-06-01 17:21:59,control,0
USR_06157,2026-06-01 17:22:14,control,0
USR_13877,2026-06-01 17:23:06,treatment,1
USR_09102,2026-06-01 17:23:50,control,0
USR_05042,2026-06-01 17:24:13,control,0
USR_05777,2026-06-01 17:25:18,control,0
USR_18574,2026-06-01 17:25:39,treatment,0
USR_05820,2026-06-01 17:26:25,treatment,0
USR_01204,2026-06-01 17:26:33,control,0
USR_17420,2026-06-01 17:27:03,treatment,0
USR_13261,2026-06-01 17:28:58,control,0
USR_07225,2026-06-01 17:29:03,treatment,0
USR_11730,2026-06-01 17:29:19,control,0
USR_02940,2026-06-01 17:30:01,treatment,0
USR_12858,2026-06-01 17:30:35,treatment,0
USR_15425,2026-06-01 17:32:17,treatment,0
USR_09470,2026-06-01 17:32:20,control,0
USR_14913,2026-06-01 17:34:21,control,0
USR_19375,2026-06-01 17:34:35,treatment,0
USR_02201,2026-06-01 17:34:57,treatment,0
USR_17266,2026-06-01 17:35:32,control,0
USR_06410,2026-06-01 17:35:48,treatment,0
USR_19185,2026-06-01 17:36:49,control,0
USR_01388,2026-06-01 17:36:54,treatment,0
USR_13514,2026-06-01 17:37:05,treatment,0
USR_11105,2026-06-01 17:38:52,control,0
USR_12788,2026-06-01 17:39:26,control,0
USR_09310,2026-06-01 17:41:13,treatment,0
USR_18186,2026-06-01 17:41:23,control,0
USR_06384,2026-06-01 17:41:38,treatment,0
USR_04363,2026-06-01 17:43:33,control,0
USR_18254,2026-06-01 17:44:31,control,0
USR_13921,2026-06-01 17:45:03,control,0
USR_02342,2026-06-01 17:45:27,treatment,0
USR_07704,2026-06-01 17:47:28,treatment,0
USR_18673,2026-06-01 17:48:06,control,0
USR_05061,2026-06-01 17:48:55,treatment,0
USR_00307,2026-06-01 17:49:00,control,0
USR_18134,2026-06-01 17:49:41,treatment,1
USR_03935,2026-06-01 17:50:02,control,0
USR_14504,2026-06-01 17:50:54,control,0
USR_16369,2026-06-01 17:52:13,treatment,0
USR_01239,2026-06-01 17:53:05,treatment,0
USR_17181,2026-06-01 17:54:11,treatment,0
USR_19244,2026-06-01 17:56:05,control,0
USR_07588,2026-06-01 17:56:07,treatment,1
USR_01035,2026-06-01 17:56:30,control,0
USR_10924,2026-06-01 17:57:06,treatment,0
USR_06560,2026-06-01 17:57:40,control,0
USR_11423,2026-06-01 17:59:30,control,0
USR_02733,2026-06-01 18:00:07,treatment,0
USR_05228,2026-06-01 18:00:40,control,0
USR_11323,2026-06-01 18:00:49,treatment,0
USR_08892,2026-06-01 18:01:39,control,0
USR_18715,2026-06-01 18:01:42,control,0
USR_04893,2026-06-01 18:01:44,treatment,0
USR_08617,2026-06-01 18:03:49,treatment,0
USR_15427,2026-06-01 18:05:29,treatment,0
USR_06072,2026-06-01 18:07:38,treatment,0
USR_00858,2026-06-01 18:09:13,control,0
USR_06027,2026-06-01 18:11:01,control,1
USR_19839,2026-06-01 18:11:31,treatment,1
USR_11205,2026-06-01 18:12:16,control,0
USR_10106,2026-06-01 18:12:27,control,0
USR_10859,2026-06-01 18:12:32,treatment,0
USR_09877,2026-06-01 18:12:33,control,0
USR_03891,2026-06-01 18:13:00,control,0
USR_05382,2026-06-01 18:13:12,treatment,1
USR_08841,2026-06-01 18:13:45,control,0
USR_06019,2026-06-01 18:14:34,control,0
USR_14062,2026-06-01 18:15:49,control,0
USR_12855,2026-06-01 18:16:08,control,0
USR_11625,2026-06-01 18:16:10,treatment,0
USR_07545,2026-06-01 18:17:23,treatment,0
USR_15502,2026-06-01 18:17:38,control,0
USR_02259,2026-06-01 18:18:17,treatment,0
USR_01199,2026-06-01 18:18:59,treatment,0
USR_10025,2026-06-01 18:21:31,control,0
USR_09677,2026-06-01 18:21:47,treatment,0
USR_04932,2026-06-01 18:21:55,control,0
USR_13279,2026-06-01 18:22:18,control,0
USR_12345,2026-06-01 18:22:21,treatment,0
USR_13705,2026-06-01 18:23:41,treatment,0
USR_09488,2026-06-01 18:24:07,treatment,0
USR_06431,2026-06-01 18:28:33,control,0
USR_00504,2026-06-01 18:30:48,treatment,0
USR_06938,2026-06-01 18:34:15,treatment,0
USR_08846,2026-06-01 18:34:49,control,0
USR_04055,2026-06-01 18:36:50,treatment,0
USR_19514,2026-06-01 18:36:51,control,0
USR_13272,2026-06-01 18:37:17,treatment,0
USR_19852,2026-06-01 18:37:32,control,0
USR_10604,2026-06-01 18:38:25,control,0
USR_05818,2026-06-01 18:39:08,treatment,0
USR_00451,2026-06-01 18:39:23,treatment,0
USR_07310,2026-06-01 18:40:29,control,0
USR_06959,2026-06-01 18:40:59,treatment,0
USR_02857,2026-06-01 18:42:05,control,0
USR_08474,2026-06-01 18:42:39,control,0
USR_06531,2026-06-01 18:43:29,control,0
USR_12640,2026-06-01 18:43:52,control,0
USR_07084,2026-06-01 18:43:58,treatment,0
USR_13594,2026-06-01 18:45:12,control,0
USR_13691,2026-06-01 18:46:19,control,0
USR_09085,2026-06-01 18:47:24,treatment,0
USR_01978,2026-06-01 18:47:27,control,0
USR_18111,2026-06-01 18:47:28,treatment,0
USR_05049,2026-06-01 18:47:33,control,0
USR_00838,2026-06-01 18:48:12,treatment,0
USR_02454,2026-06-01 18:48:33,control,0
USR_11948,2026-06-01 18:48:33,control,0
USR_09239,2026-06-01 18:48:34,control,0
USR_02416,2026-06-01 18:49:59,treatment,0
USR_19385,2026-06-01 18:50:19,treatment,0
USR_01177,2026-06-01 18:52:13,control,0
USR_08132,2026-06-01 18:54:54,treatment,0
USR_04684,2026-06-01 18:55:05,control,0
USR_12869,2026-06-01 18:55:08,treatment,0
USR_05244,2026-06-01 18:57:05,treatment,0
USR_01461,2026-06-01 18:57:49,control,0
USR_06050,2026-06-01 18:58:55,control,0
USR_14113,2026-06-01 19:01:32,treatment,0
USR_07406,2026-06-01 19:03:25,treatment,1
USR_18528,2026-06-01 19:04:37,control,0
USR_03070,2026-06-01 19:05:21,control,0
USR_12601,2026-06-01 19:06:04,control,0
USR_14488,2026-06-01 19:07:47,control,0
USR_04756,2026-06-01 19:07:50,treatment,0
USR_19427,2026-06-01 19:09:58,control,0
USR_13591,2026-06-01 19:10:49,control,0
USR_07790,2026-06-01 19:12:18,control,0
USR_01027,2026-06-01 19:12:21,treatment,1
USR_14682,2026-06-01 19:13:04,treatment,1
USR_00273,2026-06-01 19:13:07,control,0
USR_07537,2026-06-01 19:13:13,treatment,0
USR_04579,2026-06-01 19:15:44,treatment,0
USR_16680,2026-06-01 19:17:46,treatment,0
USR_14897,2026-06-01 19:19:50,treatment,0
USR_03969,2026-06-01 19:20:00,control,0
USR_19612,2026-06-01 19:21:43,control,0
USR_01791,2026-06-01 19:22:49,treatment,0
USR_15300,2026-06-01 19:23:14,treatment,0
USR_13154,2026-06-01 19:23:50,control,0
USR_12000,2026-06-01 19:23:51,treatment,1
USR_11989,2026-06-01 19:25:36,control,0
USR_11062,2026-06-01 19:28:06,control,1
USR_14116,2026-06-01 19:28:46,control,0
USR_06097,2026-06-01 19:30:10,treatment,0
USR_06126,2026-06-01 19:31:51,treatment,0
USR_12059,2026-06-01 19:32:33,control,1
USR_10901,2026-06-01 19:33:59,treatment,0
USR_05941,2026-06-01 19:34:01,treatment,0
USR_15791,2026-06-01 19:34:42,treatment,0
USR_00676,2026-06-01 19:37:01,treatment,0
USR_16760,2026-06-01 19:37:35,treatment,0
USR_08666,2026-06-01 19:37:40,treatment,0
USR_01579,2026-06-01 19:38:47,treatment,0
USR_13587,2026-06-01 19:39:53,control,0
USR_15685,2026-06-01 19:40:59,treatment,0
USR_11550,2026-06-01 19:41:49,treatment,0
USR_02574,2026-06-01 19:44:07,treatment,0
USR_12749,2026-06-01 19:44:24,treatment,0
USR_10701,2026-06-01 19:46:05,control,0
USR_07646,2026-06-01 19:46:51,control,0
USR_19670,2026-06-01 19:48:57,control,0
USR_09540,2026-06-01 19:50:10,treatment,0
USR_16592,2026-06-01 19:50:49,control,0
USR_04733,2026-06-01 19:53:49,treatment,0
USR_12128,2026-06-01 19:54:14,treatment,0
USR_00064,2026-06-01 19:54:54,treatment,0
USR_13717,2026-06-01 19:55:12,control,0
USR_14778,2026-06-01 19:55:21,control,0
USR_03040,2026-06-01 19:55:34,treatment,0
USR_06577,2026-06-01 19:57:43,control,0
USR_03887,2026-06-01 19:57:51,control,0
USR_05119,2026-06-01 19:57:52,treatment,0
USR_16394,2026-06-01 20:00:56,control,0
USR_02034,2026-06-01 20:02:30,treatment,0
USR_14877,2026-06-01 20:03:09,control,0
USR_06613,2026-06-01 20:03:40,control,0
USR_10670,2026-06-01 20:04:18,control,0
USR_01467,2026-06-01 20:04:43,treatment,1
USR_04988,2026-06-01 20:06:44,treatment,0
USR_13862,2026-06-01 20:07:18,treatment,0
USR_05942,2026-06-01 20:08:39,control,0
USR_12706,2026-06-01 20:09:46,treatment,0
USR_03171,2026-06-01 20:11:31,control,0
USR_07759,2026-06-01 20:13:40,control,0
USR_19542,2026-06-01 20:16:21,control,0
USR_07244,2026-06-01 20:16:52,treatment,0
USR_17736,2026-06-01 20:17:41,treatment,0
USR_01089,2026-06-01 20:18:55,control,0
USR_07595,2026-06-01 20:19:07,control,0
USR_19179,2026-06-01 20:20:08,treatment,0
USR_03445,2026-06-01 20:22:14,control,0
USR_03243,2026-06-01 20:22:48,control,0
USR_15550,2026-06-01 20:23:26,control,0
USR_07880,2026-06-01 20:23:35,control,0
USR_04933,2026-06-01 20:24:52,control,1
USR_18044,2026-06-01 20:26:28,control,0
USR_17921,2026-06-01 20:27:20,control,0
USR_08165,2026-06-01 20:27:43,treatment,1
USR_19016,2026-06-01 20:28:56,control,0
USR_02026,2026-06-01 20:30:30,treatment,0
USR_10510,2026-06-01 20:31:44,treatment,0
USR_09781,2026-06-01 20:32:49,control,0
USR_05982,2026-06-01 20:33:27,control,1
USR_14247,2026-06-01 20:33:39,control,0
USR_14211,2026-06-01 20:34:41,control,0
USR_00158,2026-06-01 20:35:28,control,0
USR_16911,2026-06-01 20:36:07,treatment,0
USR_17840,2026-06-01 20:36:42,control,0
USR_18606,2026-06-01 20:37:07,control,0
USR_19415,2026-06-01 20:38:43,treatment,0
USR_17524,2026-06-01 20:38:43,control,0
USR_06984,2026-06-01 20:41:36,treatment,0
USR_00181,2026-06-01 20:42:44,control,0
USR_17698,2026-06-01 20:43:12,treatment,0
USR_02222,2026-06-01 20:44:56,treatment,0
USR_14395,2026-06-01 20:45:32,treatment,0
USR_11817,2026-06-01 20:47:40,control,0
USR_07024,2026-06-01 20:47:55,control,0
USR_03958,2026-06-01 20:49:13,treatment,0
USR_00711,2026-06-01 20:50:12,control,0
USR_19773,2026-06-01 20:50:14,treatment,0
USR_18369,2026-06-01 20:51:13,treatment,0
USR_05903,2026-06-01 20:51:25,control,0
USR_01828,2026-06-01 20:51:27,treatment,0
USR_13203,2026-06-01 20:51:48,control,0
USR_01772,2026-06-01 20:51:51,control,0
USR_07609,2026-06-01 20:51:51,treatment,0
USR_11742,2026-06-01 20:52:33,treatment,0
USR_10165,2026-06-01 20:52:59,control,0
USR_04470,2026-06-01 20:53:49,control,1
USR_10401,2026-06-01 20:54:04,control,0
USR_18266,2026-06-01 20:57:42,control,0
USR_08523,2026-06-01 20:59:18,control,0
USR_17409,2026-06-01 21:01:36,control,0
USR_16502,2026-06-01 21:02:00,control,0
USR_01793,2026-06-01 21:02:39,control,0
USR_15841,2026-06-01 21:04:37,control,0
USR_09530,2026-06-01 21:05:21,control,0
USR_01877,2026-06-01 21:05:23,control,0
USR_14556,2026-06-01 21:05:56,control,0
USR_17243,2026-06-01 21:06:43,control,1
USR_19435,2026-06-01 21:07:05,control,0
USR_02624,2026-06-01 21:07:37,treatment,0
USR_08391,2026-06-01 21:07:41,treatment,0
USR_16784,2026-06-01 21:08:09,treatment,0
USR_17037,2026-06-01 21:08:12,treatment,0
USR_15148,2026-06-01 21:09:11,treatment,0
USR_10576,2026-06-01 21:10:27,control,0
USR_15491,2026-06-01 21:13:28,treatment,0
USR_11476,2026-06-01 21:14:39,control,0
USR_14188,2026-06-01 21:15:24,treatment,0
USR_12486,2026-06-01 21:15:54,control,0
USR_14397,2026-06-01 21:15:59,treatment,0
USR_07727,2026-06-01 21:17:32,treatment,0
USR_16499,2026-06-01 21:17:36,control,0
USR_02862,2026-06-01 21:18:19,control,0
USR_00453,2026-06-01 21:18:40,control,0
USR_13842,2026-06-01 21:19:24,treatment,0
USR_06476,2026-06-01 21:19:58,treatment,0
USR_15129,2026-06-01 21:20:40,control,0
USR_09165,2026-06-01 21:23:12,control,0
USR_18627,2026-06-01 21:24:05,control,0
USR_16891,2026-06-01 21:24:09,control,0
USR_11974,2026-06-01 21:24:43,treatment,0
USR_12309,2026-06-01 21:25:37,control,0
USR_16399,2026-06-01 21:25:56,control,0
USR_09968,2026-06-01 21:26:41,treatment,0
USR_06215,2026-06-01 21:27:40,treatment,0
USR_11831,2026-06-01 21:28:53,treatment,0
USR_16603,2026-06-01 21:30:00,control,0
USR_18239,2026-06-01 21:30:00,treatment,0
USR_01701,2026-06-01 21:34:01,treatment,0
USR_00634,2026-06-01 21:34:26,control,0
USR_16623,2026-06-01 21:35:25,treatment,0
USR_15151,2026-06-01 21:35:59,treatment,0
USR_13001,2026-06-01 21:36:06,control,0
USR_16651,2026-06-01 21:37:17,control,0
USR_06883,2026-06-01 21:38:15,control,0
USR_08570,2026-06-01 21:38:19,control,0
USR_12081,2026-06-01 21:39:34,control,0
USR_11083,2026-06-01 21:40:00,control,0
USR_12091,2026-06-01 21:41:45,control,0
USR_05582,2026-06-01 21:42:11,control,0
USR_02124,2026-06-01 21:42:27,treatment,0
USR_16411,2026-06-01 21:44:32,control,0
USR_17637,2026-06-01 21:45:45,control,0
USR_02808,2026-06-01 21:47:28,treatment,0
USR_15843,2026-06-01 21:47:31,control,0
USR_08728,2026-06-01 21:47:37,treatment,0
USR_05386,2026-06-01 21:48:25,treatment,0
USR_15026,2026-06-01 21:49:31,control,0
USR_02721,2026-06-01 21:51:12,treatment,0
USR_18742,2026-06-01 21:52:35,control,0
USR_04584,2026-06-01 21:55:01,treatment,0
USR_14879,2026-06-01 21:57:07,treatment,0
USR_00401,2026-06-01 21:58:34,treatment,0
USR_16089,2026-06-01 21:58:58,control,0
USR_18238,2026-06-01 21:59:06,control,0
USR_13039,2026-06-01 21:59:07,treatment,0
USR_17699,2026-06-01 22:01:23,control,0
USR_03515,2026-06-01 22:01:37,treatment,0
USR_04140,2026-06-01 22:01:38,treatment,0
USR_04723,2026-06-01 22:02:11,treatment,0
USR_12627,2026-06-01 22:03:55,treatment,0
USR_16087,2026-06-01 22:04:54,treatment,0
USR_12386,2026-06-01 22:05:07,control,0
USR_14528,2026-06-01 22:07:06,treatment,1
USR_03922,2026-06-01 22:07:51,control,0
USR_01908,2026-06-01 22:09:16,control,0
USR_13849,2026-06-01 22:09:30,treatment,1
USR_08400,2026-06-01 22:11:03,treatment,1
USR_11121,2026-06-01 22:12:29,control,0
USR_14298,2026-06-01 22:12:55,treatment,0
USR_16289,2026-06-01 22:13:07,control,0
USR_18984,2026-06-01 22:16:42,control,0
USR_09489,2026-06-01 22:19:39,control,0
USR_00017,2026-06-01 22:19:56,treatment,0
USR_16898,2026-06-01 22:21:21,treatment,0
USR_19086,2026-06-01 22:21:23,control,0
USR_19926,2026-06-01 22:21:36,control,0
USR_05094,2026-06-01 22:22:36,treatment,0
USR_04384,2026-06-01 22:22:44,treatment,0
USR_16745,2026-06-01 22:23:23,treatment,0
USR_06488,2026-06-01 22:23:29,treatment,0
USR_10352,2026-06-01 22:23:54,control,0
USR_16511,2026-06-01 22:25:27,treatment,0
USR_16894,2026-06-01 22:25:52,treatment,0
USR_00860,2026-06-01 22:26:29,control,0
USR_04633,2026-06-01 22:28:04,treatment,0
USR_03635,2026-06-01 22:29:54,treatment,0
USR_01622,2026-06-01 22:31:05,treatment,0
USR_04549,2026-06-01 22:31:29,control,0
USR_10263,2026-06-01 22:31:57,control,0
USR_10232,2026-06-01 22:34:15,treatment,0
USR_10519,2026-06-01 22:37:34,treatment,0
USR_18176,2026-06-01 22:37:52,treatment,0
USR_08240,2026-06-01 22:38:11,control,0
USR_07497,2026-06-01 22:39:41,treatment,0
USR_01284,2026-06-01 22:40:28,treatment,1
USR_17041,2026-06-01 22:41:24,treatment,0
USR_17849,2026-06-01 22:42:46,treatment,0
USR_01319,2026-06-01 22:42:52,control,0
USR_05645,2026-06-01 22:42:54,control,0
USR_05467,2026-06-01 22:43:18,control,0
USR_17864,2026-06-01 22:43:28,control,0
USR_06377,2026-06-01 22:43:34,control,0
USR_08582,2026-06-01 22:44:05,treatment,0
USR_19367,2026-06-01 22:46:45,treatment,0
USR_02255,2026-06-01 22:47:58,control,0
USR_13077,2026-06-01 22:48:19,control,0
USR_19658,2026-06-01 22:48:39,treatment,0
USR_05520,2026-06-01 22:48:51,treatment,0
USR_16584,2026-06-01 22:48:57,control,1
USR_02641,2026-06-01 22:49:32,treatment,0
USR_01555,2026-06-01 22:49:46,treatment,0
USR_19716,2026-06-01 22:49:55,control,0
USR_11760,2026-06-01 22:51:07,treatment,1
USR_12320,2026-06-01 22:51:27,treatment,0
USR_15421,2026-06-01 22:53:43,treatment,1
USR_04766,2026-06-01 22:53:55,control,0
USR_11612,2026-06-01 22:55:49,treatment,0
USR_17236,2026-06-01 22:56:03,control,0
USR_02500,2026-06-01 22:57:58,control,0
USR_17218,2026-06-01 22:58:17,control,0
USR_02642,2026-06-01 22:58:48,treatment,0
USR_13756,2026-06-01 23:00:36,treatment,0
USR_09700,2026-06-01 23:00:59,treatment,0
USR_06229,2026-06-01 23:02:23,treatment,0
USR_03362,2026-06-01 23:03:21,treatment,0
USR_02569,2026-06-01 23:03:31,treatment,0
USR_06158,2026-06-01 23:03:34,treatment,0
USR_09384,2026-06-01 23:04:02,treatment,0
USR_05575,2026-06-01 23:04:19,control,0
USR_16705,2026-06-01 23:04:24,control,0
USR_10887,2026-06-01 23:05:17,treatment,0
USR_16435,2026-06-01 23:05:38,treatment,0
USR_01224,2026-06-01 23:06:29,treatment,0
USR_06477,2026-06-01 23:08:12,treatment,1
USR_00740,2026-06-01 23:08:41,control,0
USR_05742,2026-06-01 23:10:00,control,0
USR_19935,2026-06-01 23:10:08,treatment,0
USR_17947,2026-06-01 23:10:51,treatment,0
USR_01415,2026-06-01 23:10:54,treatment,0
USR_14469,2026-06-01 23:12:12,treatment,1
USR_18036,2026-06-01 23:13:15,control,0
USR_19010,2026-06-01 23:13:53,treatment,0
USR_17307,2026-06-01 23:14:29,control,0
USR_00704,2026-06-01 23:15:23,control,0
USR_12119,2026-06-01 23:15:46,control,1
USR_03801,2026-06-01 23:16:11,treatment,0
USR_01538,2026-06-01 23:16:40,control,0
USR_17869,2026-06-01 23:19:09,treatment,1
USR_01926,2026-06-01 23:19:31,treatment,0
USR_11932,2026-06-01 23:19:47,treatment,0
USR_17099,2026-06-01 23:19:56,treatment,0
USR_13043,2026-06-01 23:20:27,control,0
USR_19861,2026-06-01 23:20:59,control,0
USR_07210,2026-06-01 23:21:04,treatment,0
USR_17597,2026-06-01 23:23:15,treatment,0
USR_19914,2026-06-01 23:25:21,control,0
USR_19315,2026-06-01 23:27:10,treatment,0
USR_10047,2026-06-01 23:29:31,control,0
USR_08081,2026-06-01 23:30:13,control,0
USR_15930,2026-06-01 23:31:13,control,0
USR_14859,2026-06-01 23:31:49,control,1
USR_01650,2026-06-01 23:33:11,treatment,0
USR_10712,2026-06-01 23:34:13,treatment,0
USR_16589,2026-06-01 23:35:18,control,0
USR_19546,2026-06-01 23:36:42,control,0
USR_06584,2026-06-01 23:37:21,control,0
USR_17926,2026-06-01 23:37:30,treatment,0
USR_15115,2026-06-01 23:38:09,treatment,0
USR_10581,2026-06-01 23:38:25,control,0
USR_18154,2026-06-01 23:38:48,treatment,0
USR_01533,2026-06-01 23:39:01,control,0
USR_04030,2026-06-01 23:40:40,control,0
USR_12701,2026-06-01 23:42:50,treatment,0
USR_19330,2026-06-01 23:43:18,treatment,0
USR_06617,2026-06-01 23:43:21,treatment,0
USR_01860,2026-06-01 23:43:44,treatment,0
USR_12850,2026-06-01 23:46:07,treatment,0
USR_08358,2026-06-01 23:46:07,control,0
USR_07211,2026-06-01 23:47:03,control,0
USR_00419,2026-06-01 23:47:19,control,0
USR_18449,2026-06-01 23:47:20,treatment,0
USR_19044,2026-06-01 23:47:21,control,0
USR_17360,2026-06-01 23:47:55,treatment,0
USR_01242,2026-06-01 23:51:34,control,0
USR_02335,2026-06-01 23:53:49,treatment,0
USR_07833,2026-06-01 23:55:23,control,0
USR_10785,2026-06-01 23:56:17,treatment,0
USR_09554,2026-06-01 23:58:20,treatment,0
USR_17074,2026-06-01 23:58:36,treatment,1
USR_13642,2026-06-01 23:59:01,treatment,0
USR_07319,2026-06-01 23:59:44,treatment,0
USR_02945,2026-06-02 00:02:27,treatment,0
USR_16825,2026-06-02 00:03:31,treatment,0
USR_01266,2026-06-02 00:05:07,treatment,0
USR_14014,2026-06-02 00:06:10,treatment,0
USR_00841,2026-06-02 00:06:25,treatment,0
USR_03976,2026-06-02 00:08:44,control,0
USR_18056,2026-06-02 00:10:00,control,0
USR_04203,2026-06-02 00:10:05,control,0
USR_14310,2026-06-02 00:11:27,treatment,0
USR_18424,2026-06-02 00:13:52,treatment,0
USR_19355,2026-06-02 00:13:53,treatment,0
USR_11552,2026-06-02 00:14:32,control,0
USR_09743,2026-06-02 00:15:04,control,0
USR_06869,2026-06-02 00:15:33,control,0
USR_19944,2026-06-02 00:18:05,control,1
USR_10903,2026-06-02 00:18:36,treatment,0
USR_04288,2026-06-02 00:18:55,control,0
USR_19028,2026-06-02 00:20:20,control,0
USR_06189,2026-06-02 00:20:33,control,0
USR_15369,2026-06-02 00:20:56,control,0
USR_17763,2026-06-02 00:20:59,treatment,0
USR_15946,2026-06-02 00:21:58,control,0
USR_17352,2026-06-02 00:24:03,control,0
USR_08460,2026-06-02 00:24:15,treatment,0
USR_09242,2026-06-02 00:25:36,control,0
USR_01875,2026-06-02 00:25:51,treatment,0
USR_09647,2026-06-02 00:26:15,treatment,0
USR_18490,2026-06-02 00:26:31,treatment,0
USR_16897,2026-06-02 00:27:42,treatment,0
USR_16689,2026-06-02 00:28:00,control,0
USR_13485,2026-06-02 00:28:42,control,0
USR_13205,2026-06-02 00:29:24,treatment,0
USR_19782,2026-06-02 00:30:09,treatment,0
USR_10755,2026-06-02 00:30:33,control,0
USR_05539,2026-06-02 00:30:38,treatment,0
USR_18651,2026-06-02 00:30:51,control,0
USR_13008,2026-06-02 00:33:19,control,0
USR_08038,2026-06-02 00:33:30,control,0
USR_02865,2026-06-02 00:36:02,treatment,0
USR_01270,2026-06-02 00:36:58,treatment,0
USR_13904,2026-06-02 00:39:41,treatment,0
USR_11037,2026-06-02 00:40:27,treatment,0
USR_10440,2026-06-02 00:41:48,treatment,0
USR_13456,2026-06-02 00:43:40,control,0
USR_18298,2026-06-02 00:44:20,control,0
USR_16900,2026-06-02 00:45:09,control,0
USR_13393,2026-06-02 00:45:56,control,0
USR_17084,2026-06-02 00:46:25,treatment,0
USR_14173,2026-06-02 00:47:00,treatment,0
USR_17026,2026-06-02 00:49:19,treatment,1
USR_13298,2026-06-02 00:52:18,treatment,0
USR_03527,2026-06-02 00:52:21,treatment,0
USR_02162,2026-06-02 00:53:14,treatment,0
USR_08016,2026-06-02 00:53:26,control,0
USR_15184,2026-06-02 00:53:38,treatment,0
USR_04858,2026-06-02 00:53:58,control,0
USR_01182,2026-06-02 00:57:01,control,0
USR_15506,2026-06-02 00:59:10,control,0
USR_12417,2026-06-02 00:59:57,treatment,0
USR_01488,2026-06-02 01:01:01,control,0
USR_12814,2026-06-02 01:01:45,control,0
USR_07097,2026-06-02 01:02:14,control,0
USR_05725,2026-06-02 01:05:19,treatment,0
USR_14208,2026-06-02 01:06:55,control,0
USR_13966,2026-06-02 01:10:30,control,0
USR_02081,2026-06-02 01:10:36,treatment,0
USR_18632,2026-06-02 01:11:02,treatment,0
USR_17007,2026-06-02 01:13:14,treatment,0
USR_04028,2026-06-02 01:14:09,treatment,0
USR_17802,2026-06-02 01:14:24,control,0
USR_11134,2026-06-02 01:15:07,control,0
USR_14842,2026-06-02 01:16:30,control,0
USR_04749,2026-06-02 01:16:46,control,0
USR_15724,2026-06-02 01:19:24,treatment,1
USR_02598,2026-06-02 01:19:42,control,0
USR_03552,2026-06-02 01:19:56,control,0
USR_17176,2026-06-02 01:20:55,control,1
USR_15745,2026-06-02 01:20:58,control,0
USR_07164,2026-06-02 01:21:16,treatment,0
USR_19570,2026-06-02 01:22:22,treatment,1
USR_03632,2026-06-02 01:23:22,control,0
USR_14127,2026-06-02 01:23:34,treatment,0
USR_06020,2026-06-02 01:24:30,treatment,0
USR_12735,2026-06-02 01:25:14,treatment,0
USR_05667,2026-06-02 01:26:09,treatment,0
USR_14286,2026-06-02 01:26:19,control,0
USR_13816,2026-06-02 01:27:59,treatment,0
USR_16166,2026-06-02 01:29:52,control,0
USR_13652,2026-06-02 01:31:32,control,0
USR_18569,2026-06-02 01:31:49,control,0
USR_02895,2026-06-02 01:32:58,control,0
USR_03840,2026-06-02 01:34:56,control,0
USR_03018,2026-06-02 01:34:58,treatment,0
USR_01040,2026-06-02 01:36:19,control,0
USR_14398,2026-06-02 01:37:43,control,0
USR_09206,2026-06-02 01:39:44,control,0
USR_06526,2026-06-02 01:41:40,control,0
USR_10426,2026-06-02 01:41:56,treatment,0
USR_14522,2026-06-02 01:42:04,treatment,0
USR_11644,2026-06-02 01:42:30,treatment,0
USR_16908,2026-06-02 01:45:04,control,0
USR_08196,2026-06-02 01:47:36,treatment,0
USR_12743,2026-06-02 01:49:41,control,0
USR_13927,2026-06-02 01:50:06,control,0
USR_17046,2026-06-02 01:50:11,treatment,0
USR_18228,2026-06-02 01:51:06,control,0
USR_08049,2026-06-02 01:52:57,treatment,0
USR_12397,2026-06-02 01:55:21,treatment,1
USR_09908,2026-06-02 01:56:37,control,0
USR_06008,2026-06-02 01:56:39,treatment,0
USR_18813,2026-06-02 01:58:16,treatment,0
USR_06511,2026-06-02 01:59:13,treatment,0
USR_03753,2026-06-02 02:00:53,treatment,0
USR_14262,2026-06-02 02:01:07,treatment,0
USR_05930,2026-06-02 02:02:18,control,0
USR_17567,2026-06-02 02:03:26,control,0
USR_04755,2026-06-02 02:05:01,control,1
USR_14387,2026-06-02 02:07:36,control,0
USR_08671,2026-06-02 02:07:59,treatment,0
USR_08808,2026-06-02 02:09:48,control,0
USR_00270,2026-06-02 02:10:09,treatment,0
USR_01021,2026-06-02 02:11:06,treatment,0
USR_10428,2026-06-02 02:12:38,control,0
USR_16564,2026-06-02 02:12:53,treatment,0
USR_02016,2026-06-02 02:15:16,control,0
USR_17928,2026-06-02 02:15:35,control,0
USR_04435,2026-06-02 02:15:43,treatment,0
USR_19730,2026-06-02 02:20:27,control,1
USR_02020,2026-06-02 02:20:31,treatment,1
USR_00871,2026-06-02 02:20:32,control,0
USR_15008,2026-06-02 02:20:37,treatment,1
USR_01067,2026-06-02 02:20:55,treatment,1
USR_10279,2026-06-02 02:22:44,control,0
USR_15160,2026-06-02 02:23:04,control,0
USR_13332,2026-06-02 02:25:33,control,0
USR_16716,2026-06-02 02:25:53,treatment,0
USR_16719,2026-06-02 02:27:08,control,0
USR_06291,2026-06-02 02:27:36,treatment,0
USR_00985,2026-06-02 02:29:29,treatment,0
USR_07337,2026-06-02 02:30:39,control,0
USR_05568,2026-06-02 02:30:47,control,0
USR_05889,2026-06-02 02:30:54,treatment,0
USR_13866,2026-06-02 02:32:05,treatment,0
USR_11496,2026-06-02 02:33:06,treatment,0
USR_05975,2026-06-02 02:33:35,treatment,0
USR_01422,2026-06-02 02:34:02,control,0
USR_06592,2026-06-02 02:34:05,treatment,0
USR_10432,2026-06-02 02:36:35,treatment,0
USR_04265,2026-06-02 02:37:19,treatment,0
USR_03187,2026-06-02 02:40:03,control,0
USR_03959,2026-06-02 02:42:07,treatment,0
USR_09171,2026-06-02 02:42:17,control,0
USR_00085,2026-06-02 02:42:27,treatment,0
USR_17945,2026-06-02 02:43:10,control,0
USR_04190,2026-06-02 02:43:15,treatment,0
USR_06509,2026-06-02 02:43:56,treatment,0
USR_07198,2026-06-02 02:44:14,treatment,1
USR_04391,2026-06-02 02:46:21,control,0
USR_15079,2026-06-02 02:47:02,control,0
USR_16175,2026-06-02 02:48:47,treatment,0
USR_17490,2026-06-02 02:49:25,treatment,0
USR_10559,2026-06-02 02:49:47,treatment,0
USR_13448,2026-06-02 02:49:50,treatment,0
USR_01350,2026-06-02 02:50:47,treatment,0
USR_04629,2026-06-02 02:51:03,treatment,1
USR_09728,2026-06-02 02:52:35,treatment,0
USR_05324,2026-06-02 02:52:54,control,0
USR_01807,2026-06-02 02:53:00,treatment,0
USR_01030,2026-06-02 02:53:14,control,0
USR_08343,2026-06-02 02:54:27,treatment,0
USR_07501,2026-06-02 02:57:35,treatment,0
USR_07584,2026-06-02 02:58:34,treatment,0
USR_15361,2026-06-02 02:58:59,control,0
USR_02457,2026-06-02 02:59:10,control,0
USR_12463,2026-06-02 02:59:33,treatment,1
USR_15386,2026-06-02 03:00:19,control,1
USR_10806,2026-06-02 03:01:44,control,0
USR_09172,2026-06-02 03:02:41,control,0
USR_17231,2026-06-02 03:03:23,treatment,0
USR_09168,2026-06-02 03:03:32,treatment,0
USR_10748,2026-06-02 03:04:46,control,0
USR_09521,2026-06-02 03:05:43,control,0
USR_14160,2026-06-02 03:05:44,control,0
USR_15289,2026-06-02 03:07:00,treatment,0
USR_01928,2026-06-02 03:09:28,treatment,0
USR_01418,2026-06-02 03:13:52,treatment,0
USR_19314,2026-06-02 03:13:59,treatment,0
USR_09161,2026-06-02 03:14:01,treatment,0
USR_04488,2026-06-02 03:14:43,treatment,0
USR_09322,2026-06-02 03:14:46,treatment,0
USR_10535,2026-06-02 03:15:04,control,0
USR_10153,2026-06-02 03:16:03,control,0
USR_08614,2026-06-02 03:16:10,control,0
USR_07563,2026-06-02 03:17:55,treatment,0
USR_18655,2026-06-02 03:18:10,treatment,0
USR_15658,2026-06-02 03:20:27,treatment,0
USR_09454,2026-06-02 03:21:14,treatment,0
USR_05021,2026-06-02 03:23:02,control,0
USR_00038,2026-06-02 03:24:03,treatment,0
USR_05675,2026-06-02 03:24:54,treatment,0
USR_17713,2026-06-02 03:25:18,control,0
USR_02006,2026-06-02 03:26:29,treatment,0
USR_09851,2026-06-02 03:27:52,treatment,0
USR_12582,2026-06-02 03:28:16,control,0
USR_02676,2026-06-02 03:28:24,control,0
USR_07530,2026-06-02 03:28:31,treatment,0
USR_11024,2026-06-02 03:30:36,control,0
USR_13802,2026-06-02 03:31:19,treatment,0
USR_06556,2026-06-02 03:31:54,treatment,1
USR_01231,2026-06-02 03:33:01,treatment,0
USR_11117,2026-06-02 03:33:01,treatment,0
USR_10198,2026-06-02 03:33:39,treatment,0
USR_09575,2026-06-02 03:35:24,treatment,0
USR_02131,2026-06-02 03:36:13,treatment,0
USR_18776,2026-06-02 03:36:29,control,0
USR_12249,2026-06-02 03:37:36,control,0
USR_19573,2026-06-02 03:40:11,control,0
USR_14049,2026-06-02 03:40:13,treatment,0
USR_07444,2026-06-02 03:41:32,treatment,0
USR_14329,2026-06-02 03:42:29,treatment,0
USR_05821,2026-06-02 03:43:02,treatment,0
USR_05640,2026-06-02 03:44:49,control,0
USR_15489,2026-06-02 03:44:55,control,0
USR_05999,2026-06-02 03:45:33,treatment,0
USR_10120,2026-06-02 03:46:04,treatment,0
USR_11855,2026-06-02 03:47:01,treatment,0
USR_04390,2026-06-02 03:47:17,control,0
USR_05540,2026-06-02 03:49:08,control,0
USR_07110,2026-06-02 03:49:11,control,0
USR_10376,2026-06-02 03:49:22,control,0
USR_19761,2026-06-02 03:49:25,control,0
USR_14812,2026-06-02 03:49:45,control,0
USR_15920,2026-06-02 03:49:50,control,0
USR_08576,2026-06-02 03:50:10,treatment,1
USR_13032,2026-06-02 03:50:16,treatment,0
USR_13947,2026-06-02 03:52:41,control,0
USR_09111,2026-06-02 03:53:28,control,0
USR_12666,2026-06-02 03:53:34,treatment,0
USR_08539,2026-06-02 03:54:25,treatment,0
USR_16659,2026-06-02 03:55:32,control,0
USR_09982,2026-06-02 03:56:44,control,0
USR_18570,2026-06-02 04:05:05,control,0
USR_16817,2026-06-02 04:05:22,treatment,0
USR_13850,2026-06-02 04:07:05,control,0
USR_14734,2026-06-02 04:08:31,control,1
USR_16160,2026-06-02 04:09:19,control,0
USR_00323,2026-06-02 04:10:16,control,1
USR_15899,2026-06-02 04:10:28,treatment,0
USR_19313,2026-06-02 04:10:39,control,0
USR_01503,2026-06-02 04:13:47,treatment,0
USR_00079,2026-06-02 04:14:19,treatment,0
USR_16208,2026-06-02 04:14:21,treatment,0
USR_10955,2026-06-02 04:16:31,control,0
USR_09478,2026-06-02 04:16:40,treatment,0
USR_13157,2026-06-02 04:17:36,control,0
USR_18261,2026-06-02 04:17:52,control,0
USR_06296,2026-06-02 04:20:25,control,0
USR_03855,2026-06-02 04:20:34,control,0
USR_06930,2026-06-02 04:20:47,treatment,0
USR_11869,2026-06-02 04:21:35,control,0
USR_15243,2026-06-02 04:22:53,control,0
USR_17391,2026-06-02 04:24:44,treatment,0
USR_13588,2026-06-02 04:24:59,control,0
USR_08550,2026-06-02 04:27:04,control,0
USR_11402,2026-06-02 04:29:07,treatment,0
USR_03756,2026-06-02 04:29:54,control,0
USR_03149,2026-06-02 04:30:02,treatment,0
USR_05047,2026-06-02 04:32:28,control,0
USR_07979,2026-06-02 04:33:28,treatment,0
USR_02301,2026-06-02 04:33:57,control,0
USR_19362,2026-06-02 04:34:23,control,1
USR_06087,2026-06-02 04:34:46,treatment,1
USR_08881,2026-06-02 04:39:14,control,0
USR_11415,2026-06-02 04:39:26,treatment,0
USR_14164,2026-06-02 04:39:57,control,0
USR_18414,2026-06-02 04:40:16,control,0
USR_10453,2026-06-02 04:40:32,treatment,0
USR_02905,2026-06-02 04:40:53,treatment,0
USR_15494,2026-06-02 04:41:37,control,0
USR_09555,2026-06-02 04:43:45,control,0
USR_00214,2026-06-02 04:45:12,treatment,0
USR_17707,2026-06-02 04:45:33,treatment,0
USR_19197,2026-06-02 04:45:33,treatment,0
USR_15451,2026-06-02 04:47:41,treatment,1
USR_01759,2026-06-02 04:48:35,control,1
USR_12821,2026-06-02 04:49:21,treatment,0
USR_02385,2026-06-02 04:50:30,control,0
USR_03151,2026-06-02 04:50:37,control,1
USR_14715,2026-06-02 04:50:49,control,0
USR_16386,2026-06-02 04:51:00,treatment,0
USR_04137,2026-06-02 04:51:34,control,0
USR_01751,2026-06-02 04:51:36,treatment,1
USR_06621,2026-06-02 04:53:12,control,0
USR_09323,2026-06-02 04:56:09,treatment,1
USR_09515,2026-06-02 04:56:09,treatment,0
USR_16773,2026-06-02 04:58:50,treatment,0
USR_11444,2026-06-02 04:59:12,treatment,0
USR_13482,2026-06-02 04:59:34,treatment,0
USR_19605,2026-06-02 05:00:21,treatment,0
USR_02126,2026-06-02 05:02:17,control,0
USR_11787,2026-06-02 05:03:37,treatment,0
USR_04842,2026-06-02 05:04:31,treatment,0
USR_11971,2026-06-02 05:04:53,control,0
USR_04781,2026-06-02 05:07:06,treatment,0
USR_16744,2026-06-02 05:10:54,treatment,0
USR_15664,2026-06-02 05:11:13,treatment,0
USR_13619,2026-06-02 05:11:15,control,0
USR_17484,2026-06-02 05:12:08,control,0
USR_16320,2026-06-02 05:12:16,treatment,0
USR_16806,2026-06-02 05:13:30,control,0
USR_18880,2026-06-02 05:13:32,control,0
USR_14606,2026-06-02 05:14:45,treatment,0
USR_00232,2026-06-02 05:15:06,treatment,1
USR_16531,2026-06-02 05:15:15,treatment,0
USR_10173,2026-06-02 05:15:32,control,0
USR_09788,2026-06-02 05:15:47,treatment,0
USR_16954,2026-06-02 05:16:06,control,0
USR_10538,2026-06-02 05:16:28,treatment,0
USR_18791,2026-06-02 05:16:45,treatment,0
USR_08519,2026-06-02 05:17:02,treatment,0
USR_00549,2026-06-02 05:17:43,control,0
USR_14540,2026-06-02 05:18:28,control,0
USR_07812,2026-06-02 05:20:34,control,0
USR_02210,2026-06-02 05:21:04,treatment,0
USR_14911,2026-06-02 05:22:39,treatment,0
USR_16723,2026-06-02 05:24:07,treatment,0
USR_02145,2026-06-02 05:24:08,treatment,0
USR_02161,2026-06-02 05:24:34,treatment,0
USR_05870,2026-06-02 05:24:39,control,0
USR_09402,2026-06-02 05:24:54,control,0
USR_01393,2026-06-02 05:25:46,control,0
USR_06950,2026-06-02 05:26:32,treatment,0
USR_01265,2026-06-02 05:26:55,control,0
USR_06744,2026-06-02 05:30:46,control,0
USR_14704,2026-06-02 05:31:38,control,0
USR_15284,2026-06-02 05:31:58,treatment,0
USR_04177,2026-06-02 05:31:59,control,0
USR_04802,2026-06-02 05:35:17,treatment,0
USR_04093,2026-06-02 05:35:22,treatment,0
USR_06269,2026-06-02 05:35:37,control,0
USR_10589,2026-06-02 05:36:13,control,0
USR_12210,2026-06-02 05:36:34,treatment,1
USR_01783,2026-06-02 05:38:53,treatment,0
USR_18731,2026-06-02 05:40:40,treatment,0
USR_17240,2026-06-02 05:41:45,control,0
USR_05416,2026-06-02 05:42:53,treatment,0
USR_07703,2026-06-02 05:43:21,treatment,0
USR_16139,2026-06-02 05:43:50,control,0
USR_14874,2026-06-02 05:43:56,treatment,0
USR_18602,2026-06-02 05:44:43,treatment,0
USR_10458,2026-06-02 05:44:56,treatment,0
USR_03705,2026-06-02 05:45:02,control,0
USR_12159,2026-06-02 05:45:27,control,0
USR_11513,2026-06-02 05:47:00,treatment,0
USR_08684,2026-06-02 05:49:36,control,1
USR_13184,2026-06-02 05:52:55,control,0
USR_06614,2026-06-02 05:53:40,control,0
USR_06706,2026-06-02 05:54:25,control,0
USR_19066,2026-06-02 05:55:40,treatment,0
USR_07395,2026-06-02 05:55:52,treatment,0
USR_07615,2026-06-02 05:56:04,control,0
USR_15567,2026-06-02 05:56:55,control,0
USR_03001,2026-06-02 05:57:51,control,0
USR_00566,2026-06-02 05:58:42,control,1
USR_07522,2026-06-02 05:58:47,treatment,0
USR_19118,2026-06-02 06:00:25,treatment,0
USR_07666,2026-06-02 06:00:30,control,1
USR_04873,2026-06-02 06:01:04,treatment,0
USR_10214,2026-06-02 06:02:18,treatment,0
USR_06139,2026-06-02 06:04:51,treatment,0
USR_17551,2026-06-02 06:06:27,treatment,0
USR_04514,2026-06-02 06:07:14,treatment,0
USR_14577,2026-06-02 06:07:34,control,0
USR_03197,2026-06-02 06:07:40,control,0
USR_08803,2026-06-02 06:08:05,treatment,0
USR_02765,2026-06-02 06:08:25,control,0
USR_13457,2026-06-02 06:08:27,control,0
USR_09741,2026-06-02 06:09:43,treatment,0
USR_17277,2026-06-02 06:10:31,treatment,0
USR_16041,2026-06-02 06:12:42,treatment,0
USR_07288,2026-06-02 06:13:25,treatment,0
USR_11551,2026-06-02 06:13:33,treatment,0
USR_01070,2026-06-02 06:13:58,control,0
USR_04176,2026-06-02 06:14:39,treatment,0
USR_05247,2026-06-02 06:16:38,control,0
USR_19881,2026-06-02 06:18:02,control,0
USR_15430,2026-06-02 06:18:29,treatment,0
USR_18806,2026-06-02 06:20:40,control,0
USR_13300,2026-06-02 06:21:04,control,0
USR_11739,2026-06-02 06:21:58,control,1
USR_17795,2026-06-02 06:23:55,control,0
USR_09827,2026-06-02 06:24:23,control,0
USR_11655,2026-06-02 06:24:51,treatment,0
USR_12302,2026-06-02 06:25:30,control,0
USR_07964,2026-06-02 06:26:13,control,0
USR_06948,2026-06-02 06:27:17,treatment,0
USR_01700,2026-06-02 06:27:40,control,0
USR_00639,2026-06-02 06:29:55,treatment,0
USR_03129,2026-06-02 06:30:47,control,0
USR_03698,2026-06-02 06:32:30,control,0
USR_09337,2026-06-02 06:33:45,treatment,0
USR_09064,2026-06-02 06:35:23,control,1
USR_18595,2026-06-02 06:35:38,control,0
USR_07815,2026-06-02 06:37:45,treatment,0
USR_12226,2026-06-02 06:39:13,control,0
USR_01529,2026-06-02 06:39:57,control,0
USR_10218,2026-06-02 06:40:02,control,0
USR_03937,2026-06-02 06:41:04,treatment,0
USR_04227,2026-06-02 06:41:21,treatment,0
USR_13900,2026-06-02 06:42:00,treatment,0
USR_07313,2026-06-02 06:42:10,treatment,0
USR_05524,2026-06-02 06:42:29,control,0
USR_06093,2026-06-02 06:43:03,control,0
USR_16949,2026-06-02 06:43:41,control,0
USR_18576,2026-06-02 06:44:25,control,0
USR_18177,2026-06-02 06:45:11,control,0
USR_09088,2026-06-02 06:45:23,control,0
USR_13255,2026-06-02 06:45:48,treatment,0
USR_04968,2026-06-02 06:47:30,control,0
USR_12891,2026-06-02 06:47:36,control,0
USR_10939,2026-06-02 06:48:34,control,0
USR_14561,2026-06-02 06:49:02,treatment,0
USR_07699,2026-06-02 06:49:02,control,0
USR_09409,2026-06-02 06:49:06,treatment,0
USR_14940,2026-06-02 06:49:54,treatment,0
USR_11822,2026-06-02 06:49:56,control,0
USR_02062,2026-06-02 06:50:01,treatment,0
USR_00111,2026-06-02 06:50:58,treatment,0
USR_00975,2026-06-02 06:51:05,treatment,0
USR_06597,2026-06-02 06:51:49,control,0
USR_06666,2026-06-02 06:51:55,treatment,0
USR_15566,2026-06-02 06:52:58,treatment,0
USR_19593,2026-06-02 06:54:18,treatment,0
USR_06230,2026-06-02 06:55:50,control,0
USR_12216,2026-06-02 06:57:02,control,0
USR_09009,2026-06-02 06:59:05,control,0
USR_15475,2026-06-02 06:59:18,control,0
USR_10716,2026-06-02 06:59:50,treatment,0
USR_03496,2026-06-02 07:00:05,control,0
USR_02941,2026-06-02 07:03:49,treatment,0
USR_08501,2026-06-02 07:04:33,control,1
USR_16845,2026-06-02 07:04:55,control,0
USR_09527,2026-06-02 07:06:11,treatment,0
USR_17530,2026-06-02 07:07:13,control,0
USR_00389,2026-06-02 07:07:50,control,0
USR_08982,2026-06-02 07:10:03,treatment,0
USR_11173,2026-06-02 07:10:12,control,0
USR_15653,2026-06-02 07:10:33,control,0
USR_17480,2026-06-02 07:10:36,control,0
USR_18247,2026-06-02 07:10:51,control,0
USR_02478,2026-06-02 07:12:11,treatment,0
USR_00581,2026-06-02 07:13:29,control,0
USR_06035,2026-06-02 07:13:31,treatment,0
USR_16814,2026-06-02 07:16:08,treatment,0
USR_13488,2026-06-02 07:16:26,control,0
USR_18083,2026-06-02 07:18:03,control,0
USR_09183,2026-06-02 07:18:15,control,0
USR_05374,2026-06-02 07:18:16,control,0
USR_08884,2026-06-02 07:20:39,control,0
USR_07993,2026-06-02 07:21:13,treatment,0
USR_08208,2026-06-02 07:21:19,treatment,0
USR_04136,2026-06-02 07:22:12,control,0
USR_11805,2026-06-02 07:23:56,treatment,0
USR_06045,2026-06-02 07:26:44,treatment,0
USR_05928,2026-06-02 07:27:40,treatment,0
USR_08994,2026-06-02 07:28:10,control,0
USR_11097,2026-06-02 07:28:25,control,0
USR_17949,2026-06-02 07:28:33,control,0
USR_04815,2026-06-02 07:28:49,treatment,0
USR_16895,2026-06-02 07:31:40,control,0
USR_01282,2026-06-02 07:31:46,control,0
USR_10243,2026-06-02 07:31:58,control,0
USR_15262,2026-06-02 07:33:04,treatment,0
USR_06551,2026-06-02 07:34:40,control,0
USR_00399,2026-06-02 07:38:37,control,1
USR_15383,2026-06-02 07:40:12,control,1
USR_18620,2026-06-02 07:40:48,control,0
USR_13447,2026-06-02 07:40:49,treatment,0
USR_16880,2026-06-02 07:41:55,treatment,0
USR_17895,2026-06-02 07:42:53,control,0
USR_01862,2026-06-02 07:44:11,treatment,0
USR_19455,2026-06-02 07:44:26,control,0
USR_10858,2026-06-02 07:44:51,control,0
USR_05171,2026-06-02 07:45:07,control,0
USR_14735,2026-06-02 07:45:29,treatment,0
USR_06928,2026-06-02 07:45:58,control,0
USR_17149,2026-06-02 07:46:01,treatment,0
USR_16495,2026-06-02 07:46:19,treatment,0
USR_00596,2026-06-02 07:46:19,control,0
USR_17724,2026-06-02 07:46:23,control,0
USR_13668,2026-06-02 07:46:40,treatment,0
USR_13101,2026-06-02 07:48:23,treatment,0
USR_01916,2026-06-02 07:48:27,treatment,0
USR_06749,2026-06-02 07:49:07,control,0
USR_01135,2026-06-02 07:51:48,control,0
USR_02474,2026-06-02 07:52:49,treatment,0
USR_04183,2026-06-02 07:53:11,treatment,0
USR_07546,2026-06-02 07:53:51,control,0
USR_14524,2026-06-02 07:53:56,control,0
USR_03076,2026-06-02 07:55:15,treatment,1
USR_05237,2026-06-02 07:55:43,treatment,0
USR_06386,2026-06-02 07:55:52,control,0
USR_11651,2026-06-02 07:58:15,control,0
USR_09505,2026-06-02 07:59:56,treatment,0
USR_18521,2026-06-02 07:59:57,treatment,0
USR_13989,2026-06-02 08:01:32,treatment,0
USR_16528,2026-06-02 08:03:53,treatment,0
USR_04492,2026-06-02 08:04:06,control,0
USR_12818,2026-06-02 08:04:15,treatment,0
USR_12770,2026-06-02 08:06:05,treatment,0
USR_03088,2026-06-02 08:06:46,treatment,0
USR_12294,2026-06-02 08:08:04,treatment,0
USR_01748,2026-06-02 08:11:14,treatment,0
USR_05443,2026-06-02 08:12:13,treatment,0
USR_13024,2026-06-02 08:12:13,control,0
USR_11352,2026-06-02 08:12:17,treatment,0
USR_09594,2026-06-02 08:14:36,treatment,0
USR_13822,2026-06-02 08:15:06,control,0
USR_08302,2026-06-02 08:15:47,treatment,0
USR_03102,2026-06-02 08:16:39,treatment,0
USR_18050,2026-06-02 08:16:39,treatment,0
USR_14809,2026-06-02 08:17:54,treatment,0
USR_05233,2026-06-02 08:18:13,control,0
USR_16371,2026-06-02 08:18:24,control,0
USR_02911,2026-06-02 08:18:52,treatment,0
USR_15721,2026-06-02 08:19:23,control,0
USR_05573,2026-06-02 08:20:05,control,0
USR_09688,2026-06-02 08:20:08,control,0
USR_02635,2026-06-02 08:20:09,treatment,0
USR_17150,2026-06-02 08:21:42,treatment,0
USR_02140,2026-06-02 08:22:16,treatment,0
USR_02091,2026-06-02 08:22:19,treatment,0
USR_08492,2026-06-02 08:22:32,control,0
USR_18676,2026-06-02 08:23:01,control,0
USR_06923,2026-06-02 08:23:05,control,0
USR_13100,2026-06-02 08:23:11,control,1
USR_16811,2026-06-02 08:23:59,treatment,0
USR_01640,2026-06-02 08:25:02,treatment,1
USR_19465,2026-06-02 08:26:53,control,1
USR_02992,2026-06-02 08:26:55,treatment,0
USR_13663,2026-06-02 08:27:13,control,0
USR_06310,2026-06-02 08:27:34,treatment,0
USR_08586,2026-06-02 08:27:57,control,0
USR_12796,2026-06-02 08:28:08,control,0
USR_09934,2026-06-02 08:29:18,treatment,0
USR_16328,2026-06-02 08:29:28,treatment,0
USR_08491,2026-06-02 08:30:04,control,1
USR_05902,2026-06-02 08:30:05,treatment,0
USR_12285,2026-06-02 08:32:11,control,0
USR_07256,2026-06-02 08:34:20,treatment,0
USR_05917,2026-06-02 08:34:33,control,0
USR_06679,2026-06-02 08:34:45,treatment,0
USR_16559,2026-06-02 08:35:02,treatment,0
USR_12990,2026-06-02 08:36:39,treatment,0
USR_16384,2026-06-02 08:38:55,treatment,0
USR_07516,2026-06-02 08:42:19,control,0
USR_04830,2026-06-02 08:42:49,control,0
USR_09814,2026-06-02 08:43:31,treatment,0
USR_00722,2026-06-02 08:43:47,treatment,1
USR_02927,2026-06-02 08:46:42,control,0
USR_16580,2026-06-02 08:47:15,treatment,0
USR_01385,2026-06-02 08:47:40,treatment,1
USR_11028,2026-06-02 08:47:44,treatment,0
USR_11071,2026-06-02 08:49:19,control,0
USR_11208,2026-06-02 08:51:28,treatment,0
USR_02843,2026-06-02 08:51:37,treatment,0
USR_11282,2026-06-02 08:53:49,control,0
USR_14691,2026-06-02 08:54:23,treatment,0
USR_00346,2026-06-02 08:54:40,control,0
USR_15047,2026-06-02 08:54:41,control,0
USR_10471,2026-06-02 08:56:00,control,0
USR_12241,2026-06-02 08:56:29,treatment,0
USR_08134,2026-06-02 08:56:40,treatment,0
USR_03252,2026-06-02 08:57:19,treatment,1
USR_11923,2026-06-02 08:58:10,control,0
USR_12800,2026-06-02 08:59:41,control,0
USR_18890,2026-06-02 09:01:26,treatment,0
USR_01743,2026-06-02 09:01:28,treatment,0
USR_19891,2026-06-02 09:02:47,treatment,0
USR_02760,2026-06-02 09:05:58,control,0
USR_18376,2026-06-02 09:07:44,control,0
USR_11703,2026-06-02 09:08:44,treatment,0
USR_00255,2026-06-02 09:09:22,treatment,0
USR_00913,2026-06-02 09:10:24,treatment,0
USR_07755,2026-06-02 09:11:07,treatment,0
USR_12027,2026-06-02 09:11:51,control,0
USR_01477,2026-06-02 09:14:15,control,0
USR_16575,2026-06-02 09:15:33,treatment,0
USR_00921,2026-06-02 09:18:45,treatment,0
USR_11460,2026-06-02 09:20:03,control,0
USR_12015,2026-06-02 09:20:04,treatment,0
USR_05827,2026-06-02 09:20:23,treatment,0
USR_00156,2026-06-02 09:21:11,control,0
USR_03025,2026-06-02 09:22:36,control,0
USR_10773,2026-06-02 09:23:30,treatment,0
USR_07970,2026-06-02 09:24:01,control,0
USR_07386,2026-06-02 09:24:43,control,0
USR_04778,2026-06-02 09:25:06,control,0
USR_18412,2026-06-02 09:25:31,control,0
USR_14945,2026-06-02 09:26:40,treatment,0
USR_03665,2026-06-02 09:29:38,treatment,0
USR_11936,2026-06-02 09:29:46,treatment,0
USR_12332,2026-06-02 09:31:24,treatment,0
USR_16971,2026-06-02 09:33:06,treatment,0
USR_15155,2026-06-02 09:34:57,control,0
USR_02071,2026-06-02 09:35:19,treatment,0
USR_12693,2026-06-02 09:35:38,control,0
USR_10222,2026-06-02 09:36:03,control,0
USR_10429,2026-06-02 09:36:12,control,0
USR_05755,2026-06-02 09:36:36,control,0
USR_14380,2026-06-02 09:38:09,control,0
USR_04113,2026-06-02 09:38:44,control,0
USR_05655,2026-06-02 09:39:19,control,0
USR_11010,2026-06-02 09:40:23,treatment,1
USR_05497,2026-06-02 09:40:33,treatment,0
USR_00803,2026-06-02 09:40:42,treatment,0
USR_17445,2026-06-02 09:43:35,control,0
USR_11921,2026-06-02 09:43:56,treatment,0
USR_03322,2026-06-02 09:45:16,treatment,0
USR_10126,2026-06-02 09:48:30,control,0
USR_10911,2026-06-02 09:48:40,control,0
USR_00782,2026-06-02 09:49:49,control,0
USR_09412,2026-06-02 09:50:59,treatment,0
USR_09359,2026-06-02 09:51:05,control,0
USR_14608,2026-06-02 09:56:19,control,0
USR_04977,2026-06-02 09:56:32,treatment,0
USR_06472,2026-06-02 09:59:38,control,0
USR_10038,2026-06-02 10:01:34,control,0
USR_17020,2026-06-02 10:02:30,control,0
USR_04159,2026-06-02 10:03:07,treatment,0
USR_07006,2026-06-02 10:03:28,treatment,0
USR_12379,2026-06-02 10:04:59,control,0
USR_16420,2026-06-02 10:06:49,treatment,0
USR_03611,2026-06-02 10:07:21,control,0
USR_06199,2026-06-02 10:07:27,treatment,0
USR_17585,2026-06-02 10:07:30,control,1
USR_17079,2026-06-02 10:07:43,control,0
USR_00955,2026-06-02 10:07:45,treatment,0
USR_08995,2026-06-02 10:08:02,treatment,0
USR_02287,2026-06-02 10:08:07,control,0
USR_17804,2026-06-02 10:08:36,treatment,0
USR_13673,2026-06-02 10:09:18,control,0
USR_17267,2026-06-02 10:11:25,control,0
USR_14193,2026-06-02 10:12:04,treatment,0
USR_02763,2026-06-02 10:22:13,treatment,0
USR_15837,2026-06-02 10:22:19,treatment,0
USR_10664,2026-06-02 10:24:59,control,0
USR_12905,2026-06-02 10:27:04,treatment,0
USR_03083,2026-06-02 10:30:13,control,0
USR_16168,2026-06-02 10:30:20,control,0
USR_00176,2026-06-02 10:30:55,treatment,0
USR_16268,2026-06-02 10:31:29,treatment,0
USR_09804,2026-06-02 10:32:03,control,0
USR_08030,2026-06-02 10:33:15,treatment,0
USR_19268,2026-06-02 10:33:16,treatment,0
USR_14727,2026-06-02 10:33:29,treatment,0
USR_19240,2026-06-02 10:33:54,control,0
USR_02064,2026-06-02 10:34:27,treatment,0
USR_02408,2026-06-02 10:35:42,treatment,0
USR_17539,2026-06-02 10:36:05,treatment,0
USR_10530,2026-06-02 10:36:26,control,0
USR_18136,2026-06-02 10:36:45,treatment,0
USR_12421,2026-06-02 10:39:39,treatment,0
USR_11483,2026-06-02 10:42:51,treatment,0
USR_19707,2026-06-02 10:43:59,treatment,0
USR_18488,2026-06-02 10:44:04,treatment,0
USR_17712,2026-06-02 10:44:04,treatment,0
USR_10642,2026-06-02 10:44:36,treatment,0
USR_11557,2026-06-02 10:44:37,control,0
USR_19252,2026-06-02 10:46:48,control,0
USR_09592,2026-06-02 10:46:50,control,0
USR_10313,2026-06-02 10:47:25,control,0
USR_17826,2026-06-02 10:47:31,treatment,0
USR_17435,2026-06-02 10:50:00,treatment,0
USR_04845,2026-06-02 10:52:07,control,0
USR_11497,2026-06-02 10:55:21,treatment,0
USR_11287,2026-06-02 10:56:47,control,1
USR_15072,2026-06-02 10:56:55,control,0
USR_01447,2026-06-02 10:58:19,treatment,0
USR_00224,2026-06-02 11:01:48,treatment,0
USR_19432,2026-06-02 11:03:28,treatment,0
USR_07698,2026-06-02 11:05:08,treatment,0
USR_14206,2026-06-02 11:05:23,treatment,1
USR_14803,2026-06-02 11:05:56,control,0
USR_15085,2026-06-02 11:06:24,treatment,0
USR_15703,2026-06-02 11:07:03,treatment,0
USR_16156,2026-06-02 11:07:30,control,0
USR_13361,2026-06-02 11:07:54,control,0
USR_10423,2026-06-02 11:08:11,control,0
USR_14723,2026-06-02 11:09:13,treatment,0
USR_12427,2026-06-02 11:13:24,treatment,0
USR_05273,2026-06-02 11:13:47,treatment,0
USR_06580,2026-06-02 11:15:07,treatment,1
USR_03251,2026-06-02 11:15:48,control,0
USR_10378,2026-06-02 11:16:40,treatment,1
USR_18718,2026-06-02 11:16:59,control,0
USR_06669,2026-06-02 11:17:46,control,0
USR_05661,2026-06-02 11:18:37,control,0
USR_09496,2026-06-02 11:19:52,treatment,0
USR_19991,2026-06-02 11:19:52,treatment,0
USR_17980,2026-06-02 11:20:11,treatment,0
USR_01047,2026-06-02 11:21:05,treatment,1
USR_08722,2026-06-02 11:21:17,control,0
USR_01181,2026-06-02 11:21:41,treatment,0
USR_15581,2026-06-02 11:22:42,treatment,0
USR_13222,2026-06-02 11:23:21,control,0
USR_19417,2026-06-02 11:23:32,treatment,0
USR_18834,2026-06-02 11:23:44,control,0
USR_12303,2026-06-02 11:25:56,treatment,0
USR_06998,2026-06-02 11:26:45,control,0
USR_08960,2026-06-02 11:27:14,treatment,0
USR_09676,2026-06-02 11:27:58,control,0
USR_05910,2026-06-02 11:29:02,treatment,0
USR_05058,2026-06-02 11:29:17,treatment,0
USR_09437,2026-06-02 11:29:31,control,0
USR_01960,2026-06-02 11:32:07,control,0
USR_18257,2026-06-02 11:32:36,control,1
USR_10095,2026-06-02 11:33:40,treatment,0
USR_05745,2026-06-02 11:36:59,control,0
USR_10678,2026-06-02 11:37:25,treatment,0
USR_12492,2026-06-02 11:38:07,treatment,0
USR_18829,2026-06-02 11:39:50,treatment,0
USR_05817,2026-06-02 11:40:52,treatment,0
USR_01687,2026-06-02 11:42:06,control,0
USR_09662,2026-06-02 11:42:09,control,0
USR_04281,2026-06-02 11:44:20,control,0
USR_13517,2026-06-02 11:46:27,treatment,1
USR_03861,2026-06-02 11:46:44,treatment,0
USR_03999,2026-06-02 11:48:01,control,0
USR_00512,2026-06-02 11:49:56,control,0
USR_14212,2026-06-02 11:50:17,control,0
USR_06878,2026-06-02 11:51:00,control,0
USR_07512,2026-06-02 11:51:35,control,0
USR_10286,2026-06-02 11:52:29,treatment,0
USR_04808,2026-06-02 11:53:58,treatment,0
USR_03781,2026-06-02 11:54:04,control,0
USR_07864,2026-06-02 11:54:27,control,0
USR_00152,2026-06-02 11:56:41,treatment,0
USR_19692,2026-06-02 11:57:23,control,0
USR_19857,2026-06-02 11:57:37,treatment,0
USR_06082,2026-06-02 11:58:06,control,0
USR_05714,2026-06-02 11:58:59,control,0
USR_00777,2026-06-02 11:59:59,control,0
USR_13072,2026-06-02 12:00:15,treatment,0
USR_13616,2026-06-02 12:01:03,control,0
USR_02633,2026-06-02 12:01:17,treatment,0
USR_12819,2026-06-02 12:01:22,control,1
USR_09405,2026-06-02 12:03:28,control,0
USR_11003,2026-06-02 12:06:00,treatment,0
USR_02816,2026-06-02 12:06:20,treatment,0
USR_06863,2026-06-02 12:07:21,control,0
USR_09895,2026-06-02 12:07:33,control,0
USR_19698,2026-06-02 12:12:01,treatment,0
USR_08882,2026-06-02 12:12:31,control,0
USR_00936,2026-06-02 12:13:13,control,0
USR_12346,2026-06-02 12:14:27,control,0
USR_19740,2026-06-02 12:15:57,control,0
USR_09671,2026-06-02 12:16:06,treatment,1
USR_05449,2026-06-02 12:16:19,control,0
USR_08124,2026-06-02 12:18:28,control,0
USR_04237,2026-06-02 12:18:58,treatment,0
USR_17003,2026-06-02 12:19:31,control,0
USR_18366,2026-06-02 12:21:08,treatment,0
USR_06886,2026-06-02 12:22:47,control,0
USR_02202,2026-06-02 12:23:22,treatment,0
USR_05843,2026-06-02 12:24:30,control,0
USR_06756,2026-06-02 12:25:01,treatment,0
USR_09394,2026-06-02 12:25:24,treatment,0
USR_04179,2026-06-02 12:25:37,control,0
USR_13737,2026-06-02 12:28:27,control,0
USR_18631,2026-06-02 12:28:55,control,0
USR_18359,2026-06-02 12:29:11,control,0
USR_16830,2026-06-02 12:29:21,control,0
USR_06156,2026-06-02 12:30:48,treatment,0
USR_00168,2026-06-02 12:31:33,treatment,0
USR_10624,2026-06-02 12:33:33,treatment,0
USR_14904,2026-06-02 12:34:11,control,0
USR_18940,2026-06-02 12:35:05,control,0
USR_14857,2026-06-02 12:35:20,control,0
USR_00449,2026-06-02 12:36:57,treatment,0
USR_17160,2026-06-02 12:37:03,treatment,0
USR_10472,2026-06-02 12:37:30,treatment,0
USR_10105,2026-06-02 12:38:16,control,0
USR_17781,2026-06-02 12:40:04,control,0
USR_16037,2026-06-02 12:40:41,treatment,0
USR_09536,2026-06-02 12:41:16,control,0
USR_14596,2026-06-02 12:43:30,treatment,0
USR_12286,2026-06-02 12:44:42,control,0
USR_16888,2026-06-02 12:45:53,treatment,1
USR_12219,2026-06-02 12:47:34,treatment,0
USR_04479,2026-06-02 12:47:50,control,0
USR_08804,2026-06-02 12:48:36,treatment,0
USR_01229,2026-06-02 12:52:18,treatment,0
USR_19691,2026-06-02 12:52:54,control,0
USR_05282,2026-06-02 12:53:44,treatment,0
USR_18169,2026-06-02 12:54:13,treatment,0
USR_02056,2026-06-02 12:54:32,control,0
USR_04883,2026-06-02 12:54:36,treatment,0
USR_03600,2026-06-02 12:55:10,control,1
USR_18304,2026-06-02 12:55:17,treatment,0
USR_12050,2026-06-02 12:56:13,treatment,0
USR_06111,2026-06-02 12:57:34,control,0
USR_09331,2026-06-02 12:59:22,control,0
USR_07768,2026-06-02 13:00:29,treatment,0
USR_17306,2026-06-02 13:00:41,treatment,0
USR_03019,2026-06-02 13:02:02,control,0
USR_11682,2026-06-02 13:02:18,treatment,0
USR_09311,2026-06-02 13:02:27,control,0
USR_13917,2026-06-02 13:03:45,control,0
USR_01094,2026-06-02 13:05:01,treatment,0
USR_10409,2026-06-02 13:05:05,treatment,0
USR_15917,2026-06-02 13:05:07,control,0
USR_14086,2026-06-02 13:05:27,control,0
USR_15839,2026-06-02 13:08:05,control,0
USR_15360,2026-06-02 13:08:23,control,0
USR_15950,2026-06-02 13:09:21,control,0
USR_18795,2026-06-02 13:09:37,control,0
USR_01937,2026-06-02 13:16:17,control,0
USR_04720,2026-06-02 13:17:53,treatment,0
USR_13496,2026-06-02 13:18:04,treatment,0
USR_06831,2026-06-02 13:18:48,treatment,0
USR_14302,2026-06-02 13:19:03,treatment,0
USR_04255,2026-06-02 13:20:28,treatment,0
USR_09909,2026-06-02 13:20:38,control,0
USR_07539,2026-06-02 13:21:44,treatment,0
USR_13097,2026-06-02 13:22:16,treatment,0
USR_17437,2026-06-02 13:23:12,control,0
USR_17900,2026-06-02 13:26:40,treatment,0
USR_11139,2026-06-02 13:26:46,control,0
USR_07115,2026-06-02 13:30:25,treatment,0
USR_11096,2026-06-02 13:31:43,treatment,0
USR_15222,2026-06-02 13:31:49,treatment,0
USR_01105,2026-06-02 13:33:15,control,0
USR_01444,2026-06-02 13:33:57,treatment,0
USR_16393,2026-06-02 13:34:58,control,0
USR_13206,2026-06-02 13:35:09,control,0
USR_17717,2026-06-02 13:37:07,control,0
USR_16788,2026-06-02 13:41:28,control,1
USR_11732,2026-06-02 13:41:52,treatment,0
USR_05319,2026-06-02 13:42:26,treatment,0
USR_17962,2026-06-02 13:46:58,control,0
USR_08529,2026-06-02 13:48:02,control,0
USR_19487,2026-06-02 13:48:02,treatment,0
USR_14431,2026-06-02 13:49:06,treatment,0
USR_00644,2026-06-02 13:49:13,treatment,0
USR_18492,2026-06-02 13:49:48,control,0
USR_12498,2026-06-02 13:49:57,treatment,0
USR_12939,2026-06-02 13:50:38,control,0
USR_19870,2026-06-02 13:50:58,treatment,0
USR_01149,2026-06-02 13:54:39,treatment,0
USR_10434,2026-06-02 13:55:26,treatment,0
USR_19594,2026-06-02 13:55:29,control,0
USR_03375,2026-06-02 13:56:21,control,0
USR_10761,2026-06-02 13:57:07,treatment,0
USR_07724,2026-06-02 13:58:15,treatment,0
USR_05598,2026-06-02 13:59:34,treatment,0
USR_02779,2026-06-02 13:59:46,treatment,0
USR_11481,2026-06-02 14:01:10,treatment,0
USR_08831,2026-06-02 14:01:38,treatment,0
USR_17842,2026-06-02 14:03:48,control,0
USR_14004,2026-06-02 14:04:05,treatment,0
USR_06228,2026-06-02 14:05:21,treatment,0
USR_05624,2026-06-02 14:08:02,treatment,0
USR_19194,2026-06-02 14:08:20,treatment,0
USR_00531,2026-06-02 14:09:08,treatment,0
USR_06202,2026-06-02 14:09:28,treatment,0
USR_15053,2026-06-02 14:10:00,treatment,0
USR_09436,2026-06-02 14:10:04,treatment,1
USR_11849,2026-06-02 14:11:12,treatment,0
USR_05823,2026-06-02 14:12:32,control,0
USR_19459,2026-06-02 14:13:16,control,0
USR_05347,2026-06-02 14:13:26,control,0
USR_05620,2026-06-02 14:13:30,control,0
USR_11694,2026-06-02 14:14:33,treatment,0
USR_07382,2026-06-02 14:14:43,treatment,0
USR_09118,2026-06-02 14:14:57,control,0
USR_06016,2026-06-02 14:19:43,treatment,0
USR_00259,2026-06-02 14:19:49,control,0
USR_12375,2026-06-02 14:22:35,treatment,0
USR_19507,2026-06-02 14:23:30,treatment,0
USR_17031,2026-06-02 14:23:58,control,0
USR_02625,2026-06-02 14:24:20,control,0
USR_04813,2026-06-02 14:25:01,control,0
USR_17179,2026-06-02 14:28:17,treatment,0
USR_11815,2026-06-02 14:28:43,treatment,1
USR_11379,2026-06-02 14:30:39,treatment,0
USR_09528,2026-06-02 14:31:17,control,0
USR_11710,2026-06-02 14:31:24,control,0
USR_12491,2026-06-02 14:32:10,treatment,0
USR_10118,2026-06-02 14:34:11,treatment,0
USR_02663,2026-06-02 14:34:54,treatment,0
USR_13177,2026-06-02 14:36:29,treatment,1
USR_07863,2026-06-02 14:36:47,treatment,0
USR_09888,2026-06-02 14:37:38,control,0
USR_18026,2026-06-02 14:38:22,control,0
USR_07541,2026-06-02 14:41:02,control,0
USR_01515,2026-06-02 14:41:24,treatment,0
USR_03616,2026-06-02 14:41:35,control,0
USR_14537,2026-06-02 14:42:02,control,0
USR_00297,2026-06-02 14:43:18,treatment,0
USR_14035,2026-06-02 14:43:34,treatment,0
USR_14245,2026-06-02 14:47:19,treatment,0
USR_02233,2026-06-02 14:47:54,control,0
USR_12016,2026-06-02 14:48:39,treatment,0
USR_16335,2026-06-02 14:48:48,control,0
USR_12606,2026-06-02 14:49:07,treatment,0
USR_08466,2026-06-02 14:49:10,control,0
USR_15034,2026-06-02 14:51:21,control,0
USR_15065,2026-06-02 14:54:35,control,0
USR_00771,2026-06-02 14:54:42,control,0
USR_13497,2026-06-02 14:54:47,treatment,0
USR_18545,2026-06-02 14:57:34,treatment,0
USR_10234,2026-06-02 14:57:38,treatment,0
USR_02868,2026-06-02 14:58:32,control,0
USR_15631,2026-06-02 14:59:12,treatment,0
USR_14658,2026-06-02 15:00:05,control,0
USR_18702,2026-06-02 15:01:50,treatment,0
USR_18854,2026-06-02 15:02:21,treatment,0
USR_17748,2026-06-02 15:03:43,control,0
USR_02856,2026-06-02 15:07:13,control,0
USR_01317,2026-06-02 15:08:01,treatment,0
USR_00123,2026-06-02 15:08:47,control,0
USR_05717,2026-06-02 15:09:55,treatment,0
USR_19438,2026-06-02 15:10:16,control,0
USR_12482,2026-06-02 15:12:52,control,0
USR_02714,2026-06-02 15:13:31,control,0
USR_12566,2026-06-02 15:14:26,treatment,0
USR_01347,2026-06-02 15:14:30,control,0
USR_05039,2026-06-02 15:15:02,control,0
USR_07559,2026-06-02 15:16:09,treatment,0
USR_10540,2026-06-02 15:18:04,control,0
USR_04707,2026-06-02 15:22:00,treatment,0
USR_14454,2026-06-02 15:24:38,control,0
USR_03758,2026-06-02 15:26:27,treatment,1
USR_10117,2026-06-02 15:26:43,treatment,0
USR_16385,2026-06-02 15:28:09,control,0
USR_13313,2026-06-02 15:28:09,control,0
USR_18129,2026-06-02 15:28:15,control,0
USR_05500,2026-06-02 15:28:40,treatment,0
USR_08597,2026-06-02 15:29:00,control,0
USR_13047,2026-06-02 15:29:40,control,0
USR_02995,2026-06-02 15:35:13,control,0
USR_08929,2026-06-02 15:35:32,treatment,0
USR_18714,2026-06-02 15:36:10,control,0
USR_08258,2026-06-02 15:37:12,treatment,0
USR_18849,2026-06-02 15:37:13,control,0
USR_03742,2026-06-02 15:37:27,treatment,0
USR_19759,2026-06-02 15:38:01,treatment,0
USR_00827,2026-06-02 15:39:23,treatment,0
USR_00857,2026-06-02 15:41:07,treatment,0
USR_07149,2026-06-02 15:43:28,control,0
USR_14830,2026-06-02 15:46:02,treatment,0
USR_03473,2026-06-02 15:46:15,treatment,0
USR_04513,2026-06-02 15:47:03,control,0
USR_11252,2026-06-02 15:47:51,treatment,0
USR_05158,2026-06-02 15:48:09,control,0
USR_19484,2026-06-02 15:48:11,control,0
USR_03749,2026-06-02 15:49:03,treatment,0
USR_06127,2026-06-02 15:49:12,control,0
USR_08562,2026-06-02 15:49:19,control,0
USR_07320,2026-06-02 15:49:54,treatment,0
USR_09990,2026-06-02 15:51:01,treatment,0
USR_06414,2026-06-02 15:51:04,treatment,0
USR_14507,2026-06-02 15:51:42,treatment,0
USR_05020,2026-06-02 15:52:22,treatment,0
USR_02074,2026-06-02 15:52:57,control,0
USR_01532,2026-06-02 15:53:28,control,0
USR_07686,2026-06-02 15:54:41,control,0
USR_13365,2026-06-02 15:57:44,treatment,0
USR_04240,2026-06-02 15:58:57,control,0
USR_10209,2026-06-02 16:00:18,control,0
USR_06762,2026-06-02 16:01:59,treatment,0
USR_04551,2026-06-02 16:03:10,control,0
USR_07948,2026-06-02 16:04:26,control,0
USR_01628,2026-06-02 16:04:50,control,0
USR_17577,2026-06-02 16:04:57,treatment,0
USR_17632,2026-06-02 16:05:14,treatment,0
USR_12229,2026-06-02 16:07:50,treatment,0
USR_09286,2026-06-02 16:08:32,control,0
USR_14371,2026-06-02 16:08:45,treatment,0
USR_14150,2026-06-02 16:09:05,treatment,0
USR_14511,2026-06-02 16:10:28,treatment,0
USR_00598,2026-06-02 16:11:17,treatment,0
USR_03517,2026-06-02 16:12:35,control,0
USR_15926,2026-06-02 16:13:31,treatment,0
USR_19579,2026-06-02 16:14:09,control,0
USR_19572,2026-06-02 16:15:29,control,0
USR_02002,2026-06-02 16:16:25,control,0
USR_11365,2026-06-02 16:16:42,treatment,0
USR_19844,2026-06-02 16:17:37,control,0
USR_14560,2026-06-02 16:17:40,control,0
USR_15460,2026-06-02 16:19:24,treatment,0
USR_14649,2026-06-02 16:20:01,control,0
USR_06220,2026-06-02 16:21:44,control,0
USR_00729,2026-06-02 16:21:52,treatment,0
USR_07257,2026-06-02 16:22:23,treatment,0
USR_04791,2026-06-02 16:22:24,control,0
USR_04106,2026-06-02 16:23:52,treatment,0
USR_17301,2026-06-02 16:24:57,control,0
USR_07984,2026-06-02 16:29:08,treatment,0
USR_11701,2026-06-02 16:30:46,control,0
USR_10900,2026-06-02 16:32:00,treatment,0
USR_18008,2026-06-02 16:32:09,treatment,0
USR_07694,2026-06-02 16:34:59,control,0
USR_01504,2026-06-02 16:35:45,control,0
USR_08847,2026-06-02 16:36:54,treatment,1
USR_10264,2026-06-02 16:39:49,control,0
USR_13322,2026-06-02 16:41:33,control,0
USR_16839,2026-06-02 16:41:53,treatment,0
USR_11976,2026-06-02 16:43:30,treatment,0
USR_08236,2026-06-02 16:45:13,control,0
USR_05220,2026-06-02 16:45:56,control,0
USR_02430,2026-06-02 16:46:24,control,0
USR_09081,2026-06-02 16:48:37,treatment,0
USR_19020,2026-06-02 16:48:52,treatment,0
USR_16003,2026-06-02 16:50:03,control,0
USR_05909,2026-06-02 16:51:16,control,0
USR_04107,2026-06-02 16:54:27,control,0
USR_00480,2026-06-02 16:54:34,control,0
USR_11056,2026-06-02 16:55:20,treatment,0
USR_13431,2026-06-02 16:56:37,control,0
USR_02666,2026-06-02 16:57:00,treatment,0
USR_17956,2026-06-02 16:58:44,control,0
USR_13478,2026-06-02 16:58:57,treatment,0
USR_01383,2026-06-02 16:59:08,treatment,1
USR_14381,2026-06-02 16:59:23,treatment,0
USR_05580,2026-06-02 17:01:28,control,0
USR_19581,2026-06-02 17:05:02,control,0
USR_07299,2026-06-02 17:05:15,control,0
USR_06135,2026-06-02 17:06:12,control,0
USR_08607,2026-06-02 17:06:29,control,0
USR_10476,2026-06-02 17:07:16,treatment,0
USR_05260,2026-06-02 17:07:52,treatment,0
USR_04967,2026-06-02 17:08:34,treatment,0
USR_05407,2026-06-02 17:10:12,treatment,0
USR_15761,2026-06-02 17:13:02,treatment,0
USR_11824,2026-06-02 17:13:54,treatment,0
USR_19850,2026-06-02 17:14:52,treatment,0
USR_07915,2026-06-02 17:15:01,treatment,0
USR_10145,2026-06-02 17:15:17,control,0
USR_08578,2026-06-02 17:15:44,treatment,0
USR_04071,2026-06-02 17:16:04,treatment,0
USR_14928,2026-06-02 17:16:23,control,0
USR_02653,2026-06-02 17:18:24,control,0
USR_09753,2026-06-02 17:18:49,treatment,0
USR_19199,2026-06-02 17:19:25,treatment,1
USR_00620,2026-06-02 17:21:39,control,0
USR_08204,2026-06-02 17:22:15,treatment,0
USR_13761,2026-06-02 17:22:45,treatment,0
USR_05736,2026-06-02 17:23:20,control,0
USR_11072,2026-06-02 17:25:28,treatment,0
USR_17725,2026-06-02 17:25:40,control,0
USR_14950,2026-06-02 17:25:51,treatment,0
USR_16161,2026-06-02 17:25:55,control,0
USR_14386,2026-06-02 17:26:07,treatment,0
USR_05749,2026-06-02 17:26:47,control,0
USR_16615,2026-06-02 17:28:56,treatment,0
USR_10787,2026-06-02 17:28:59,treatment,0
USR_07179,2026-06-02 17:29:23,control,0
USR_03768,2026-06-02 17:32:02,treatment,0
USR_03569,2026-06-02 17:33:16,control,1
USR_15192,2026-06-02 17:33:41,control,0
USR_13559,2026-06-02 17:33:50,control,0
USR_02228,2026-06-02 17:34:19,treatment,0
USR_11808,2026-06-02 17:34:42,control,0
USR_08472,2026-06-02 17:35:40,control,0
USR_18091,2026-06-02 17:36:19,control,1
USR_01949,2026-06-02 17:36:53,treatment,1
USR_11898,2026-06-02 17:37:06,treatment,0
USR_16118,2026-06-02 17:37:30,control,0
USR_10630,2026-06-02 17:37:55,control,0
USR_08524,2026-06-02 17:38:44,treatment,0
USR_10395,2026-06-02 17:39:04,treatment,0
USR_18726,2026-06-02 17:41:57,control,0
USR_08615,2026-06-02 17:42:45,treatment,0
USR_09573,2026-06-02 17:44:09,control,0
USR_04206,2026-06-02 17:44:23,treatment,0
USR_09099,2026-06-02 17:47:32,treatment,0
USR_06537,2026-06-02 17:48:41,control,0
USR_08573,2026-06-02 17:48:51,treatment,0
USR_03233,2026-06-02 17:50:51,treatment,0
USR_01198,2026-06-02 17:51:25,control,0
USR_11088,2026-06-02 17:53:18,control,0
USR_19089,2026-06-02 17:54:12,control,0
USR_06196,2026-06-02 17:54:25,control,0
USR_19035,2026-06-02 17:55:02,treatment,0
USR_13281,2026-06-02 17:55:13,treatment,0
USR_09811,2026-06-02 17:55:15,control,0
USR_14404,2026-06-02 17:57:12,control,0
USR_00507,2026-06-02 17:58:51,treatment,0
USR_16569,2026-06-02 17:59:48,treatment,0
USR_04310,2026-06-02 18:01:38,treatment,0
USR_02847,2026-06-02 18:01:41,treatment,0
USR_15246,2026-06-02 18:03:02,treatment,0
USR_05152,2026-06-02 18:03:36,treatment,0
USR_08826,2026-06-02 18:05:34,treatment,0
USR_13248,2026-06-02 18:06:07,control,0
USR_13962,2026-06-02 18:07:45,treatment,0
USR_12765,2026-06-02 18:08:39,treatment,0
USR_11539,2026-06-02 18:10:14,treatment,0
USR_15210,2026-06-02 18:10:18,control,0
USR_03359,2026-06-02 18:11:51,treatment,0
USR_10223,2026-06-02 18:12:32,treatment,0
USR_11164,2026-06-02 18:16:10,control,0
USR_07796,2026-06-02 18:16:24,treatment,0
USR_19408,2026-06-02 18:17:21,treatment,0
USR_15912,2026-06-02 18:18:00,treatment,1
USR_09374,2026-06-02 18:18:30,treatment,0
USR_01450,2026-06-02 18:19:15,control,0
USR_17067,2026-06-02 18:20:48,control,0
USR_14584,2026-06-02 18:21:45,control,0
USR_12137,2026-06-02 18:22:02,control,0
USR_02944,2026-06-02 18:23:48,control,0
USR_18663,2026-06-02 18:24:16,treatment,0
USR_16692,2026-06-02 18:25:11,control,0
USR_04788,2026-06-02 18:26:19,control,0
USR_10462,2026-06-02 18:26:42,treatment,0
USR_10566,2026-06-02 18:28:05,control,0
USR_11843,2026-06-02 18:28:33,treatment,0
USR_01732,2026-06-02 18:28:55,control,0
USR_07055,2026-06-02 18:30:35,control,0
USR_07247,2026-06-02 18:31:28,control,0
USR_03806,2026-06-02 18:32:29,control,0
USR_09389,2026-06-02 18:34:11,control,1
USR_08919,2026-06-02 18:34:38,treatment,0
USR_07489,2026-06-02 18:35:12,treatment,0
USR_01797,2026-06-02 18:35:15,control,0
USR_18614,2026-06-02 18:36:01,treatment,0
USR_04537,2026-06-02 18:36:11,treatment,0
USR_06152,2026-06-02 18:37:04,treatment,1
USR_14513,2026-06-02 18:37:28,treatment,0
USR_18981,2026-06-02 18:38:29,treatment,0
USR_19659,2026-06-02 18:39:45,treatment,0
USR_12669,2026-06-02 18:41:19,treatment,0
USR_16012,2026-06-02 18:42:32,control,0
USR_13519,2026-06-02 18:44:30,treatment,0
USR_06487,2026-06-02 18:44:39,treatment,0
USR_15153,2026-06-02 18:44:46,control,0
USR_04524,2026-06-02 18:45:11,control,0
USR_10245,2026-06-02 18:45:12,treatment,1
USR_19339,2026-06-02 18:45:39,treatment,0
USR_16382,2026-06-02 18:45:48,treatment,0
USR_15655,2026-06-02 18:49:28,control,0
USR_07832,2026-06-02 18:51:47,control,0
USR_16222,2026-06-02 18:57:16,treatment,0
USR_03424,2026-06-02 18:57:34,treatment,0
USR_13158,2026-06-02 18:58:42,treatment,0
USR_17832,2026-06-02 19:00:12,treatment,1
USR_13596,2026-06-02 19:00:18,control,0
USR_17270,2026-06-02 19:00:55,control,0
USR_18428,2026-06-02 19:02:55,control,0
USR_05123,2026-06-02 19:03:30,control,0
USR_17944,2026-06-02 19:03:41,treatment,0
USR_01982,2026-06-02 19:03:50,control,0
USR_09623,2026-06-02 19:03:53,control,0
USR_10231,2026-06-02 19:04:24,control,0
USR_03369,2026-06-02 19:08:48,treatment,0
USR_18746,2026-06-02 19:08:59,control,0
USR_13558,2026-06-02 19:09:22,control,0
USR_02700,2026-06-02 19:09:23,treatment,0
USR_14293,2026-06-02 19:09:58,treatment,0
USR_07066,2026-06-02 19:11:07,control,0
USR_19950,2026-06-02 19:11:46,treatment,0
USR_04362,2026-06-02 19:12:11,treatment,0
USR_07578,2026-06-02 19:13:02,control,0
USR_08488,2026-06-02 19:13:40,treatment,0
USR_09280,2026-06-02 19:14:02,treatment,0
USR_08540,2026-06-02 19:15:39,control,0
USR_07853,2026-06-02 19:16:26,control,0
USR_12039,2026-06-02 19:19:26,control,0
USR_09902,2026-06-02 19:20:02,treatment,0
USR_08711,2026-06-02 19:20:47,treatment,0
USR_06746,2026-06-02 19:23:56,treatment,0
USR_02841,2026-06-02 19:24:09,treatment,0
USR_10360,2026-06-02 19:24:22,control,0
USR_08925,2026-06-02 19:26:21,treatment,0
USR_04734,2026-06-02 19:26:47,treatment,0
USR_05858,2026-06-02 19:27:30,control,0
USR_08147,2026-06-02 19:27:33,control,0
USR_03687,2026-06-02 19:28:00,treatment,0
USR_01098,2026-06-02 19:28:15,control,0
USR_15598,2026-06-02 19:29:37,control,0
USR_05815,2026-06-02 19:29:51,control,1
USR_03317,2026-06-02 19:30:49,control,1
USR_17623,2026-06-02 19:33:43,treatment,0
USR_16934,2026-06-02 19:33:45,control,0
USR_12052,2026-06-02 19:34:22,control,0
USR_04245,2026-06-02 19:34:55,control,0
USR_01761,2026-06-02 19:36:50,treatment,0
USR_05638,2026-06-02 19:37:41,control,0
USR_13706,2026-06-02 19:38:04,control,0
USR_13971,2026-06-02 19:38:25,control,0
USR_04676,2026-06-02 19:39:18,control,0
USR_10445,2026-06-02 19:39:43,control,0
USR_02403,2026-06-02 19:40:34,control,0
USR_17758,2026-06-02 19:41:44,treatment,0
USR_01974,2026-06-02 19:41:58,treatment,0
USR_10497,2026-06-02 19:45:43,control,0
USR_03778,2026-06-02 19:47:58,control,0
USR_07121,2026-06-02 19:48:55,treatment,0
USR_08800,2026-06-02 19:49:00,treatment,0
USR_02645,2026-06-02 19:49:12,control,0
USR_07744,2026-06-02 19:49:28,control,0
USR_13258,2026-06-02 19:50:53,treatment,0
USR_01874,2026-06-02 19:51:25,treatment,0
USR_12594,2026-06-02 19:52:32,control,0
USR_02379,2026-06-02 19:52:53,control,0
USR_03274,2026-06-02 19:53:06,control,0
USR_19468,2026-06-02 19:53:53,treatment,0
USR_04964,2026-06-02 19:53:57,treatment,0
USR_09983,2026-06-02 19:54:43,treatment,0
USR_06474,2026-06-02 19:55:17,treatment,0
USR_10076,2026-06-02 19:56:25,control,0
USR_10103,2026-06-02 19:56:43,treatment,0
USR_16685,2026-06-02 19:56:52,treatment,0
USR_14862,2026-06-02 20:00:13,control,0
USR_15905,2026-06-02 20:01:24,treatment,0
USR_10024,2026-06-02 20:03:13,treatment,0
USR_17198,2026-06-02 20:04:09,control,0
USR_17294,2026-06-02 20:04:59,treatment,0
USR_08036,2026-06-02 20:07:44,control,0
USR_10935,2026-06-02 20:08:46,control,0
USR_02256,2026-06-02 20:09:49,control,0
USR_19953,2026-06-02 20:11:06,treatment,0
USR_11079,2026-06-02 20:11:07,treatment,1
USR_09537,2026-06-02 20:12:34,control,0
USR_17744,2026-06-02 20:13:43,treatment,0
USR_17777,2026-06-02 20:15:00,treatment,0
USR_17856,2026-06-02 20:15:12,treatment,0
USR_12756,2026-06-02 20:16:13,control,0
USR_18935,2026-06-02 20:16:36,treatment,0
USR_13026,2026-06-02 20:18:04,treatment,1
USR_08110,2026-06-02 20:18:11,control,0
USR_07787,2026-06-02 20:18:17,treatment,0
USR_10520,2026-06-02 20:18:22,treatment,0
USR_04936,2026-06-02 20:18:52,treatment,0
USR_00222,2026-06-02 20:21:10,treatment,0
USR_04187,2026-06-02 20:22:32,treatment,1
USR_19100,2026-06-02 20:23:28,control,0
USR_12953,2026-06-02 20:23:58,treatment,0
USR_11348,2026-06-02 20:24:55,control,0
USR_12431,2026-06-02 20:26:09,control,0
USR_14748,2026-06-02 20:26:47,control,0
USR_03094,2026-06-02 20:26:58,control,0
USR_04642,2026-06-02 20:27:51,control,0
USR_15736,2026-06-02 20:28:16,treatment,0
USR_03315,2026-06-02 20:31:18,treatment,0
USR_03468,2026-06-02 20:32:10,control,0
USR_03136,2026-06-02 20:32:47,treatment,0
USR_01741,2026-06-02 20:32:59,control,0
USR_08303,2026-06-02 20:33:24,treatment,0
USR_08719,2026-06-02 20:34:22,control,0
USR_15070,2026-06-02 20:34:32,treatment,0
USR_14620,2026-06-02 20:34:41,control,0
USR_04100,2026-06-02 20:37:49,treatment,0
USR_05945,2026-06-02 20:37:55,control,0
USR_14837,2026-06-02 20:40:17,control,0
USR_00072,2026-06-02 20:40:35,treatment,0
USR_15512,2026-06-02 20:41:20,control,0
USR_19700,2026-06-02 20:41:25,control,0
USR_14461,2026-06-02 20:45:09,treatment,0
USR_13874,2026-06-02 20:45:56,control,1
USR_10022,2026-06-02 20:46:47,treatment,0
USR_12631,2026-06-02 20:47:15,control,0
USR_05281,2026-06-02 20:47:15,treatment,0
USR_11648,2026-06-02 20:49:55,control,0
USR_01288,2026-06-02 20:50:52,treatment,0
USR_03680,2026-06-02 20:50:56,control,0
USR_02021,2026-06-02 20:51:20,control,0
USR_02968,2026-06-02 20:51:36,treatment,0
USR_05323,2026-06-02 20:51:46,treatment,0
USR_10575,2026-06-02 20:52:07,treatment,0
USR_07368,2026-06-02 20:52:12,control,0
USR_03626,2026-06-02 20:54:13,treatment,0
USR_00974,2026-06-02 20:54:52,control,0
USR_01403,2026-06-02 20:55:31,control,0
USR_00063,2026-06-02 20:56:01,treatment,0
USR_17354,2026-06-02 20:56:12,control,0
USR_08528,2026-06-02 20:58:19,treatment,0
USR_09919,2026-06-02 20:59:03,control,0
USR_06565,2026-06-02 20:59:21,treatment,0
USR_05781,2026-06-02 20:59:31,control,0
USR_18007,2026-06-02 20:59:47,control,0
USR_02770,2026-06-02 21:01:24,treatment,0
USR_04682,2026-06-02 21:01:45,control,1
USR_00850,2026-06-02 21:01:51,treatment,0
USR_09321,2026-06-02 21:02:02,treatment,0
USR_06589,2026-06-02 21:03:51,treatment,0
USR_06103,2026-06-02 21:04:18,treatment,0
USR_12602,2026-06-02 21:05:35,treatment,0
USR_08370,2026-06-02 21:06:00,control,0
USR_19781,2026-06-02 21:06:39,treatment,1
USR_02918,2026-06-02 21:06:48,treatment,0
USR_11738,2026-06-02 21:08:24,control,0
USR_01714,2026-06-02 21:08:26,treatment,0
USR_16176,2026-06-02 21:09:20,control,0
USR_00836,2026-06-02 21:10:44,treatment,0
USR_11279,2026-06-02 21:12:03,control,0
USR_01223,2026-06-02 21:12:53,control,0
USR_05589,2026-06-02 21:13:15,treatment,0
USR_12363,2026-06-02 21:13:49,control,0
USR_09544,2026-06-02 21:13:59,control,0
USR_00932,2026-06-02 21:14:39,treatment,0
USR_09597,2026-06-02 21:17:55,control,0
USR_00890,2026-06-02 21:18:27,control,0
USR_07728,2026-06-02 21:19:13,control,0
USR_01963,2026-06-02 21:19:17,control,0
USR_18593,2026-06-02 21:19:54,control,0
USR_13060,2026-06-02 21:21:58,control,0
USR_08232,2026-06-02 21:22:46,control,0
USR_00364,2026-06-02 21:23:30,control,0
USR_16892,2026-06-02 21:26:18,treatment,0
USR_04474,2026-06-02 21:30:24,control,0
USR_19911,2026-06-02 21:31:37,treatment,0
USR_06875,2026-06-02 21:33:09,control,0
USR_09363,2026-06-02 21:33:17,treatment,0
USR_13627,2026-06-02 21:33:56,control,0
USR_02989,2026-06-02 21:35:25,treatment,1
USR_19388,2026-06-02 21:35:56,treatment,0
USR_15607,2026-06-02 21:36:40,control,0
USR_18872,2026-06-02 21:37:12,control,0
USR_12055,2026-06-02 21:38:35,treatment,0
USR_06915,2026-06-02 21:38:48,control,0
USR_12736,2026-06-02 21:38:55,treatment,0
USR_04003,2026-06-02 21:40:45,treatment,0
USR_08644,2026-06-02 21:40:50,treatment,0
USR_06333,2026-06-02 21:42:41,treatment,0
USR_17004,2026-06-02 21:43:22,control,0
USR_07328,2026-06-02 21:44:05,control,0
USR_17482,2026-06-02 21:47:14,treatment,1
USR_18670,2026-06-02 21:49:17,control,0
USR_06894,2026-06-02 21:49:46,treatment,0
USR_06404,2026-06-02 21:52:07,control,0
USR_11806,2026-06-02 21:52:52,control,0
USR_00272,2026-06-02 21:53:22,control,0
USR_02705,2026-06-02 21:58:00,treatment,0
USR_13412,2026-06-02 21:58:25,control,0
USR_12740,2026-06-02 21:58:42,control,0
USR_13269,2026-06-02 22:00:59,treatment,0
USR_17187,2026-06-02 22:02:44,control,0
USR_13929,2026-06-02 22:03:35,treatment,0
USR_15524,2026-06-02 22:03:39,treatment,0
USR_03201,2026-06-02 22:04:10,treatment,0
USR_10094,2026-06-02 22:04:47,treatment,0
USR_19341,2026-06-02 22:05:02,control,0
USR_18207,2026-06-02 22:05:09,treatment,0
USR_03589,2026-06-02 22:05:24,control,0
USR_10617,2026-06-02 22:05:27,control,0
USR_12725,2026-06-02 22:06:09,control,0
USR_08950,2026-06-02 22:06:39,treatment,0
USR_07171,2026-06-02 22:07:53,treatment,0
USR_06732,2026-06-02 22:08:06,treatment,0
USR_14636,2026-06-02 22:12:53,control,0
USR_12194,2026-06-02 22:13:21,treatment,0
USR_12239,2026-06-02 22:13:21,treatment,0
USR_18749,2026-06-02 22:14:20,treatment,0
USR_07858,2026-06-02 22:14:54,control,0
USR_03170,2026-06-02 22:14:59,treatment,0
USR_16778,2026-06-02 22:15:02,treatment,0
USR_08618,2026-06-02 22:15:44,control,0
USR_14128,2026-06-02 22:19:18,treatment,0
USR_18382,2026-06-02 22:21:19,treatment,0
USR_00632,2026-06-02 22:22:30,control,0
USR_06468,2026-06-02 22:24:40,control,0
USR_14051,2026-06-02 22:24:58,treatment,0
USR_09628,2026-06-02 22:25:43,treatment,0
USR_18724,2026-06-02 22:29:56,treatment,0
USR_19491,2026-06-02 22:33:51,treatment,0
USR_06484,2026-06-02 22:33:54,control,0
USR_18402,2026-06-02 22:34:00,treatment,0
USR_07653,2026-06-02 22:37:00,control,1
USR_01185,2026-06-02 22:38:39,control,0
USR_01039,2026-06-02 22:38:42,treatment,0
USR_13095,2026-06-02 22:40:22,control,0
USR_06658,2026-06-02 22:40:39,control,0
USR_09744,2026-06-02 22:42:20,control,0
USR_16469,2026-06-02 22:42:50,control,0
USR_12011,2026-06-02 22:43:03,control,0
USR_15610,2026-06-02 22:43:04,control,0
USR_04343,2026-06-02 22:43:30,control,0
USR_18995,2026-06-02 22:43:43,control,0
USR_08340,2026-06-02 22:44:40,control,0
USR_06394,2026-06-02 22:45:33,treatment,0
USR_18197,2026-06-02 22:46:05,control,0
USR_02132,2026-06-02 22:46:07,treatment,0
USR_13253,2026-06-02 22:47:31,treatment,0
USR_07061,2026-06-02 22:47:38,treatment,0
USR_15335,2026-06-02 22:47:56,control,0
USR_17097,2026-06-02 22:48:29,treatment,0
USR_10915,2026-06-02 22:48:51,treatment,0
USR_10196,2026-06-02 22:49:29,treatment,0
USR_00585,2026-06-02 22:49:38,control,0
USR_04022,2026-06-02 22:50:15,treatment,0
USR_19411,2026-06-02 22:51:00,treatment,0
USR_05978,2026-06-02 22:51:11,control,0
USR_19390,2026-06-02 22:51:23,treatment,0
USR_02119,2026-06-02 22:52:08,control,0
USR_02587,2026-06-02 22:52:52,treatment,0
USR_18870,2026-06-02 22:54:02,treatment,0
USR_17517,2026-06-02 22:54:38,control,0
USR_11102,2026-06-02 22:54:51,treatment,0
USR_11132,2026-06-02 22:57:52,control,0
USR_12585,2026-06-02 22:58:24,control,0
USR_18229,2026-06-02 22:59:20,control,0
USR_15556,2026-06-02 23:00:25,treatment,0
USR_04540,2026-06-02 23:00:58,control,0
USR_14489,2026-06-02 23:01:09,control,0
USR_02729,2026-06-02 23:02:28,treatment,0
USR_18465,2026-06-02 23:04:06,control,0
USR_15152,2026-06-02 23:04:37,treatment,0
USR_15834,2026-06-02 23:05:09,treatment,1
USR_04444,2026-06-02 23:05:35,control,0
USR_03467,2026-06-02 23:09:31,treatment,0
USR_09026,2026-06-02 23:10:19,control,0
USR_07063,2026-06-02 23:10:27,control,0
USR_02718,2026-06-02 23:11:21,control,1
USR_15651,2026-06-02 23:11:26,control,0
USR_16072,2026-06-02 23:12:33,control,0
USR_00843,2026-06-02 23:13:38,control,0
USR_16164,2026-06-02 23:14:07,treatment,0
USR_03373,2026-06-02 23:14:35,treatment,0
USR_10545,2026-06-02 23:15:48,control,0
USR_16769,2026-06-02 23:16:04,treatment,0
USR_12366,2026-06-02 23:16:05,treatment,0
USR_06482,2026-06-02 23:16:47,control,1
USR_19689,2026-06-02 23:17:27,control,0
USR_17578,2026-06-02 23:18:52,control,0
USR_09733,2026-06-02 23:19:16,treatment,0
USR_01464,2026-06-02 23:19:56,treatment,0
USR_16080,2026-06-02 23:20:41,treatment,0
USR_15039,2026-06-02 23:21:22,treatment,0
USR_11553,2026-06-02 23:22:47,treatment,0
USR_04267,2026-06-02 23:23:31,control,0
USR_05490,2026-06-02 23:25:31,control,1
USR_11698,2026-06-02 23:26:24,treatment,0
USR_09175,2026-06-02 23:26:47,control,0
USR_09619,2026-06-02 23:28:58,control,0
USR_07660,2026-06-02 23:29:05,treatment,0
USR_18338,2026-06-02 23:31:26,control,0
USR_19715,2026-06-02 23:32:14,control,0
USR_02459,2026-06-02 23:32:20,treatment,0
USR_05346,2026-06-02 23:32:31,control,0
USR_03130,2026-06-02 23:32:47,treatment,0
USR_04764,2026-06-02 23:39:10,control,1
USR_18149,2026-06-02 23:39:28,control,0
USR_17274,2026-06-02 23:39:38,control,0
USR_19047,2026-06-02 23:40:10,control,0
USR_19048,2026-06-02 23:40:17,treatment,0
USR_04304,2026-06-02 23:41:07,treatment,0
USR_17139,2026-06-02 23:41:26,treatment,0
USR_11260,2026-06-02 23:44:19,control,0
USR_04467,2026-06-02 23:46:09,control,0
USR_01058,2026-06-02 23:47:10,treatment,0
USR_19449,2026-06-02 23:47:41,control,0
USR_08768,2026-06-02 23:47:56,treatment,0
USR_03529,2026-06-02 23:50:16,treatment,0
USR_09640,2026-06-02 23:50:43,treatment,0
USR_19333,2026-06-02 23:50:51,treatment,0
USR_00765,2026-06-02 23:52:16,control,1
USR_10594,2026-06-02 23:53:01,control,0
USR_07001,2026-06-02 23:53:03,treatment,0
USR_17085,2026-06-02 23:54:23,control,0
USR_07683,2026-06-02 23:58:01,treatment,0
USR_05830,2026-06-02 23:58:05,control,0
USR_00137,2026-06-02 23:58:30,control,0
USR_05093,2026-06-03 00:02:05,control,0
USR_15323,2026-06-03 00:03:13,control,0
USR_15328,2026-06-03 00:03:28,treatment,0
USR_11235,2026-06-03 00:05:56,control,0
USR_00301,2026-06-03 00:08:12,treatment,0
USR_16497,2026-06-03 00:09:58,treatment,0
USR_11148,2026-06-03 00:11:00,treatment,0
USR_02363,2026-06-03 00:11:46,control,0
USR_06980,2026-06-03 00:15:18,treatment,0
USR_18425,2026-06-03 00:15:34,control,0
USR_14782,2026-06-03 00:17:19,treatment,0
USR_19968,2026-06-03 00:17:56,treatment,0
USR_05446,2026-06-03 00:18:06,control,0
USR_06595,2026-06-03 00:18:29,control,0
USR_12595,2026-06-03 00:18:57,control,0
USR_11293,2026-06-03 00:19:26,control,0
USR_12048,2026-06-03 00:23:38,control,0
USR_10767,2026-06-03 00:24:09,treatment,0
USR_03717,2026-06-03 00:24:29,treatment,0
USR_09075,2026-06-03 00:24:51,treatment,0
USR_16137,2026-06-03 00:26:11,control,0
USR_11541,2026-06-03 00:26:34,treatment,0
USR_14494,2026-06-03 00:27:00,treatment,0
USR_17265,2026-06-03 00:28:28,treatment,0
USR_00725,2026-06-03 00:29:28,control,0
USR_12179,2026-06-03 00:31:59,control,0
USR_16516,2026-06-03 00:33:41,treatment,0
USR_05099,2026-06-03 00:33:49,treatment,0
USR_17010,2026-06-03 00:34:32,treatment,0
USR_00420,2026-06-03 00:36:33,control,0
USR_16206,2026-06-03 00:37:41,treatment,0
USR_06466,2026-06-03 00:39:21,control,0
USR_13814,2026-06-03 00:39:54,treatment,1
USR_07913,2026-06-03 00:41:23,treatment,1
USR_17640,2026-06-03 00:41:31,control,0
USR_09629,2026-06-03 00:41:42,treatment,0
USR_05062,2026-06-03 00:42:15,treatment,0
USR_18033,2026-06-03 00:43:03,control,0
USR_02476,2026-06-03 00:43:46,treatment,0
USR_12600,2026-06-03 00:44:32,control,0
USR_01933,2026-06-03 00:46:28,control,0
USR_09513,2026-06-03 00:49:31,control,0
USR_05686,2026-06-03 00:52:43,control,0
USR_02373,2026-06-03 00:52:58,treatment,0
USR_11635,2026-06-03 00:57:22,control,0
USR_08854,2026-06-03 00:59:04,treatment,0
USR_00485,2026-06-03 00:59:36,control,0
USR_06718,2026-06-03 01:01:41,treatment,0
USR_04553,2026-06-03 01:01:49,treatment,0
USR_04379,2026-06-03 01:02:12,treatment,0
USR_10844,2026-06-03 01:02:30,control,0
USR_03819,2026-06-03 01:02:45,control,0
USR_04886,2026-06-03 01:03:49,treatment,0
USR_02395,2026-06-03 01:04:05,treatment,0
USR_03341,2026-06-03 01:04:21,treatment,0
USR_12572,2026-06-03 01:05:03,control,1
USR_16306,2026-06-03 01:05:26,control,0
USR_17979,2026-06-03 01:05:45,treatment,0
USR_18775,2026-06-03 01:05:50,treatment,0
USR_11982,2026-06-03 01:05:54,control,0
USR_18961,2026-06-03 01:06:24,control,0
USR_02466,2026-06-03 01:06:53,treatment,0
USR_13356,2026-06-03 01:07:21,treatment,0
USR_05160,2026-06-03 01:08:13,control,0
USR_19040,2026-06-03 01:08:32,treatment,0
USR_15196,2026-06-03 01:10:27,control,0
USR_05886,2026-06-03 01:10:45,control,0
USR_05181,2026-06-03 01:11:11,treatment,0
USR_01259,2026-06-03 01:12:27,control,0
USR_09119,2026-06-03 01:13:28,control,0
USR_18815,2026-06-03 01:16:07,treatment,0
USR_13375,2026-06-03 01:19:41,control,0
USR_08075,2026-06-03 01:20:19,treatment,0
USR_09284,2026-06-03 01:21:22,control,0
USR_15029,2026-06-03 01:21:27,control,0
USR_02549,2026-06-03 01:22:28,control,0
USR_15603,2026-06-03 01:24:19,treatment,0
USR_18828,2026-06-03 01:24:56,treatment,0
USR_05255,2026-06-03 01:25:11,treatment,0
USR_13908,2026-06-03 01:26:37,treatment,0
USR_10899,2026-06-03 01:27:51,treatment,0
USR_15306,2026-06-03 01:27:55,treatment,0
USR_04313,2026-06-03 01:27:56,control,0
USR_11450,2026-06-03 01:28:35,control,0
USR_01170,2026-06-03 01:29:09,treatment,0
USR_02746,2026-06-03 01:29:41,control,0
USR_03507,2026-06-03 01:30:58,control,0
USR_11848,2026-06-03 01:31:18,treatment,0
USR_02149,2026-06-03 01:33:47,control,0
USR_05003,2026-06-03 01:35:53,control,0
USR_18448,2026-06-03 01:36:48,control,0
USR_07641,2026-06-03 01:37:02,control,0
USR_15250,2026-06-03 01:37:30,control,0
USR_05097,2026-06-03 01:37:30,treatment,0
USR_06514,2026-06-03 01:37:54,control,1
USR_17404,2026-06-03 01:38:44,control,0
USR_15291,2026-06-03 01:39:24,treatment,1
USR_02563,2026-06-03 01:40:30,treatment,0
USR_15469,2026-06-03 01:41:04,control,0
USR_07252,2026-06-03 01:41:14,control,0
USR_17230,2026-06-03 01:42:22,treatment,0
USR_11532,2026-06-03 01:44:06,control,1
USR_17232,2026-06-03 01:45:05,control,0
USR_10995,2026-06-03 01:45:17,control,0
USR_12407,2026-06-03 01:45:38,treatment,0
USR_03878,2026-06-03 01:46:58,treatment,0
USR_09775,2026-06-03 01:51:57,treatment,0
USR_04144,2026-06-03 01:53:00,control,0
USR_11228,2026-06-03 01:55:23,treatment,0
USR_00964,2026-06-03 01:56:46,control,0
USR_10808,2026-06-03 01:57:38,control,0
USR_00128,2026-06-03 01:58:34,control,0
USR_02581,2026-06-03 02:00:20,control,0
USR_18942,2026-06-03 02:01:24,treatment,0
USR_11013,2026-06-03 02:02:11,treatment,0
USR_14470,2026-06-03 02:02:50,treatment,0
USR_13061,2026-06-03 02:03:27,control,0
USR_16450,2026-06-03 02:04:53,control,0
USR_17769,2026-06-03 02:04:56,control,0
USR_12562,2026-06-03 02:05:11,control,0
USR_06952,2026-06-03 02:07:09,treatment,0
USR_17022,2026-06-03 02:07:20,treatment,0
USR_14064,2026-06-03 02:09:13,treatment,0
USR_19838,2026-06-03 02:10:34,treatment,0
USR_06432,2026-06-03 02:12:18,control,1
USR_11643,2026-06-03 02:13:31,control,0
USR_14663,2026-06-03 02:13:45,treatment,0
USR_13679,2026-06-03 02:13:47,treatment,0
USR_03942,2026-06-03 02:14:58,control,0
USR_12157,2026-06-03 02:15:57,treatment,0
USR_11410,2026-06-03 02:16:32,control,0
USR_08601,2026-06-03 02:16:54,control,0
USR_15982,2026-06-03 02:17:42,control,0
USR_08176,2026-06-03 02:18:14,treatment,0
USR_17741,2026-06-03 02:19:28,treatment,1
USR_14502,2026-06-03 02:23:18,control,0
USR_18723,2026-06-03 02:23:33,treatment,0
USR_12729,2026-06-03 02:24:10,control,0
USR_02812,2026-06-03 02:25:51,treatment,0
USR_19898,2026-06-03 02:27:29,control,0
USR_10976,2026-06-03 02:27:42,control,0
USR_11131,2026-06-03 02:28:11,treatment,0
USR_11667,2026-06-03 02:29:09,control,0
USR_01766,2026-06-03 02:31:22,treatment,0
USR_09469,2026-06-03 02:31:59,control,0
USR_14251,2026-06-03 02:32:34,control,0
USR_15842,2026-06-03 02:37:43,control,0
USR_09370,2026-06-03 02:38:25,treatment,0
USR_07513,2026-06-03 02:38:47,control,1
USR_13355,2026-06-03 02:39:22,control,0
USR_09785,2026-06-03 02:39:25,control,0
USR_15307,2026-06-03 02:40:07,treatment,0
USR_04358,2026-06-03 02:40:24,treatment,1
USR_18839,2026-06-03 02:40:44,control,0
USR_13876,2026-06-03 02:43:25,treatment,0
USR_11492,2026-06-03 02:45:44,treatment,0
USR_14441,2026-06-03 02:47:31,control,0
USR_06837,2026-06-03 02:48:43,treatment,0
USR_09289,2026-06-03 02:49:39,control,0
USR_10988,2026-06-03 02:51:28,control,0
USR_05494,2026-06-03 02:52:06,treatment,0
USR_02066,2026-06-03 02:52:14,treatment,0
USR_03230,2026-06-03 02:52:39,treatment,0
USR_14133,2026-06-03 02:52:52,control,0
USR_04898,2026-06-03 02:53:44,control,0
USR_16093,2026-06-03 02:54:05,treatment,1
USR_08394,2026-06-03 02:54:15,control,0
USR_04962,2026-06-03 02:54:33,treatment,0
USR_02333,2026-06-03 02:56:08,treatment,0
USR_14219,2026-06-03 02:58:12,control,0
USR_03669,2026-06-03 03:01:48,treatment,0
USR_14010,2026-06-03 03:01:54,control,0
USR_01062,2026-06-03 03:02:11,control,0
USR_15898,2026-06-03 03:04:34,control,0
USR_10959,2026-06-03 03:06:14,treatment,0
USR_17863,2026-06-03 03:07:31,control,0
USR_11217,2026-06-03 03:07:39,treatment,0
USR_00489,2026-06-03 03:10:40,treatment,0
USR_02866,2026-06-03 03:10:48,control,0
USR_16045,2026-06-03 03:12:25,control,0
USR_10068,2026-06-03 03:13:14,treatment,1
USR_04134,2026-06-03 03:13:37,control,0
USR_09458,2026-06-03 03:14:09,control,0
USR_02275,2026-06-03 03:16:15,treatment,0
USR_13988,2026-06-03 03:17:11,treatment,0
USR_03810,2026-06-03 03:20:24,treatment,1
USR_00497,2026-06-03 03:22:19,control,0
USR_18501,2026-06-03 03:22:34,treatment,0
USR_04174,2026-06-03 03:22:49,treatment,1
USR_00199,2026-06-03 03:23:11,control,0
USR_02217,2026-06-03 03:24:05,treatment,0
USR_12774,2026-06-03 03:25:28,treatment,0
USR_00993,2026-06-03 03:27:49,treatment,0
USR_16405,2026-06-03 03:28:07,treatment,0
USR_13734,2026-06-03 03:31:40,treatment,0
USR_13262,2026-06-03 03:31:59,control,0
USR_16114,2026-06-03 03:33:14,treatment,0
USR_00249,2026-06-03 03:33:46,control,0
USR_11691,2026-06-03 03:33:58,treatment,0
USR_10020,2026-06-03 03:35:34,treatment,0
USR_17561,2026-06-03 03:35:57,treatment,1
USR_10042,2026-06-03 03:36:22,control,0
USR_02830,2026-06-03 03:38:50,control,0
USR_09065,2026-06-03 03:39:48,control,0
USR_17607,2026-06-03 03:39:55,treatment,0
USR_07579,2026-06-03 03:41:44,control,0
USR_13987,2026-06-03 03:42:00,treatment,0
USR_09067,2026-06-03 03:43:38,control,0
USR_14531,2026-06-03 03:44:53,treatment,0
USR_17000,2026-06-03 03:45:54,control,0
USR_11793,2026-06-03 03:48:38,treatment,0
USR_11914,2026-06-03 03:51:14,treatment,0
USR_08060,2026-06-03 03:51:23,control,0
USR_14899,2026-06-03 03:53:53,treatment,0
USR_03842,2026-06-03 03:54:06,treatment,0
USR_03788,2026-06-03 03:57:17,treatment,0
USR_03739,2026-06-03 03:57:50,treatment,0
USR_07045,2026-06-03 03:58:09,control,0
USR_11696,2026-06-03 03:58:13,control,0
USR_00410,2026-06-03 03:58:34,treatment,1
USR_09670,2026-06-03 04:00:32,treatment,1
USR_12361,2026-06-03 04:00:45,control,0
USR_13538,2026-06-03 04:00:48,treatment,1
USR_06171,2026-06-03 04:02:09,treatment,0
USR_00151,2026-06-03 04:04:15,treatment,0
USR_16058,2026-06-03 04:06:25,control,0
USR_13745,2026-06-03 04:08:18,treatment,0
USR_15684,2026-06-03 04:09:01,control,0
USR_19910,2026-06-03 04:11:11,control,0
USR_07284,2026-06-03 04:11:39,treatment,0
USR_14413,2026-06-03 04:12:05,control,0
USR_07098,2026-06-03 04:14:51,treatment,0
USR_01620,2026-06-03 04:15:50,treatment,0
USR_16795,2026-06-03 04:16:15,control,0
USR_04950,2026-06-03 04:20:44,control,0
USR_01855,2026-06-03 04:21:06,control,0
USR_08453,2026-06-03 04:22:27,treatment,0
USR_14843,2026-06-03 04:22:51,treatment,0
USR_14680,2026-06-03 04:24:21,treatment,0
USR_08206,2026-06-03 04:24:58,control,0
USR_15338,2026-06-03 04:25:22,control,0
USR_19056,2026-06-03 04:27:04,control,0
USR_02869,2026-06-03 04:28:18,control,0
USR_18510,2026-06-03 04:28:48,control,0
USR_07610,2026-06-03 04:30:16,control,1
USR_03364,2026-06-03 04:31:40,treatment,0
USR_17538,2026-06-03 04:32:27,control,1
USR_03847,2026-06-03 04:33:54,treatment,0
USR_02627,2026-06-03 04:34:00,control,0
USR_05678,2026-06-03 04:34:38,treatment,0
USR_01613,2026-06-03 04:35:06,treatment,0
USR_14336,2026-06-03 04:36:18,control,0
USR_19466,2026-06-03 04:38:28,treatment,0
USR_02677,2026-06-03 04:38:57,control,0
USR_12514,2026-06-03 04:40:24,control,0
USR_18399,2026-06-03 04:41:34,treatment,0
USR_02916,2026-06-03 04:43:06,control,0
USR_00659,2026-06-03 04:45:26,treatment,0
USR_05170,2026-06-03 04:45:31,control,0
USR_01858,2026-06-03 04:46:49,treatment,1
USR_08933,2026-06-03 04:46:51,control,0
USR_03191,2026-06-03 04:47:14,treatment,0
USR_15497,2026-06-03 04:47:50,control,0
USR_16757,2026-06-03 04:47:54,treatment,0
USR_13013,2026-06-03 04:48:31,control,0
USR_07471,2026-06-03 04:48:48,control,0
USR_02528,2026-06-03 04:48:57,control,1
USR_13106,2026-06-03 04:49:33,treatment,1
USR_16663,2026-06-03 04:50:56,treatment,0
USR_18001,2026-06-03 04:51:10,treatment,1
USR_12880,2026-06-03 04:53:47,control,0
USR_02012,2026-06-03 04:54:47,control,0
USR_18101,2026-06-03 04:55:15,control,0
USR_05890,2026-06-03 04:55:45,control,0
USR_09154,2026-06-03 04:56:43,treatment,0
USR_06088,2026-06-03 04:56:54,treatment,0
USR_18454,2026-06-03 04:57:23,control,0
USR_06055,2026-06-03 04:59:58,treatment,0
USR_00939,2026-06-03 05:02:14,control,0
USR_18835,2026-06-03 05:03:36,treatment,0
USR_10981,2026-06-03 05:05:13,treatment,0
USR_00592,2026-06-03 05:07:19,treatment,0
USR_19026,2026-06-03 05:08:19,control,0
USR_16054,2026-06-03 05:08:50,treatment,0
USR_07323,2026-06-03 05:09:38,treatment,1
USR_14645,2026-06-03 05:10:25,treatment,0
USR_08237,2026-06-03 05:10:27,treatment,0
USR_13678,2026-06-03 05:14:11,treatment,0
USR_13613,2026-06-03 05:14:44,control,0
USR_10253,2026-06-03 05:14:55,control,0
USR_09951,2026-06-03 05:15:00,control,0
USR_06753,2026-06-03 05:15:11,control,0
USR_04447,2026-06-03 05:16:06,treatment,0
USR_03343,2026-06-03 05:16:21,treatment,0
USR_11926,2026-06-03 05:16:35,control,0
USR_08141,2026-06-03 05:17:32,control,0
USR_11311,2026-06-03 05:18:23,treatment,0
USR_13229,2026-06-03 05:19:51,treatment,0
USR_04687,2026-06-03 05:20:43,control,0
USR_11317,2026-06-03 05:20:48,treatment,0
USR_18875,2026-06-03 05:23:20,treatment,1
USR_02873,2026-06-03 05:24:56,control,0
USR_19049,2026-06-03 05:25:49,control,0
USR_17347,2026-06-03 05:26:43,treatment,0
USR_17766,2026-06-03 05:28:09,treatment,0
USR_11939,2026-06-03 05:28:23,treatment,0
USR_17740,2026-06-03 05:29:08,treatment,0
USR_13074,2026-06-03 05:30:21,treatment,0
USR_15355,2026-06-03 05:30:31,treatment,1
USR_13875,2026-06-03 05:30:46,treatment,0
USR_15501,2026-06-03 05:36:19,treatment,0
USR_06442,2026-06-03 05:36:26,treatment,0
USR_05603,2026-06-03 05:38:07,treatment,1
USR_16886,2026-06-03 05:39:46,control,0
USR_04966,2026-06-03 05:43:48,control,0
USR_03372,2026-06-03 05:46:48,treatment,0
USR_17390,2026-06-03 05:46:51,treatment,0
USR_07962,2026-06-03 05:47:16,control,0
USR_11825,2026-06-03 05:48:15,control,0
USR_01996,2026-06-03 05:48:17,control,0
USR_16847,2026-06-03 05:48:35,treatment,0
USR_12718,2026-06-03 05:48:36,treatment,0
USR_06828,2026-06-03 05:48:52,control,0
USR_17426,2026-06-03 05:49:07,treatment,0
USR_07374,2026-06-03 05:50:50,treatment,0
USR_11664,2026-06-03 05:53:02,control,0
USR_19810,2026-06-03 05:53:26,control,0
USR_14337,2026-06-03 05:53:41,treatment,0
USR_06426,2026-06-03 05:54:11,control,0
USR_09157,2026-06-03 05:55:24,treatment,0
USR_09703,2026-06-03 05:55:50,control,0
USR_04062,2026-06-03 05:56:13,control,0
USR_00121,2026-06-03 05:56:56,control,0
USR_13500,2026-06-03 05:57:00,treatment,0
USR_11106,2026-06-03 05:57:20,control,0
USR_03174,2026-06-03 05:58:20,treatment,0
USR_04601,2026-06-03 05:58:40,control,0
USR_04448,2026-06-03 05:59:42,treatment,1
USR_18090,2026-06-03 05:59:50,control,0
USR_08742,2026-06-03 06:00:37,control,1
USR_07027,2026-06-03 06:01:40,control,0
USR_05484,2026-06-03 06:02:20,treatment,0
USR_12237,2026-06-03 06:03:46,treatment,0
USR_10631,2026-06-03 06:04:05,control,0
USR_11314,2026-06-03 06:04:49,control,0
USR_09215,2026-06-03 06:08:06,treatment,0
USR_14468,2026-06-03 06:09:23,treatment,0
USR_13446,2026-06-03 06:12:21,control,0
USR_14684,2026-06-03 06:12:51,control,0
USR_19529,2026-06-03 06:14:00,control,0
USR_06506,2026-06-03 06:15:20,treatment,0
USR_04686,2026-06-03 06:17:40,treatment,0
USR_03779,2026-06-03 06:18:41,treatment,1
USR_16479,2026-06-03 06:20:24,treatment,0
USR_13644,2026-06-03 06:20:28,treatment,1
USR_07738,2026-06-03 06:21:04,treatment,1
USR_08163,2026-06-03 06:21:22,control,0
USR_15705,2026-06-03 06:21:55,treatment,0
USR_06698,2026-06-03 06:22:04,treatment,0
USR_18289,2026-06-03 06:22:09,control,0
USR_04506,2026-06-03 06:29:16,control,0
USR_08361,2026-06-03 06:29:47,treatment,0
USR_03613,2026-06-03 06:29:58,treatment,0
USR_12064,2026-06-03 06:30:15,control,0
USR_06906,2026-06-03 06:31:14,treatment,0
USR_09131,2026-06-03 06:31:58,control,0
USR_05872,2026-06-03 06:33:18,treatment,0
USR_11457,2026-06-03 06:34:11,treatment,0
USR_11966,2026-06-03 06:35:08,control,0
USR_16079,2026-06-03 06:35:57,control,0
USR_12275,2026-06-03 06:36:02,control,0
USR_16878,2026-06-03 06:36:33,treatment,1
USR_18598,2026-06-03 06:39:41,treatment,0
USR_01834,2026-06-03 06:40:05,treatment,0
USR_15465,2026-06-03 06:40:22,control,0
USR_17702,2026-06-03 06:43:24,treatment,0
USR_01396,2026-06-03 06:43:40,control,0
USR_02424,2026-06-03 06:43:53,treatment,0
USR_02834,2026-06-03 06:44:47,control,0
USR_13821,2026-06-03 06:48:20,treatment,0
USR_09644,2026-06-03 06:50:21,control,0
USR_17531,2026-06-03 06:50:32,control,0
USR_14460,2026-06-03 06:50:35,control,0
USR_16144,2026-06-03 06:52:40,treatment,0
USR_00166,2026-06-03 06:55:33,control,1
USR_04863,2026-06-03 06:56:22,treatment,0
USR_06144,2026-06-03 06:56:49,control,0
USR_14592,2026-06-03 06:59:13,treatment,0
USR_14276,2026-06-03 07:00:52,treatment,0
USR_14124,2026-06-03 07:01:19,treatment,0
USR_00679,2026-06-03 07:01:27,control,0
USR_16423,2026-06-03 07:02:40,control,0
USR_01501,2026-06-03 07:03:21,control,0
USR_01104,2026-06-03 07:05:11,control,0
USR_15496,2026-06-03 07:05:25,treatment,0
USR_17706,2026-06-03 07:06:18,control,0
USR_18038,2026-06-03 07:08:55,treatment,0
USR_06315,2026-06-03 07:09:39,control,0
USR_04231,2026-06-03 07:11:33,treatment,0
USR_12472,2026-06-03 07:11:39,treatment,0
USR_19998,2026-06-03 07:12:06,treatment,0
USR_00347,2026-06-03 07:12:07,control,0
USR_19474,2026-06-03 07:12:22,control,0
USR_05328,2026-06-03 07:13:43,control,0
USR_08610,2026-06-03 07:14:24,treatment,0
USR_19640,2026-06-03 07:14:34,treatment,0
USR_11746,2026-06-03 07:16:27,control,0
USR_09704,2026-06-03 07:18:03,treatment,0
USR_10416,2026-06-03 07:18:12,treatment,0
USR_03109,2026-06-03 07:19:16,control,0
USR_18991,2026-06-03 07:20:57,control,0
USR_18355,2026-06-03 07:21:43,control,0
USR_05378,2026-06-03 07:23:49,control,0
USR_06446,2026-06-03 07:24:20,treatment,0
USR_13204,2026-06-03 07:24:39,control,0
USR_04976,2026-06-03 07:27:00,treatment,0
USR_10344,2026-06-03 07:27:53,treatment,0
USR_07661,2026-06-03 07:28:42,treatment,0
USR_05577,2026-06-03 07:30:55,control,0
USR_01823,2026-06-03 07:31:27,treatment,0
USR_09735,2026-06-03 07:32:09,control,0
USR_06424,2026-06-03 07:32:49,control,0
USR_08467,2026-06-03 07:33:49,control,0
USR_19749,2026-06-03 07:34:46,treatment,0
USR_06841,2026-06-03 07:34:51,treatment,0
USR_19072,2026-06-03 07:37:31,control,0
USR_01611,2026-06-03 07:37:37,control,0
USR_09721,2026-06-03 07:38:07,control,0
USR_14007,2026-06-03 07:38:18,control,0
USR_14365,2026-06-03 07:38:20,control,0
USR_13334,2026-06-03 07:39:34,treatment,0
USR_00917,2026-06-03 07:39:58,control,0
USR_04532,2026-06-03 07:42:24,control,0
USR_19955,2026-06-03 07:43:11,control,0
USR_11594,2026-06-03 07:44:10,treatment,0
USR_19237,2026-06-03 07:44:12,treatment,0
USR_09680,2026-06-03 07:45:31,control,0
USR_18178,2026-06-03 07:45:44,control,0
USR_06711,2026-06-03 07:45:48,treatment,0
USR_02750,2026-06-03 07:47:15,control,0
USR_01521,2026-06-03 07:47:54,control,0
USR_19858,2026-06-03 07:48:03,treatment,0
USR_07548,2026-06-03 07:48:32,treatment,0
USR_19287,2026-06-03 07:55:09,control,1
USR_17546,2026-06-03 07:56:00,treatment,0
USR_11480,2026-06-03 07:58:57,control,0
USR_17234,2026-06-03 07:59:01,treatment,0
USR_18199,2026-06-03 08:01:07,control,0
USR_02536,2026-06-03 08:01:39,treatment,0
USR_10876,2026-06-03 08:01:53,treatment,0
USR_02178,2026-06-03 08:02:09,treatment,0
USR_09369,2026-06-03 08:02:19,treatment,1
USR_16340,2026-06-03 08:02:53,control,0
USR_09086,2026-06-03 08:03:16,treatment,0
USR_15508,2026-06-03 08:03:20,treatment,1
USR_13557,2026-06-03 08:06:29,treatment,0
USR_11427,2026-06-03 08:08:09,control,0
USR_11488,2026-06-03 08:10:01,control,0
USR_04833,2026-06-03 08:10:08,treatment,0
USR_17140,2026-06-03 08:12:17,control,0
USR_04761,2026-06-03 08:12:34,treatment,0
USR_12433,2026-06-03 08:12:44,treatment,0
USR_03591,2026-06-03 08:13:50,treatment,0
USR_09695,2026-06-03 08:14:19,control,0
USR_18113,2026-06-03 08:14:45,treatment,0
USR_09817,2026-06-03 08:15:29,treatment,0
USR_03836,2026-06-03 08:16:32,control,0
USR_04625,2026-06-03 08:17:23,treatment,1
USR_03883,2026-06-03 08:20:11,control,0
USR_18481,2026-06-03 08:20:54,control,1
USR_13630,2026-06-03 08:20:58,control,0
USR_14353,2026-06-03 08:21:09,control,0
USR_08104,2026-06-03 08:21:11,control,0
USR_08527,2026-06-03 08:23:23,treatment,0
USR_19629,2026-06-03 08:23:56,control,0
USR_12604,2026-06-03 08:24:01,treatment,0
USR_05141,2026-06-03 08:24:14,control,0
USR_13731,2026-06-03 08:24:35,treatment,0
USR_05340,2026-06-03 08:29:12,treatment,0
USR_13579,2026-06-03 08:29:42,treatment,0
USR_15513,2026-06-03 08:29:52,treatment,0
USR_19305,2026-06-03 08:31:04,control,0
USR_17726,2026-06-03 08:32:32,treatment,0
USR_11522,2026-06-03 08:32:41,treatment,0
USR_13667,2026-06-03 08:33:51,control,0
USR_13347,2026-06-03 08:37:42,treatment,0
USR_11588,2026-06-03 08:38:25,control,0
USR_07891,2026-06-03 08:38:45,control,1
USR_04509,2026-06-03 08:40:10,control,0
USR_09593,2026-06-03 08:40:12,treatment,0
USR_18708,2026-06-03 08:40:36,treatment,0
USR_19084,2026-06-03 08:42:21,treatment,0
USR_03311,2026-06-03 08:42:28,control,0
USR_15937,2026-06-03 08:44:07,control,1
USR_18078,2026-06-03 08:44:25,control,0
USR_10206,2026-06-03 08:45:42,treatment,0
USR_19347,2026-06-03 08:46:50,treatment,0
USR_18581,2026-06-03 08:46:58,treatment,0
USR_06972,2026-06-03 08:47:54,treatment,0
USR_15177,2026-06-03 08:48:27,treatment,0
USR_15980,2026-06-03 08:48:57,treatment,0
USR_13230,2026-06-03 08:49:32,treatment,0
USR_05873,2026-06-03 08:51:06,control,0
USR_00366,2026-06-03 08:51:36,control,0
USR_14434,2026-06-03 08:52:56,treatment,0
USR_03104,2026-06-03 08:53:12,treatment,0
USR_08916,2026-06-03 08:53:24,treatment,0
USR_04368,2026-06-03 08:55:39,treatment,0
USR_05496,2026-06-03 08:56:28,control,1
USR_09259,2026-06-03 08:56:43,treatment,1
USR_10235,2026-06-03 08:57:00,control,0
USR_01599,2026-06-03 08:58:07,treatment,0
USR_08348,2026-06-03 08:59:19,control,0
USR_03308,2026-06-03 08:59:35,treatment,0
USR_19099,2026-06-03 08:59:40,treatment,0
USR_00013,2026-06-03 08:59:50,treatment,0
USR_06061,2026-06-03 09:00:57,control,0
USR_11267,2026-06-03 09:01:27,control,0
USR_15740,2026-06-03 09:02:47,control,0
USR_13224,2026-06-03 09:03:29,treatment,0
USR_18956,2026-06-03 09:04:13,control,0
USR_06005,2026-06-03 09:04:28,control,0
USR_12207,2026-06-03 09:05:16,treatment,1
USR_16403,2026-06-03 09:06:51,control,0
USR_15185,2026-06-03 09:06:51,treatment,0
USR_03769,2026-06-03 09:07:46,treatment,0
USR_01127,2026-06-03 09:08:25,control,0
USR_03666,2026-06-03 09:10:53,treatment,0
USR_07094,2026-06-03 09:11:47,control,0
USR_10577,2026-06-03 09:12:27,control,0
USR_18375,2026-06-03 09:12:36,treatment,0
USR_03228,2026-06-03 09:12:59,control,0
USR_10537,2026-06-03 09:16:07,control,0
USR_08943,2026-06-03 09:16:22,control,0
USR_14350,2026-06-03 09:16:32,control,0
USR_14602,2026-06-03 09:16:34,treatment,0
USR_06440,2026-06-03 09:17:05,control,0
USR_16587,2026-06-03 09:17:43,treatment,0
USR_04171,2026-06-03 09:18:41,control,0
USR_03843,2026-06-03 09:18:43,control,0
USR_14917,2026-06-03 09:19:36,control,0
USR_19574,2026-06-03 09:19:44,treatment,0
USR_19505,2026-06-03 09:20:08,control,0
USR_06236,2026-06-03 09:20:17,treatment,0
USR_14031,2026-06-03 09:20:54,treatment,0
USR_00344,2026-06-03 09:21:51,control,0
USR_01981,2026-06-03 09:22:14,control,0
USR_06060,2026-06-03 09:22:29,control,0
USR_15233,2026-06-03 09:23:20,treatment,0
USR_09852,2026-06-03 09:25:11,treatment,0
USR_04585,2026-06-03 09:26:05,treatment,0
USR_16730,2026-06-03 09:26:18,control,0
USR_06897,2026-06-03 09:26:44,treatment,0
USR_02329,2026-06-03 09:27:46,treatment,0
USR_05546,2026-06-03 09:28:05,treatment,0
USR_08758,2026-06-03 09:31:37,treatment,0
USR_03651,2026-06-03 09:31:51,control,0
USR_13880,2026-06-03 09:33:24,treatment,0
USR_19506,2026-06-03 09:35:17,control,0
USR_19512,2026-06-03 09:37:39,control,0
USR_08756,2026-06-03 09:40:02,control,0
USR_12628,2026-06-03 09:40:30,control,0
USR_16419,2026-06-03 09:41:05,control,0
USR_02888,2026-06-03 09:41:30,treatment,0
USR_02578,2026-06-03 09:41:55,control,0
USR_03267,2026-06-03 09:43:22,treatment,0
USR_10744,2026-06-03 09:43:25,treatment,0
USR_09892,2026-06-03 09:45:33,treatment,0
USR_08635,2026-06-03 09:46:47,control,0
USR_10436,2026-06-03 09:47:57,treatment,0
USR_03744,2026-06-03 09:48:01,control,0
USR_13839,2026-06-03 09:48:02,treatment,0
USR_18611,2026-06-03 09:48:51,treatment,0
USR_13056,2026-06-03 09:49:06,treatment,0
USR_09847,2026-06-03 09:49:07,treatment,1
USR_09711,2026-06-03 09:51:04,control,0
USR_19091,2026-06-03 09:52:03,treatment,1
USR_16199,2026-06-03 09:53:37,control,0
USR_07226,2026-06-03 09:54:28,treatment,0
USR_01356,2026-06-03 09:56:07,treatment,0
USR_16379,2026-06-03 09:58:00,control,0
USR_11833,2026-06-03 09:59:43,control,0
USR_10732,2026-06-03 10:00:59,control,0
USR_13544,2026-06-03 10:03:53,treatment,0
USR_09910,2026-06-03 10:04:11,treatment,0
USR_18321,2026-06-03 10:04:42,treatment,0
USR_15082,2026-06-03 10:04:51,control,0
USR_07068,2026-06-03 10:05:05,treatment,0
USR_01166,2026-06-03 10:06:09,control,0
USR_08785,2026-06-03 10:07:17,treatment,0
USR_14651,2026-06-03 10:07:29,treatment,0
USR_07151,2026-06-03 10:08:14,treatment,0
USR_03419,2026-06-03 10:08:34,control,0
USR_01480,2026-06-03 10:11:16,treatment,0
USR_08873,2026-06-03 10:12:07,control,0
USR_09281,2026-06-03 10:13:56,control,1
USR_13600,2026-06-03 10:16:10,treatment,0
USR_07023,2026-06-03 10:16:47,treatment,0
USR_18467,2026-06-03 10:17:27,treatment,0
USR_16263,2026-06-03 10:19:31,treatment,0
USR_01140,2026-06-03 10:22:20,control,1
USR_12343,2026-06-03 10:25:39,treatment,0
USR_02367,2026-06-03 10:25:52,treatment,0
USR_05922,2026-06-03 10:27:15,control,0
USR_18324,2026-06-03 10:28:05,control,0
USR_06351,2026-06-03 10:29:31,control,0
USR_16053,2026-06-03 10:30:02,control,0
USR_04429,2026-06-03 10:31:49,control,0
USR_02370,2026-06-03 10:34:19,control,0
USR_16282,2026-06-03 10:34:29,treatment,0
USR_14968,2026-06-03 10:34:53,treatment,0
USR_15124,2026-06-03 10:34:59,treatment,0
USR_14729,2026-06-03 10:36:10,control,0
USR_17985,2026-06-03 10:37:16,treatment,0
USR_13081,2026-06-03 10:38:10,treatment,0
USR_00876,2026-06-03 10:39:50,treatment,0
USR_12231,2026-06-03 10:39:51,treatment,0
USR_15671,2026-06-03 10:40:03,treatment,1
USR_16736,2026-06-03 10:40:07,treatment,0
USR_19792,2026-06-03 10:40:24,control,0
USR_17344,2026-06-03 10:41:02,treatment,0
USR_11744,2026-06-03 10:41:50,control,0
USR_07101,2026-06-03 10:42:58,control,0
USR_05933,2026-06-03 10:44:15,treatment,0
USR_08159,2026-06-03 10:45:09,treatment,0
USR_19472,2026-06-03 10:45:41,treatment,0
USR_18922,2026-06-03 10:46:19,control,0
USR_13218,2026-06-03 10:47:21,treatment,0
USR_16842,2026-06-03 10:48:23,control,0
USR_01665,2026-06-03 10:48:44,treatment,0
USR_03890,2026-06-03 10:49:34,control,0
USR_18447,2026-06-03 10:50:08,treatment,0
USR_04746,2026-06-03 10:50:20,control,0
USR_00761,2026-06-03 10:50:45,treatment,0
USR_00749,2026-06-03 10:53:14,control,0
USR_11074,2026-06-03 10:53:46,treatment,0
USR_06936,2026-06-03 10:55:47,treatment,0
USR_01137,2026-06-03 10:56:32,control,0
USR_04498,2026-06-03 10:57:12,treatment,0
USR_13408,2026-06-03 10:57:33,control,0
USR_05387,2026-06-03 10:58:34,control,0
USR_17959,2026-06-03 10:59:08,control,0
USR_18642,2026-06-03 11:00:34,treatment,0
USR_14070,2026-06-03 11:01:12,treatment,0
USR_04973,2026-06-03 11:03:44,control,0
USR_06955,2026-06-03 11:04:54,control,0
USR_04012,2026-06-03 11:05:57,control,0
USR_09052,2026-06-03 11:06:33,control,0
USR_01810,2026-06-03 11:08:11,treatment,0
USR_18905,2026-06-03 11:09:26,treatment,0
USR_13812,2026-06-03 11:09:52,treatment,0
USR_10184,2026-06-03 11:10:47,control,0
USR_17023,2026-06-03 11:11:59,control,0
USR_00300,2026-06-03 11:12:03,treatment,0
USR_08301,2026-06-03 11:12:31,treatment,0
USR_15857,2026-06-03 11:12:49,control,0
USR_08274,2026-06-03 11:14:19,control,0
USR_18152,2026-06-03 11:16:59,control,0
USR_01656,2026-06-03 11:17:01,treatment,0
USR_16712,2026-06-03 11:17:21,treatment,0
USR_14182,2026-06-03 11:18:33,control,0
USR_05576,2026-06-03 11:20:23,control,0
USR_09896,2026-06-03 11:20:37,treatment,0
USR_14576,2026-06-03 11:20:39,control,0
USR_09133,2026-06-03 11:21:05,control,0
USR_04569,2026-06-03 11:21:34,treatment,0
USR_17477,2026-06-03 11:22:05,treatment,0
USR_16184,2026-06-03 11:22:50,control,0
USR_12192,2026-06-03 11:23:55,treatment,0
USR_15315,2026-06-03 11:23:56,control,0
USR_14103,2026-06-03 11:24:39,treatment,0
USR_02101,2026-06-03 11:24:49,treatment,0
USR_18115,2026-06-03 11:25:29,control,1
USR_06548,2026-06-03 11:25:42,treatment,0
USR_15055,2026-06-03 11:27:00,treatment,0
USR_10536,2026-06-03 11:27:04,treatment,0
USR_07504,2026-06-03 11:28:16,control,1
USR_00339,2026-06-03 11:30:44,treatment,0
USR_02117,2026-06-03 11:31:21,control,0
USR_14991,2026-06-03 11:31:38,treatment,0
USR_13872,2026-06-03 11:32:55,control,0
USR_08688,2026-06-03 11:33:21,control,0
USR_08296,2026-06-03 11:35:25,control,0
USR_02823,2026-06-03 11:35:54,treatment,0
USR_04512,2026-06-03 11:35:59,treatment,0
USR_07963,2026-06-03 11:36:56,treatment,1
USR_06872,2026-06-03 11:37:26,control,0
USR_04803,2026-06-03 11:38:11,treatment,0
USR_00794,2026-06-03 11:39:22,control,0
USR_13323,2026-06-03 11:39:26,control,0
USR_00113,2026-06-03 11:40:00,control,0
USR_02559,2026-06-03 11:42:23,control,1
USR_14492,2026-06-03 11:44:44,treatment,0
USR_12057,2026-06-03 11:45:26,treatment,0
USR_13938,2026-06-03 11:45:47,control,0
USR_00267,2026-06-03 11:48:16,control,0
USR_19200,2026-06-03 11:48:47,control,1
USR_19564,2026-06-03 11:48:47,control,0
USR_01502,2026-06-03 11:48:52,control,0
USR_17534,2026-06-03 11:50:00,treatment,0
USR_00119,2026-06-03 11:50:03,treatment,1
USR_12686,2026-06-03 11:50:22,treatment,0
USR_07263,2026-06-03 11:50:38,treatment,0
USR_16119,2026-06-03 11:51:18,treatment,0
USR_05079,2026-06-03 11:55:23,control,0
USR_01307,2026-06-03 11:55:33,treatment,0
USR_12888,2026-06-03 11:56:02,control,0
USR_13931,2026-06-03 11:56:05,control,0
USR_19289,2026-06-03 11:57:17,treatment,0
USR_04345,2026-06-03 11:57:45,treatment,0
USR_15149,2026-06-03 11:58:26,treatment,0
USR_07268,2026-06-03 12:00:27,treatment,0
USR_03658,2026-06-03 12:01:28,treatment,0
USR_07291,2026-06-03 12:02:46,treatment,0
USR_17146,2026-06-03 12:02:50,control,0
USR_12795,2026-06-03 12:04:21,treatment,1
USR_00388,2026-06-03 12:05:12,control,0
USR_16681,2026-06-03 12:05:14,treatment,0
USR_05739,2026-06-03 12:06:01,treatment,0
USR_14447,2026-06-03 12:06:55,control,0
USR_17467,2026-06-03 12:07:01,control,0
USR_19661,2026-06-03 12:07:05,control,0
USR_04953,2026-06-03 12:08:34,control,0
USR_12982,2026-06-03 12:09:38,control,0
USR_17468,2026-06-03 12:12:16,treatment,0
USR_05272,2026-06-03 12:16:13,treatment,0
USR_09508,2026-06-03 12:16:14,treatment,0
USR_01872,2026-06-03 12:18:14,control,0
USR_05198,2026-06-03 12:18:52,treatment,0
USR_12830,2026-06-03 12:20:38,control,0
USR_18182,2026-06-03 12:21:25,control,0
USR_00501,2026-06-03 12:21:33,treatment,0
USR_15405,2026-06-03 12:21:57,control,0
USR_05756,2026-06-03 12:23:34,control,0
USR_10400,2026-06-03 12:24:35,treatment,1
USR_10452,2026-06-03 12:24:37,control,0
USR_14563,2026-06-03 12:24:44,control,0
USR_18020,2026-06-03 12:24:53,control,0
USR_11214,2026-06-03 12:25:11,treatment,0
USR_03531,2026-06-03 12:25:22,control,1
USR_15811,2026-06-03 12:26:13,treatment,0
USR_17642,2026-06-03 12:26:24,control,0
USR_19403,2026-06-03 12:26:39,treatment,0
USR_09371,2026-06-03 12:29:28,control,0
USR_07388,2026-06-03 12:29:30,treatment,0
USR_10848,2026-06-03 12:30:24,control,0
USR_12341,2026-06-03 12:30:31,control,0
USR_18018,2026-06-03 12:30:31,control,0
USR_08996,2026-06-03 12:30:54,treatment,0
USR_00318,2026-06-03 12:31:41,control,0
USR_07180,2026-06-03 12:33:32,treatment,0
USR_11839,2026-06-03 12:34:44,treatment,0
USR_13851,2026-06-03 12:37:31,treatment,0
USR_16849,2026-06-03 12:38:36,treatment,1
USR_16097,2026-06-03 12:38:43,control,0
USR_03857,2026-06-03 12:39:22,treatment,0
USR_06254,2026-06-03 12:40:35,control,0
USR_01765,2026-06-03 12:41:05,control,0
USR_10442,2026-06-03 12:43:37,control,0
USR_05315,2026-06-03 12:45:09,treatment,0
USR_01375,2026-06-03 12:45:53,treatment,0
USR_08119,2026-06-03 12:46:02,treatment,0
USR_01876,2026-06-03 12:46:04,treatment,0
USR_06339,2026-06-03 12:47:37,control,0
USR_02405,2026-06-03 12:48:20,treatment,1
USR_17972,2026-06-03 12:49:43,control,0
USR_16374,2026-06-03 12:51:13,treatment,0
USR_02407,2026-06-03 12:52:36,control,0
USR_00317,2026-06-03 12:52:51,control,0
USR_16333,2026-06-03 12:54:46,control,0
USR_01605,2026-06-03 12:55:03,treatment,0
USR_12380,2026-06-03 12:55:23,treatment,0
USR_18600,2026-06-03 12:56:09,treatment,0
USR_18975,2026-06-03 12:56:43,control,0
USR_12692,2026-06-03 12:57:00,control,1
USR_00878,2026-06-03 12:57:38,treatment,0
USR_12189,2026-06-03 12:57:54,treatment,0
USR_08744,2026-06-03 12:58:59,treatment,0
USR_19420,2026-06-03 12:59:06,control,0
USR_18603,2026-06-03 12:59:50,control,0
USR_14108,2026-06-03 13:00:17,treatment,0
USR_11382,2026-06-03 13:01:13,control,0
USR_09005,2026-06-03 13:01:40,control,0
USR_01645,2026-06-03 13:02:00,treatment,0
USR_02889,2026-06-03 13:02:26,control,0
USR_05405,2026-06-03 13:02:59,treatment,0
USR_09622,2026-06-03 13:06:10,control,0
USR_04956,2026-06-03 13:09:30,control,0
USR_16481,2026-06-03 13:09:39,control,0
USR_15773,2026-06-03 13:09:47,treatment,1
USR_03837,2026-06-03 13:09:55,control,0
USR_14140,2026-06-03 13:11:06,control,0
USR_19785,2026-06-03 13:11:57,treatment,0
USR_18857,2026-06-03 13:14:02,treatment,0
USR_09987,2026-06-03 13:14:25,control,0
USR_02262,2026-06-03 13:14:59,treatment,0
USR_18006,2026-06-03 13:16:14,treatment,0
USR_05759,2026-06-03 13:17:12,treatment,0
USR_04717,2026-06-03 13:17:15,treatment,0
USR_09490,2026-06-03 13:18:33,treatment,0
USR_10081,2026-06-03 13:18:45,control,0
USR_10171,2026-06-03 13:20:33,control,0
USR_00793,2026-06-03 13:21:30,control,0
USR_13669,2026-06-03 13:21:53,treatment,0
USR_10131,2026-06-03 13:21:56,treatment,0
USR_03044,2026-06-03 13:22:13,treatment,0
USR_08434,2026-06-03 13:22:41,control,0
USR_12416,2026-06-03 13:23:31,treatment,0
USR_06667,2026-06-03 13:24:54,control,0
USR_08146,2026-06-03 13:25:04,control,0
USR_10385,2026-06-03 13:25:20,treatment,0
USR_06625,2026-06-03 13:25:41,treatment,0
USR_19945,2026-06-03 13:26:01,treatment,0
USR_13118,2026-06-03 13:27:48,control,0
USR_07140,2026-06-03 13:28:37,treatment,0
USR_19971,2026-06-03 13:29:10,treatment,1
USR_14800,2026-06-03 13:29:11,control,0
USR_11333,2026-06-03 13:29:38,control,0
USR_05782,2026-06-03 13:29:44,treatment,0
USR_01369,2026-06-03 13:30:21,treatment,0
USR_06133,2026-06-03 13:30:31,treatment,0
USR_15828,2026-06-03 13:31:50,control,0
USR_19547,2026-06-03 13:32:34,control,0
USR_09214,2026-06-03 13:33:53,treatment,0
USR_04622,2026-06-03 13:34:49,control,0
USR_04679,2026-06-03 13:36:29,treatment,0
USR_17820,2026-06-03 13:37:50,control,0
USR_06806,2026-06-03 13:38:00,treatment,0
USR_11718,2026-06-03 13:38:50,control,1
USR_07797,2026-06-03 13:40:37,control,0
USR_07919,2026-06-03 13:41:24,treatment,0
USR_05045,2026-06-03 13:43:36,treatment,0
USR_19212,2026-06-03 13:43:47,treatment,0
USR_03314,2026-06-03 13:44:47,control,0
USR_18209,2026-06-03 13:45:05,treatment,0
USR_16094,2026-06-03 13:46:09,treatment,0
USR_17608,2026-06-03 13:46:33,control,0
USR_05526,2026-06-03 13:46:53,control,0
USR_08895,2026-06-03 13:47:24,treatment,0
USR_19645,2026-06-03 13:47:27,control,0
USR_17556,2026-06-03 13:48:09,treatment,0
USR_06124,2026-06-03 13:52:51,treatment,0
USR_14801,2026-06-03 13:53:55,treatment,0
USR_15221,2026-06-03 13:54:18,control,0
USR_08870,2026-06-03 13:56:59,control,1
USR_13608,2026-06-03 13:57:11,treatment,0
USR_13075,2026-06-03 13:58:45,treatment,0
USR_18011,2026-06-03 13:58:52,treatment,0
USR_04611,2026-06-03 13:59:07,treatment,0
USR_04729,2026-06-03 13:59:31,control,0
USR_07583,2026-06-03 14:01:45,treatment,0
USR_17512,2026-06-03 14:02:21,control,0
USR_11521,2026-06-03 14:03:04,treatment,0
USR_10794,2026-06-03 14:03:39,control,0
USR_13721,2026-06-03 14:06:39,treatment,0
USR_09167,2026-06-03 14:10:03,control,0
USR_19117,2026-06-03 14:10:19,control,0
USR_14573,2026-06-03 14:11:23,treatment,1
USR_14738,2026-06-03 14:12:06,treatment,0
USR_14153,2026-06-03 14:12:18,treatment,0
USR_12634,2026-06-03 14:13:48,treatment,0
USR_18357,2026-06-03 14:14:50,treatment,0
USR_01750,2026-06-03 14:17:01,treatment,0
USR_10407,2026-06-03 14:18:38,treatment,0
USR_11840,2026-06-03 14:19:55,control,0
USR_16748,2026-06-03 14:20:18,treatment,0
USR_13727,2026-06-03 14:20:38,treatment,0
USR_11061,2026-06-03 14:21:45,control,0
USR_07618,2026-06-03 14:21:46,treatment,0
USR_14432,2026-06-03 14:21:55,treatment,0
USR_18419,2026-06-03 14:23:36,treatment,0
USR_11905,2026-06-03 14:24:07,control,0
USR_09551,2026-06-03 14:24:26,control,0
USR_09007,2026-06-03 14:25:21,treatment,0
USR_06731,2026-06-03 14:26:18,control,0
USR_07547,2026-06-03 14:26:44,treatment,0
USR_08054,2026-06-03 14:26:51,control,0
USR_17351,2026-06-03 14:27:54,control,0
USR_00799,2026-06-03 14:30:22,control,0
USR_12581,2026-06-03 14:30:41,treatment,0
USR_04846,2026-06-03 14:32:47,control,0
USR_03095,2026-06-03 14:34:09,treatment,0
USR_01122,2026-06-03 14:36:05,treatment,0
USR_00211,2026-06-03 14:36:17,control,0
USR_03110,2026-06-03 14:37:09,control,0
USR_02441,2026-06-03 14:37:25,control,0
USR_08344,2026-06-03 14:38:58,control,0
USR_14687,2026-06-03 14:41:09,control,0
USR_19900,2026-06-03 14:41:42,control,1
USR_17058,2026-06-03 14:43:26,control,0
USR_12978,2026-06-03 14:44:27,treatment,0
USR_18727,2026-06-03 14:44:50,treatment,0
USR_16255,2026-06-03 14:46:33,control,0
USR_08814,2026-06-03 14:47:44,treatment,0
USR_00431,2026-06-03 14:49:58,control,0
USR_00293,2026-06-03 14:50:00,treatment,0
USR_09483,2026-06-03 14:50:10,treatment,0
USR_12542,2026-06-03 14:50:22,treatment,0
USR_13788,2026-06-03 14:51:20,control,0
USR_06885,2026-06-03 14:51:48,treatment,0
USR_08984,2026-06-03 14:53:05,treatment,0
USR_10060,2026-06-03 14:53:25,control,0
USR_01970,2026-06-03 14:53:47,treatment,0
USR_03637,2026-06-03 14:55:19,control,0
USR_15530,2026-06-03 14:55:44,control,0
USR_03224,2026-06-03 14:58:45,treatment,0
USR_02248,2026-06-03 14:59:04,control,0
USR_16001,2026-06-03 14:59:32,control,0
USR_09589,2026-06-03 14:59:40,control,0
USR_00853,2026-06-03 14:59:45,treatment,0
USR_08498,2026-06-03 15:00:58,treatment,0
USR_09945,2026-06-03 15:01:08,treatment,0
USR_10633,2026-06-03 15:01:29,control,0
USR_11953,2026-06-03 15:01:38,control,0
USR_14786,2026-06-03 15:01:46,treatment,0
USR_03484,2026-06-03 15:03:13,treatment,0
USR_05090,2026-06-03 15:05:40,treatment,0
USR_07679,2026-06-03 15:05:42,control,0
USR_06096,2026-06-03 15:05:42,control,0
USR_08840,2026-06-03 15:06:27,treatment,0
USR_01077,2026-06-03 15:08:59,treatment,0
USR_05518,2026-06-03 15:09:02,treatment,0
USR_16234,2026-06-03 15:09:28,control,0
USR_14978,2026-06-03 15:09:28,treatment,0
USR_08880,2026-06-03 15:09:31,control,0
USR_04020,2026-06-03 15:10:33,treatment,0
USR_14825,2026-06-03 15:11:47,control,0
USR_15018,2026-06-03 15:12:31,control,0
USR_15474,2026-06-03 15:12:43,treatment,0
USR_18811,2026-06-03 15:13:12,treatment,0
USR_18648,2026-06-03 15:14:10,treatment,1
USR_14112,2026-06-03 15:14:44,control,0
USR_16653,2026-06-03 15:18:00,control,1
USR_02913,2026-06-03 15:19:11,treatment,0
USR_14550,2026-06-03 15:19:36,control,0
USR_09378,2026-06-03 15:22:42,control,0
USR_19741,2026-06-03 15:22:44,control,0
USR_16818,2026-06-03 15:26:16,treatment,0
USR_03335,2026-06-03 15:27:51,treatment,0
USR_16643,2026-06-03 15:30:07,control,0
USR_12622,2026-06-03 15:30:21,treatment,1
USR_18585,2026-06-03 15:30:30,control,0
USR_03487,2026-06-03 15:33:39,control,0
USR_09250,2026-06-03 15:35:14,treatment,0
USR_17882,2026-06-03 15:36:37,treatment,1
USR_08225,2026-06-03 15:36:39,control,0
USR_00806,2026-06-03 15:38:00,treatment,0
USR_07157,2026-06-03 15:38:05,control,0
USR_09042,2026-06-03 15:38:31,control,0
USR_09658,2026-06-03 15:39:46,treatment,0
USR_14948,2026-06-03 15:39:56,treatment,0
USR_05258,2026-06-03 15:40:35,treatment,0
USR_09132,2026-06-03 15:41:15,treatment,0
USR_09914,2026-06-03 15:42:28,treatment,0
USR_03984,2026-06-03 15:42:31,treatment,0
USR_16189,2026-06-03 15:43:45,control,0
USR_18075,2026-06-03 15:44:17,control,0
USR_18563,2026-06-03 15:47:46,control,0
USR_08441,2026-06-03 15:47:53,control,0
USR_02003,2026-06-03 15:48:17,treatment,0
USR_03745,2026-06-03 15:49:49,control,0
USR_10780,2026-06-03 15:50:23,treatment,0
USR_09345,2026-06-03 15:51:07,treatment,0
USR_16318,2026-06-03 15:52:12,treatment,0
USR_08869,2026-06-03 15:52:42,treatment,0
USR_12270,2026-06-03 15:54:53,treatment,0
USR_19444,2026-06-03 15:55:26,control,0
USR_19288,2026-06-03 15:57:29,treatment,1
USR_13111,2026-06-03 16:01:29,treatment,0
USR_12428,2026-06-03 16:03:23,treatment,0
USR_00809,2026-06-03 16:03:44,control,0
USR_10341,2026-06-03 16:07:52,treatment,0
USR_10439,2026-06-03 16:07:56,control,0
USR_10993,2026-06-03 16:08:41,control,0
USR_08783,2026-06-03 16:09:24,control,0
USR_18237,2026-06-03 16:09:33,treatment,0
USR_01338,2026-06-03 16:10:44,control,0
USR_10758,2026-06-03 16:12:00,treatment,0
USR_19443,2026-06-03 16:13:03,control,0
USR_03728,2026-06-03 16:14:53,treatment,0
USR_01767,2026-06-03 16:15:06,control,0
USR_14240,2026-06-03 16:16:07,control,0
USR_00467,2026-06-03 16:17:02,treatment,0
USR_12934,2026-06-03 16:21:28,treatment,0
USR_03633,2026-06-03 16:22:45,treatment,0
USR_16131,2026-06-03 16:23:17,treatment,0
USR_19909,2026-06-03 16:24:18,treatment,0
USR_05173,2026-06-03 16:25:02,control,0
USR_19428,2026-06-03 16:26:25,treatment,0
USR_02489,2026-06-03 16:27:06,treatment,0
USR_08158,2026-06-03 16:27:22,treatment,0
USR_00772,2026-06-03 16:28:49,control,0
USR_16350,2026-06-03 16:30:04,treatment,0
USR_09659,2026-06-03 16:30:36,control,0
USR_17589,2026-06-03 16:31:02,treatment,0
USR_05846,2026-06-03 16:31:18,treatment,0
USR_09564,2026-06-03 16:31:40,treatment,0
USR_11280,2026-06-03 16:31:42,treatment,0
USR_18217,2026-06-03 16:32:01,control,0
USR_11197,2026-06-03 16:32:25,treatment,0
USR_01328,2026-06-03 16:33:26,treatment,0
USR_01261,2026-06-03 16:33:32,control,0
USR_17999,2026-06-03 16:35:31,treatment,1
USR_02238,2026-06-03 16:40:19,control,0
USR_01879,2026-06-03 16:40:21,treatment,0
USR_19874,2026-06-03 16:41:42,control,0
USR_05306,2026-06-03 16:41:48,treatment,0
USR_11023,2026-06-03 16:44:34,treatment,0
USR_00250,2026-06-03 16:48:21,control,0
USR_16035,2026-06-03 16:49:11,treatment,0
USR_06800,2026-06-03 16:49:40,treatment,0
USR_01991,2026-06-03 16:49:47,treatment,0
USR_18506,2026-06-03 16:54:48,treatment,0
USR_12478,2026-06-03 16:54:48,treatment,0
USR_08451,2026-06-03 16:54:51,control,0
USR_03206,2026-06-03 16:55:17,treatment,0
USR_12986,2026-06-03 16:56:33,control,0
USR_00812,2026-06-03 16:56:54,treatment,0
USR_09307,2026-06-03 16:57:10,treatment,0
USR_17658,2026-06-03 16:57:13,control,0
USR_02743,2026-06-03 16:59:13,treatment,0
USR_04048,2026-06-03 16:59:30,control,0
USR_05238,2026-06-03 16:59:33,treatment,1
USR_10162,2026-06-03 17:00:12,treatment,0
USR_01000,2026-06-03 17:00:27,control,0
USR_09383,2026-06-03 17:01:07,control,0
USR_14538,2026-06-03 17:01:13,treatment,0
USR_09285,2026-06-03 17:06:51,control,0
USR_19683,2026-06-03 17:08:01,treatment,0
USR_01753,2026-06-03 17:08:17,control,0
USR_07723,2026-06-03 17:08:35,control,0
USR_02120,2026-06-03 17:08:54,control,0
USR_07652,2026-06-03 17:09:23,control,0
USR_14685,2026-06-03 17:10:01,control,1
USR_07265,2026-06-03 17:10:01,control,0
USR_07146,2026-06-03 17:12:38,treatment,1
USR_12435,2026-06-03 17:12:42,control,0
USR_11303,2026-06-03 17:12:47,control,0
USR_09216,2026-06-03 17:13:18,treatment,1
USR_11662,2026-06-03 17:13:33,control,0
USR_18512,2026-06-03 17:14:00,treatment,0
USR_19893,2026-06-03 17:14:32,treatment,0
USR_07133,2026-06-03 17:16:08,treatment,0
USR_09615,2026-06-03 17:18:32,treatment,0
USR_09041,2026-06-03 17:20:54,control,0
USR_08821,2026-06-03 17:21:49,treatment,1
USR_00184,2026-06-03 17:22:54,control,0
USR_07150,2026-06-03 17:26:18,control,0
USR_14231,2026-06-03 17:26:47,treatment,0
USR_02520,2026-06-03 17:27:54,treatment,0
USR_15339,2026-06-03 17:28:16,treatment,0
USR_16732,2026-06-03 17:28:35,control,0
USR_07778,2026-06-03 17:29:38,control,0
USR_11232,2026-06-03 17:29:41,treatment,0
USR_06968,2026-06-03 17:30:03,treatment,0
USR_18301,2026-06-03 17:32:49,treatment,0
USR_15624,2026-06-03 17:33:29,treatment,0
USR_12036,2026-06-03 17:35:06,control,0
USR_02630,2026-06-03 17:35:10,control,0
USR_10871,2026-06-03 17:36:04,treatment,1
USR_04990,2026-06-03 17:38:29,control,0
USR_18661,2026-06-03 17:39:15,control,0
USR_00082,2026-06-03 17:39:15,control,0
USR_04595,2026-06-03 17:43:07,control,0
USR_19114,2026-06-03 17:43:44,treatment,0
USR_07065,2026-06-03 17:45:02,treatment,0
USR_11837,2026-06-03 17:46:58,treatment,0
USR_12523,2026-06-03 17:47:09,control,0
USR_09937,2026-06-03 17:48:25,control,0
USR_06639,2026-06-03 17:48:36,control,1
USR_02697,2026-06-03 17:48:43,control,0
USR_09032,2026-06-03 17:49:54,control,0
USR_14982,2026-06-03 17:49:55,treatment,0
USR_08604,2026-06-03 17:50:21,treatment,0
USR_07542,2026-06-03 17:50:35,treatment,0
USR_00942,2026-06-03 17:54:56,treatment,0
USR_10296,2026-06-03 17:55:43,control,0
USR_09190,2026-06-03 17:57:11,treatment,0
USR_19454,2026-06-03 17:58:02,treatment,0
USR_19309,2026-06-03 18:00:19,control,0
USR_01309,2026-06-03 18:00:50,treatment,0
USR_10039,2026-06-03 18:03:27,treatment,0
USR_13764,2026-06-03 18:03:39,control,0
USR_03881,2026-06-03 18:06:07,treatment,0
USR_12659,2026-06-03 18:07:04,control,0
USR_18818,2026-06-03 18:07:49,treatment,0
USR_07329,2026-06-03 18:08:16,treatment,0
USR_07429,2026-06-03 18:09:21,treatment,0
USR_12663,2026-06-03 18:10:01,control,0
USR_12887,2026-06-03 18:12:06,treatment,0
USR_03135,2026-06-03 18:12:37,treatment,1
USR_01334,2026-06-03 18:13:21,treatment,0
USR_19051,2026-06-03 18:15:57,control,0
USR_05132,2026-06-03 18:17:17,control,0
USR_07688,2026-06-03 18:18:58,control,0
USR_11508,2026-06-03 18:20:37,control,0
USR_10621,2026-06-03 18:21:46,treatment,0
USR_12263,2026-06-03 18:23:33,control,0
USR_07473,2026-06-03 18:23:44,treatment,0
USR_18483,2026-06-03 18:23:55,treatment,0
USR_07911,2026-06-03 18:23:59,control,0
USR_03874,2026-06-03 18:25:33,control,0
USR_18387,2026-06-03 18:26:06,treatment,0
USR_11430,2026-06-03 18:27:44,control,0
USR_13389,2026-06-03 18:29:11,control,0
USR_07223,2026-06-03 18:29:53,treatment,0
USR_02596,2026-06-03 18:32:31,treatment,0
USR_01854,2026-06-03 18:34:01,control,0
USR_07156,2026-06-03 18:35:23,treatment,0
USR_17195,2026-06-03 18:36:04,treatment,0
USR_04591,2026-06-03 18:37:57,treatment,0
USR_14865,2026-06-03 18:37:59,treatment,0
USR_13088,2026-06-03 18:40:11,treatment,0
USR_10803,2026-06-03 18:40:37,control,0
USR_13961,2026-06-03 18:42:27,treatment,0
USR_10077,2026-06-03 18:42:44,treatment,0
USR_15407,2026-06-03 18:42:48,treatment,0
USR_10425,2026-06-03 18:45:48,control,0
USR_17753,2026-06-03 18:46:27,control,0
USR_18233,2026-06-03 18:46:56,treatment,1
USR_13198,2026-06-03 18:47:55,control,0
USR_00924,2026-06-03 18:48:23,treatment,0
USR_10109,2026-06-03 18:49:52,treatment,0
USR_04740,2026-06-03 18:49:54,treatment,0
USR_16228,2026-06-03 18:50:23,treatment,0
USR_05124,2026-06-03 18:51:47,treatment,0
USR_11607,2026-06-03 18:53:03,treatment,0
USR_04270,2026-06-03 18:53:04,control,0
USR_11555,2026-06-03 18:56:06,treatment,0
USR_13840,2026-06-03 18:57:33,treatment,0
USR_08390,2026-06-03 18:58:10,treatment,0
USR_03975,2026-06-03 18:58:15,treatment,0
USR_07989,2026-06-03 18:58:33,treatment,0
USR_14741,2026-06-03 18:58:45,treatment,0
USR_16136,2026-06-03 18:59:06,control,0
USR_10838,2026-06-03 19:00:31,control,0
USR_07706,2026-06-03 19:00:48,control,0
USR_06046,2026-06-03 19:01:37,control,0
USR_09257,2026-06-03 19:02:14,control,0
USR_14849,2026-06-03 19:06:26,control,0
USR_17365,2026-06-03 19:09:28,control,0
USR_11278,2026-06-03 19:11:04,control,0
USR_08152,2026-06-03 19:13:23,control,0
USR_18846,2026-06-03 19:14:28,treatment,0
USR_11451,2026-06-03 19:16:48,treatment,0
USR_04946,2026-06-03 19:17:08,control,0
USR_16856,2026-06-03 19:17:14,treatment,0
USR_19080,2026-06-03 19:17:53,control,0
USR_11349,2026-06-03 19:19:32,control,0
USR_06246,2026-06-03 19:19:39,control,0
USR_19915,2026-06-03 19:19:59,control,0
USR_16608,2026-06-03 19:21:44,control,0
USR_18307,2026-06-03 19:23:51,control,0
USR_07325,2026-06-03 19:25:40,control,0
USR_05481,2026-06-03 19:25:55,treatment,0
USR_13316,2026-06-03 19:25:59,control,0
USR_02850,2026-06-03 19:26:13,treatment,0
USR_16046,2026-06-03 19:27:21,treatment,0
USR_03841,2026-06-03 19:27:42,control,0
USR_07249,2026-06-03 19:27:47,treatment,0
USR_03682,2026-06-03 19:28:13,control,0
USR_08566,2026-06-03 19:28:43,control,0
USR_08569,2026-06-03 19:32:18,control,0
USR_05828,2026-06-03 19:32:18,treatment,0
USR_10742,2026-06-03 19:32:56,control,0
USR_09965,2026-06-03 19:36:03,treatment,0
USR_17295,2026-06-03 19:36:10,control,0
USR_16051,2026-06-03 19:39:14,control,0
USR_13028,2026-06-03 19:39:16,treatment,0
USR_01808,2026-06-03 19:39:34,control,0
USR_04019,2026-06-03 19:40:53,treatment,0
USR_18440,2026-06-03 19:41:40,treatment,0
USR_10997,2026-06-03 19:41:49,control,1
USR_09938,2026-06-03 19:42:01,control,0
USR_15682,2026-06-03 19:43:15,control,0
USR_17975,2026-06-03 19:43:23,control,0
USR_03141,2026-06-03 19:46:48,treatment,0
USR_07464,2026-06-03 19:46:55,control,0
USR_06757,2026-06-03 19:47:45,control,0
USR_15117,2026-06-03 19:48:16,control,0
USR_12649,2026-06-03 19:48:31,treatment,0
USR_16098,2026-06-03 19:48:51,treatment,0
USR_10881,2026-06-03 19:52:01,control,0
USR_09189,2026-06-03 19:52:44,treatment,0
USR_10281,2026-06-03 19:52:45,treatment,0
USR_17059,2026-06-03 19:52:49,treatment,0
USR_13603,2026-06-03 19:54:04,treatment,0
USR_06751,2026-06-03 19:55:44,treatment,0
USR_16303,2026-06-03 19:56:11,control,0
USR_17569,2026-06-03 19:57:45,treatment,0
USR_12256,2026-06-03 19:57:51,treatment,0
USR_17488,2026-06-03 19:58:16,control,0
USR_05709,2026-06-03 19:58:29,treatment,0
USR_05317,2026-06-03 20:01:07,treatment,0
USR_02897,2026-06-03 20:02:12,control,0
USR_10305,2026-06-03 20:02:25,control,0
USR_00393,2026-06-03 20:04:25,treatment,0
USR_01136,2026-06-03 20:04:46,treatment,0
USR_10343,2026-06-03 20:05:00,treatment,0
USR_11452,2026-06-03 20:07:04,control,0
USR_09565,2026-06-03 20:09:18,control,0
USR_19258,2026-06-03 20:09:20,control,0
USR_12196,2026-06-03 20:10:44,treatment,0
USR_06216,2026-06-03 20:10:53,control,0
USR_19211,2026-06-03 20:12:47,control,1
USR_13906,2026-06-03 20:12:51,control,0
USR_14693,2026-06-03 20:14:36,treatment,0
USR_13234,2026-06-03 20:17:41,treatment,0
USR_00935,2026-06-03 20:18:32,control,0
USR_14418,2026-06-03 20:19:22,control,0
USR_17739,2026-06-03 20:19:31,control,1
USR_03987,2026-06-03 20:19:38,control,0
USR_02610,2026-06-03 20:23:23,treatment,0
USR_05947,2026-06-03 20:23:28,control,0
USR_11727,2026-06-03 20:24:11,treatment,0
USR_06605,2026-06-03 20:24:39,control,0
USR_00881,2026-06-03 20:26:54,treatment,0
USR_02773,2026-06-03 20:28:41,control,0
USR_14716,2026-06-03 20:29:36,control,0
USR_11646,2026-06-03 20:31:53,treatment,0
USR_18060,2026-06-03 20:34:56,control,0
USR_09090,2026-06-03 20:35:46,treatment,0
USR_04109,2026-06-03 20:38:57,control,0
USR_09714,2026-06-03 20:41:08,treatment,0
USR_13124,2026-06-03 20:41:35,control,0
USR_03155,2026-06-03 20:41:38,control,0
USR_14490,2026-06-03 20:41:53,control,0
USR_07493,2026-06-03 20:42:39,control,0
USR_06423,2026-06-03 20:43:27,treatment,0
USR_15353,2026-06-03 20:44:20,treatment,0
USR_14176,2026-06-03 20:45:09,treatment,0
USR_16404,2026-06-03 20:45:41,treatment,0
USR_16271,2026-06-03 20:45:49,treatment,0
USR_07452,2026-06-03 20:46:41,treatment,0
USR_19985,2026-06-03 20:48:45,treatment,1
USR_12971,2026-06-03 20:49:42,treatment,0
USR_11772,2026-06-03 20:50:38,control,0
USR_15258,2026-06-03 20:51:15,treatment,0
USR_11434,2026-06-03 20:51:50,control,0
USR_18043,2026-06-03 20:52:03,control,0
USR_13139,2026-06-03 20:52:12,treatment,0
USR_18014,2026-06-03 20:52:13,control,0
USR_02371,2026-06-03 20:52:39,control,0
USR_19300,2026-06-03 20:53:45,treatment,0
USR_01357,2026-06-03 20:54:16,treatment,0
USR_17286,2026-06-03 20:56:25,control,0
USR_02831,2026-06-03 20:56:56,control,0
USR_17584,2026-06-03 20:59:06,control,0
USR_17525,2026-06-03 20:59:56,treatment,0
USR_09333,2026-06-03 21:00:18,treatment,1
USR_02790,2026-06-03 21:00:37,treatment,0
USR_06183,2026-06-03 21:00:47,control,0
USR_12621,2026-06-03 21:01:50,treatment,0
USR_17876,2026-06-03 21:05:15,treatment,0
USR_01097,2026-06-03 21:06:26,control,0
USR_02938,2026-06-03 21:08:05,treatment,1
USR_15103,2026-06-03 21:08:46,control,0
USR_04771,2026-06-03 21:09:28,control,0
USR_15050,2026-06-03 21:12:37,treatment,0
USR_16461,2026-06-03 21:13:32,control,0
USR_12963,2026-06-03 21:16:17,treatment,0
USR_12794,2026-06-03 21:18:03,treatment,0
USR_16802,2026-06-03 21:18:30,treatment,0
USR_19176,2026-06-03 21:22:39,control,0
USR_00629,2026-06-03 21:25:12,control,0
USR_16229,2026-06-03 21:27:53,treatment,0
USR_00132,2026-06-03 21:28:04,treatment,0
USR_13537,2026-06-03 21:28:33,treatment,0
USR_05962,2026-06-03 21:32:03,control,0
USR_10684,2026-06-03 21:35:35,treatment,0
USR_02997,2026-06-03 21:36:14,control,0
USR_03719,2026-06-03 21:40:29,treatment,0
USR_19202,2026-06-03 21:41:18,treatment,0
USR_02971,2026-06-03 21:43:44,control,0
USR_07945,2026-06-03 21:44:34,treatment,0
USR_12904,2026-06-03 21:45:07,control,0
USR_08536,2026-06-03 21:46:31,treatment,0
USR_08320,2026-06-03 21:47:49,treatment,0
USR_12563,2026-06-03 21:48:34,treatment,0
USR_09010,2026-06-03 21:49:48,treatment,0
USR_18883,2026-06-03 21:50:50,treatment,1
USR_09463,2026-06-03 21:51:26,control,0
USR_16693,2026-06-03 21:51:55,treatment,0
USR_08717,2026-06-03 21:53:53,treatment,0
USR_15715,2026-06-03 21:54:44,control,0
USR_13147,2026-06-03 21:55:10,treatment,0
USR_17564,2026-06-03 21:55:58,control,0
USR_13635,2026-06-03 21:57:04,control,0
USR_19479,2026-06-03 21:57:45,control,0
USR_18438,2026-06-03 21:57:59,treatment,0
USR_11847,2026-06-03 21:59:36,treatment,0
USR_19265,2026-06-03 21:59:51,treatment,0
USR_04196,2026-06-03 22:00:22,treatment,0
USR_02607,2026-06-03 22:00:34,control,0
USR_16261,2026-06-03 22:00:49,control,0
USR_08757,2026-06-03 22:01:30,treatment,0
USR_08924,2026-06-03 22:01:53,control,0
USR_09846,2026-06-03 22:03:50,control,0
USR_04672,2026-06-03 22:04:18,treatment,0
USR_06334,2026-06-03 22:06:12,treatment,1
USR_14223,2026-06-03 22:06:25,control,0
USR_10037,2026-06-03 22:09:25,control,0
USR_12895,2026-06-03 22:11:55,control,0
USR_16033,2026-06-03 22:15:23,control,0
USR_14186,2026-06-03 22:15:32,treatment,0
USR_09873,2026-06-03 22:18:15,treatment,0
USR_01249,2026-06-03 22:20:02,control,0
USR_08850,2026-06-03 22:20:26,treatment,0
USR_02485,2026-06-03 22:20:44,treatment,0
USR_06309,2026-06-03 22:26:01,treatment,0
USR_15771,2026-06-03 22:26:11,treatment,1
USR_04940,2026-06-03 22:26:57,control,0
USR_05961,2026-06-03 22:28:08,control,0
USR_17305,2026-06-03 22:28:35,control,0
USR_00439,2026-06-03 22:32:02,control,0
USR_06419,2026-06-03 22:33:43,control,0
USR_11665,2026-06-03 22:34:04,control,0
USR_01290,2026-06-03 22:34:08,treatment,1
USR_10941,2026-06-03 22:34:32,control,0
USR_11598,2026-06-03 22:37:39,control,0
USR_09584,2026-06-03 22:38:27,control,0
USR_02579,2026-06-03 22:39:27,control,0
USR_05559,2026-06-03 22:39:45,control,0
USR_07564,2026-06-03 22:40:10,control,0
USR_06593,2026-06-03 22:43:18,control,0
USR_11089,2026-06-03 22:43:42,treatment,0
USR_18094,2026-06-03 22:45:34,control,0
USR_08079,2026-06-03 22:49:06,treatment,0
USR_07642,2026-06-03 22:51:34,treatment,0
USR_01919,2026-06-03 22:53:17,control,0
USR_01108,2026-06-03 22:53:47,control,0
USR_12653,2026-06-03 22:54:24,treatment,0
USR_08131,2026-06-03 22:54:57,control,0
USR_07403,2026-06-03 22:55:54,control,0
USR_00298,2026-06-03 22:57:55,treatment,0
USR_09874,2026-06-03 23:01:00,treatment,0
USR_15514,2026-06-03 23:03:49,treatment,0
USR_13273,2026-06-03 23:04:34,treatment,0
USR_08517,2026-06-03 23:05:22,treatment,0
USR_18677,2026-06-03 23:09:23,control,0
USR_16292,2026-06-03 23:12:45,treatment,0
USR_15894,2026-06-03 23:13:02,control,0
USR_13998,2026-06-03 23:13:34,treatment,1
USR_04266,2026-06-03 23:15:15,control,0
USR_00748,2026-06-03 23:16:09,treatment,0
USR_07080,2026-06-03 23:16:14,control,0
USR_06992,2026-06-03 23:16:29,control,0
USR_12689,2026-06-03 23:17:33,control,0
USR_02434,2026-06-03 23:17:36,control,0
USR_14020,2026-06-03 23:17:59,control,0
USR_18664,2026-06-03 23:18:42,treatment,0
USR_03131,2026-06-03 23:19:29,control,0
USR_01842,2026-06-03 23:19:48,control,0
USR_11026,2026-06-03 23:22:08,control,0
USR_07502,2026-06-03 23:22:41,treatment,0
USR_18226,2026-06-03 23:23:07,treatment,0
USR_09723,2026-06-03 23:23:37,control,0
USR_00201,2026-06-03 23:23:51,control,0
USR_02952,2026-06-03 23:24:39,treatment,0
USR_15973,2026-06-03 23:25:50,control,0
USR_15389,2026-06-03 23:26:08,treatment,0
USR_07736,2026-06-03 23:26:26,control,0
USR_13084,2026-06-03 23:26:34,treatment,0
USR_00709,2026-06-03 23:30:16,control,0
USR_11004,2026-06-03 23:31:59,treatment,0
USR_07022,2026-06-03 23:32:24,treatment,0
USR_02332,2026-06-03 23:32:52,control,0
USR_03430,2026-06-03 23:33:37,treatment,0
USR_03404,2026-06-03 23:33:43,control,0
USR_10284,2026-06-03 23:33:46,treatment,0
USR_03021,2026-06-03 23:34:57,control,0
USR_08654,2026-06-03 23:36:07,treatment,0
USR_00886,2026-06-03 23:37:35,treatment,0
USR_12313,2026-06-03 23:37:51,control,0
USR_13593,2026-06-03 23:38:11,treatment,0
USR_03250,2026-06-03 23:39:57,control,0
USR_19406,2026-06-03 23:41:36,treatment,1
USR_01496,2026-06-03 23:43:19,treatment,0
USR_03502,2026-06-03 23:44:08,treatment,0
USR_00693,2026-06-03 23:47:46,control,0
USR_13562,2026-06-03 23:47:58,treatment,0
USR_09550,2026-06-03 23:48:43,control,0
USR_04760,2026-06-03 23:48:47,treatment,0
USR_18543,2026-06-03 23:49:00,treatment,0
USR_14317,2026-06-03 23:49:20,treatment,0
USR_00728,2026-06-03 23:49:55,treatment,0
USR_10059,2026-06-03 23:50:31,treatment,0
USR_19111,2026-06-03 23:51:05,treatment,0
USR_15087,2026-06-03 23:55:45,control,1
USR_18943,2026-06-03 23:55:51,treatment,0
USR_13498,2026-06-03 23:56:25,control,0
USR_01988,2026-06-03 23:57:38,control,0
USR_12998,2026-06-03 23:58:00,treatment,0
USR_00840,2026-06-03 23:58:33,control,0
USR_18076,2026-06-04 00:00:07,treatment,0
USR_04482,2026-06-04 00:00:27,treatment,0
USR_01812,2026-06-04 00:00:30,treatment,0
USR_10880,2026-06-04 00:00:45,control,1
USR_09034,2026-06-04 00:03:42,treatment,0
USR_00126,2026-06-04 00:03:42,treatment,0
USR_14776,2026-06-04 00:04:10,control,0
USR_07959,2026-06-04 00:04:45,control,0
USR_16244,2026-06-04 00:05:53,control,0
USR_06277,2026-06-04 00:06:03,control,0
USR_12265,2026-06-04 00:06:34,treatment,0
USR_13052,2026-06-04 00:09:32,treatment,0
USR_13605,2026-06-04 00:10:50,control,0
USR_07455,2026-06-04 00:11:34,treatment,0
USR_15141,2026-06-04 00:11:57,treatment,0
USR_13346,2026-06-04 00:12:52,control,1
USR_06541,2026-06-04 00:14:29,treatment,0
USR_18325,2026-06-04 00:14:44,treatment,0
USR_06338,2026-06-04 00:15:54,control,0
USR_00140,2026-06-04 00:17:54,control,0
USR_07054,2026-06-04 00:18:01,treatment,0
USR_02472,2026-06-04 00:18:30,treatment,0
USR_02282,2026-06-04 00:19:47,treatment,0
USR_01036,2026-06-04 00:19:48,treatment,0
USR_19325,2026-06-04 00:20:25,treatment,0
USR_13696,2026-06-04 00:22:05,control,0
USR_01544,2026-06-04 00:22:41,treatment,1
USR_15589,2026-06-04 00:22:55,control,0
USR_01470,2026-06-04 00:23:03,control,0
USR_03084,2026-06-04 00:24:50,treatment,1
USR_01152,2026-06-04 00:25:49,control,0
USR_17887,2026-06-04 00:26:16,control,0
USR_17831,2026-06-04 00:26:17,control,0
USR_17300,2026-06-04 00:27:00,control,0
USR_00147,2026-06-04 00:27:23,treatment,0
USR_06211,2026-06-04 00:27:32,treatment,0
USR_18052,2026-06-04 00:28:34,control,0
USR_02917,2026-06-04 00:28:47,control,0
USR_14631,2026-06-04 00:28:51,treatment,0
USR_13416,2026-06-04 00:29:24,control,0
USR_04406,2026-06-04 00:29:47,control,0
USR_05740,2026-06-04 00:29:56,control,0
USR_00699,2026-06-04 00:30:51,control,0
USR_19409,2026-06-04 00:31:52,treatment,0
USR_07657,2026-06-04 00:33:05,control,0
USR_02415,2026-06-04 00:33:15,control,0
USR_13330,2026-06-04 00:33:19,control,0
USR_11469,2026-06-04 00:35:05,control,0
USR_11575,2026-06-04 00:36:29,control,0
USR_07253,2026-06-04 00:37:39,control,0
USR_18132,2026-06-04 00:38:16,control,0
USR_19885,2026-06-04 00:39:24,control,0
USR_12134,2026-06-04 00:40:33,control,0
USR_00397,2026-06-04 00:41:17,control,0
USR_19387,2026-06-04 00:42:16,treatment,0
USR_01060,2026-06-04 00:42:40,treatment,0
USR_16142,2026-06-04 00:43:07,treatment,0
USR_06240,2026-06-04 00:43:55,treatment,0
USR_03093,2026-06-04 00:44:31,control,0
USR_02270,2026-06-04 00:44:47,control,0
USR_09848,2026-06-04 00:45:46,control,0
USR_19354,2026-06-04 00:47:51,treatment,0
USR_04917,2026-06-04 00:49:06,treatment,0
USR_12441,2026-06-04 00:49:44,treatment,0
USR_00517,2026-06-04 00:52:27,control,0
USR_18972,2026-06-04 00:53:04,treatment,0
USR_04010,2026-06-04 00:53:22,control,0
USR_13968,2026-06-04 00:54:56,treatment,0
USR_09917,2026-06-04 00:59:58,treatment,0
USR_06461,2026-06-04 01:01:10,treatment,0
USR_19019,2026-06-04 01:01:24,control,0
USR_00559,2026-06-04 01:01:29,treatment,0
USR_14411,2026-06-04 01:02:04,treatment,0
USR_16750,2026-06-04 01:03:22,treatment,0
USR_02550,2026-06-04 01:03:56,treatment,0
USR_12432,2026-06-04 01:04:45,control,0
USR_18646,2026-06-04 01:04:46,treatment,1
USR_15438,2026-06-04 01:05:16,treatment,0
USR_17559,2026-06-04 01:05:28,treatment,0
USR_17730,2026-06-04 01:07:28,control,0
USR_14973,2026-06-04 01:08:58,treatment,0
USR_07813,2026-06-04 01:09:22,treatment,0
USR_19701,2026-06-04 01:10:14,treatment,0
USR_04445,2026-06-04 01:10:52,treatment,0
USR_17590,2026-06-04 01:12:42,treatment,0
USR_04110,2026-06-04 01:12:58,treatment,0
USR_09761,2026-06-04 01:13:45,treatment,0
USR_01462,2026-06-04 01:13:58,treatment,0
USR_10508,2026-06-04 01:15:07,treatment,0
USR_06674,2026-06-04 01:15:09,treatment,1
USR_09001,2026-06-04 01:15:59,control,0
USR_05127,2026-06-04 01:17:26,control,0
USR_11256,2026-06-04 01:19:53,treatment,0
USR_10505,2026-06-04 01:20:57,treatment,0
USR_07777,2026-06-04 01:21:41,treatment,0
USR_14343,2026-06-04 01:27:41,treatment,0
USR_08167,2026-06-04 01:29:01,control,0
USR_10764,2026-06-04 01:29:14,control,0
USR_04217,2026-06-04 01:29:38,treatment,0
USR_03394,2026-06-04 01:29:49,treatment,0
USR_04981,2026-06-04 01:30:01,control,0
USR_16657,2026-06-04 01:32:00,treatment,0
USR_16315,2026-06-04 01:32:09,treatment,0
USR_06933,2026-06-04 01:33:30,treatment,0
USR_07184,2026-06-04 01:33:34,control,0
USR_09169,2026-06-04 01:35:34,treatment,0
USR_05510,2026-06-04 01:36:09,treatment,0
USR_13305,2026-06-04 01:36:13,control,0
USR_04644,2026-06-04 01:36:27,control,0
USR_04987,2026-06-04 01:36:48,treatment,0
USR_14416,2026-06-04 01:37:21,treatment,0
USR_18610,2026-06-04 01:37:39,treatment,0
USR_05102,2026-06-04 01:38:08,treatment,0
USR_03712,2026-06-04 01:39:39,treatment,0
USR_17526,2026-06-04 01:39:57,treatment,0
USR_19295,2026-06-04 01:40:02,treatment,0
USR_19041,2026-06-04 01:40:11,control,0
USR_18495,2026-06-04 01:41:17,control,0
USR_12690,2026-06-04 01:42:01,control,0
USR_04167,2026-06-04 01:45:28,treatment,1
USR_05797,2026-06-04 01:46:34,control,0
USR_05541,2026-06-04 01:48:30,control,0
USR_00191,2026-06-04 01:48:52,control,1
USR_11250,2026-06-04 01:49:06,treatment,0
USR_08571,2026-06-04 01:49:08,control,0
USR_05286,2026-06-04 01:50:40,control,0
USR_13648,2026-06-04 01:51:34,treatment,0
USR_19046,2026-06-04 01:51:35,treatment,0
USR_01398,2026-06-04 01:51:46,control,0
USR_01660,2026-06-04 01:52:41,treatment,0
USR_16337,2026-06-04 01:53:30,control,0
USR_07470,2026-06-04 01:56:27,treatment,0
USR_17442,2026-06-04 01:56:29,treatment,1
USR_02107,2026-06-04 01:58:44,control,0
USR_11809,2026-06-04 01:59:27,treatment,0
USR_07814,2026-06-04 02:01:26,control,0
USR_01449,2026-06-04 02:03:45,control,0
USR_07505,2026-06-04 02:03:46,treatment,0
USR_04038,2026-06-04 02:05:25,treatment,0
USR_17679,2026-06-04 02:07:07,control,0
USR_01712,2026-06-04 02:07:35,control,0
USR_13442,2026-06-04 02:07:36,treatment,0
USR_13176,2026-06-04 02:08:38,treatment,1
USR_00734,2026-06-04 02:09:43,control,0
USR_16181,2026-06-04 02:11:18,control,0
USR_14459,2026-06-04 02:13:09,treatment,0
USR_18009,2026-06-04 02:13:41,treatment,0
USR_08376,2026-06-04 02:14:01,control,0
USR_16905,2026-06-04 02:14:13,control,0
USR_01126,2026-06-04 02:15:03,treatment,0
USR_17121,2026-06-04 02:15:21,treatment,0
USR_06703,2026-06-04 02:17:18,control,0
USR_07009,2026-06-04 02:17:55,control,0
USR_19939,2026-06-04 02:18:21,control,0
USR_18784,2026-06-04 02:18:39,control,0
USR_11549,2026-06-04 02:20:52,control,0
USR_03338,2026-06-04 02:22:18,control,0
USR_07543,2026-06-04 02:22:23,treatment,0
USR_05296,2026-06-04 02:23:11,control,0
USR_05967,2026-06-04 02:23:25,control,0
USR_18156,2026-06-04 02:24:33,control,0
USR_13310,2026-06-04 02:30:00,treatment,0
USR_03292,2026-06-04 02:30:17,control,0
USR_06190,2026-06-04 02:30:56,control,0
USR_13164,2026-06-04 02:30:59,control,0
USR_08464,2026-06-04 02:31:05,control,0
USR_06319,2026-06-04 02:31:41,treatment,0
USR_00251,2026-06-04 02:32:48,treatment,0
USR_18717,2026-06-04 02:32:48,treatment,1
USR_12391,2026-06-04 02:33:41,control,0
USR_06934,2026-06-04 02:34:56,control,0
USR_02928,2026-06-04 02:37:06,control,0
USR_19338,2026-06-04 02:38:12,treatment,0
USR_16052,2026-06-04 02:38:34,control,1
USR_01071,2026-06-04 02:41:21,treatment,0
USR_02906,2026-06-04 02:41:45,treatment,0
USR_08909,2026-06-04 02:42:18,control,0
USR_14588,2026-06-04 02:43:24,treatment,0
USR_07400,2026-06-04 02:44:27,treatment,0
USR_04662,2026-06-04 02:45:01,treatment,0
USR_17600,2026-06-04 02:45:49,control,0
USR_15823,2026-06-04 02:47:02,treatment,0
USR_16170,2026-06-04 02:48:54,control,0
USR_14760,2026-06-04 02:49:06,control,0
USR_03720,2026-06-04 02:49:08,control,0
USR_18089,2026-06-04 02:49:15,treatment,0
USR_13115,2026-06-04 02:50:49,control,0
USR_18267,2026-06-04 02:53:03,treatment,0
USR_11033,2026-06-04 02:55:40,treatment,0
USR_13441,2026-06-04 02:56:22,treatment,0
USR_13556,2026-06-04 02:58:28,treatment,0
USR_13304,2026-06-04 02:58:28,control,0
USR_02146,2026-06-04 02:58:46,treatment,0
USR_17527,2026-06-04 02:58:55,treatment,0
USR_01225,2026-06-04 02:58:57,treatment,0
USR_09113,2026-06-04 02:59:04,treatment,0
USR_19697,2026-06-04 03:01:29,control,0
USR_15467,2026-06-04 03:02:24,treatment,0
USR_13018,2026-06-04 03:02:26,treatment,0
USR_07719,2026-06-04 03:03:04,control,0
USR_06866,2026-06-04 03:03:51,control,0
USR_16301,2026-06-04 03:04:13,treatment,0
USR_11920,2026-06-04 03:05:26,control,0
USR_04426,2026-06-04 03:07:36,control,0
USR_10291,2026-06-04 03:07:53,treatment,0
USR_06518,2026-06-04 03:08:33,treatment,1
USR_12390,2026-06-04 03:09:35,control,0
USR_11142,2026-06-04 03:10:15,treatment,0
USR_09887,2026-06-04 03:12:59,control,0
USR_10041,2026-06-04 03:13:13,treatment,0
USR_11969,2026-06-04 03:13:49,control,0
USR_18783,2026-06-04 03:15:29,control,0
USR_06318,2026-06-04 03:16:24,treatment,0
USR_19959,2026-06-04 03:16:55,control,0
USR_12801,2026-06-04 03:18:21,treatment,0
USR_06201,2026-06-04 03:18:45,treatment,0
USR_07053,2026-06-04 03:19:10,control,0
USR_07303,2026-06-04 03:19:50,control,0
USR_11186,2026-06-04 03:21:09,treatment,0
USR_11463,2026-06-04 03:24:53,treatment,0
USR_12063,2026-06-04 03:25:40,treatment,0
USR_00716,2026-06-04 03:25:57,treatment,0
USR_09498,2026-06-04 03:27:25,treatment,0
USR_15126,2026-06-04 03:27:49,treatment,0
USR_19132,2026-06-04 03:30:46,control,0
USR_15861,2026-06-04 03:34:07,treatment,0
USR_09269,2026-06-04 03:35:02,treatment,0
USR_14417,2026-06-04 03:35:57,control,0
USR_08680,2026-06-04 03:36:34,treatment,0
USR_05453,2026-06-04 03:36:35,control,0
USR_15896,2026-06-04 03:37:28,treatment,0
USR_15838,2026-06-04 03:37:58,control,0
USR_08446,2026-06-04 03:38:31,control,0
USR_19973,2026-06-04 03:38:47,control,0
USR_15084,2026-06-04 03:41:37,treatment,0
USR_04350,2026-06-04 03:41:41,treatment,0
USR_07401,2026-06-04 03:42:51,control,0
USR_12278,2026-06-04 03:43:01,treatment,0
USR_12305,2026-06-04 03:43:05,treatment,0
USR_18243,2026-06-04 03:43:55,control,0
USR_17346,2026-06-04 03:44:09,treatment,0
USR_17016,2026-06-04 03:44:43,treatment,0
USR_00463,2026-06-04 03:46:59,control,0
USR_03931,2026-06-04 03:51:55,control,0
USR_01816,2026-06-04 03:51:58,control,0
USR_13302,2026-06-04 03:58:40,treatment,1
USR_09309,2026-06-04 03:58:47,treatment,0
USR_07357,2026-06-04 03:59:20,treatment,0
USR_03433,2026-06-04 04:00:39,treatment,0
USR_12218,2026-06-04 04:01:06,control,0
USR_03770,2026-06-04 04:01:08,treatment,0
USR_01331,2026-06-04 04:02:02,control,0
USR_02195,2026-06-04 04:03:34,treatment,0
USR_16147,2026-06-04 04:03:46,control,0
USR_17731,2026-06-04 04:04:19,control,0
USR_00752,2026-06-04 04:06:25,control,0
USR_19061,2026-06-04 04:07:48,treatment,0
USR_01588,2026-06-04 04:08:21,control,0
USR_19639,2026-06-04 04:09:03,control,1
USR_06583,2026-06-04 04:09:14,treatment,0
USR_03939,2026-06-04 04:09:29,control,0
USR_05881,2026-06-04 04:09:44,treatment,0
USR_13138,2026-06-04 04:11:15,treatment,0
USR_06362,2026-06-04 04:12:09,control,0
USR_06870,2026-06-04 04:12:43,control,0
USR_19508,2026-06-04 04:12:56,treatment,0
USR_02141,2026-06-04 04:13:52,control,0
USR_02558,2026-06-04 04:15:50,control,0
USR_01427,2026-06-04 04:16:18,control,0
USR_08235,2026-06-04 04:16:57,control,0
USR_03258,2026-06-04 04:17:37,control,0
USR_18398,2026-06-04 04:18:05,treatment,0
USR_15308,2026-06-04 04:19:00,treatment,0
USR_07614,2026-06-04 04:19:11,control,0
USR_03133,2026-06-04 04:19:32,treatment,0
USR_01727,2026-06-04 04:19:48,treatment,0
USR_18231,2026-06-04 04:21:20,treatment,0
USR_04349,2026-06-04 04:22:22,control,0
USR_05834,2026-06-04 04:23:33,control,0
USR_02307,2026-06-04 04:24:33,control,0
USR_10021,2026-06-04 04:28:41,control,0
USR_10713,2026-06-04 04:29:21,control,0
USR_11336,2026-06-04 04:30:24,control,0
USR_16944,2026-06-04 04:31:25,control,0
USR_00937,2026-06-04 04:31:31,control,0
USR_02788,2026-06-04 04:33:29,treatment,0
USR_10323,2026-06-04 04:34:37,treatment,0
USR_07443,2026-06-04 04:34:40,treatment,0
USR_06817,2026-06-04 04:35:26,treatment,0
USR_06838,2026-06-04 04:35:56,control,1
USR_07201,2026-06-04 04:37:57,control,1
USR_09992,2026-06-04 04:37:58,treatment,0
USR_10461,2026-06-04 04:38:51,treatment,0
USR_02800,2026-06-04 04:39:58,control,0
USR_04399,2026-06-04 04:40:38,treatment,0
USR_16062,2026-06-04 04:41:44,control,0
USR_04997,2026-06-04 04:43:22,control,0
USR_00291,2026-06-04 04:44:15,treatment,0
USR_14746,2026-06-04 04:44:52,treatment,0
USR_14455,2026-06-04 04:45:56,control,0
USR_11388,2026-06-04 04:46:48,treatment,0
USR_18994,2026-06-04 04:47:56,control,0
USR_19580,2026-06-04 04:48:22,control,0
USR_17226,2026-06-04 04:49:18,control,0
USR_15618,2026-06-04 04:49:18,control,0
USR_16232,2026-06-04 04:49:20,treatment,0
USR_12901,2026-06-04 04:50:08,control,0
USR_11167,2026-06-04 04:53:22,control,0
USR_17083,2026-06-04 04:53:39,treatment,0
USR_18198,2026-06-04 04:54:45,treatment,1
USR_15344,2026-06-04 04:56:44,control,0
USR_04774,2026-06-04 05:01:19,treatment,0
USR_14075,2026-06-04 05:01:29,treatment,0
USR_07002,2026-06-04 05:02:15,treatment,0
USR_05836,2026-06-04 05:05:28,treatment,0
USR_17676,2026-06-04 05:08:06,control,0
USR_00966,2026-06-04 05:09:08,treatment,0
USR_01794,2026-06-04 05:09:20,control,0
USR_04198,2026-06-04 05:10:09,control,0
USR_19586,2026-06-04 05:10:42,control,0
USR_09012,2026-06-04 05:12:35,treatment,0
USR_19766,2026-06-04 05:12:37,control,0
USR_15292,2026-06-04 05:13:00,control,0
USR_07194,2026-06-04 05:13:32,control,0
USR_04839,2026-06-04 05:14:17,treatment,0
USR_08703,2026-06-04 05:15:08,control,0
USR_00261,2026-06-04 05:15:32,treatment,1
USR_18162,2026-06-04 05:16:43,control,0
USR_12533,2026-06-04 05:17:15,control,0
USR_07511,2026-06-04 05:17:18,control,0
USR_11526,2026-06-04 05:18:13,treatment,0
USR_01483,2026-06-04 05:20:38,control,0
USR_05847,2026-06-04 05:23:20,control,0
USR_03876,2026-06-04 05:24:19,control,0
USR_11678,2026-06-04 05:26:04,treatment,0
USR_09224,2026-06-04 05:27:22,treatment,0
USR_08512,2026-06-04 05:27:36,treatment,0
USR_00911,2026-06-04 05:28:45,control,0
USR_00390,2026-06-04 05:28:50,control,0
USR_01947,2026-06-04 05:29:37,treatment,0
USR_12405,2026-06-04 05:30:32,control,0
USR_18535,2026-06-04 05:31:28,treatment,0
USR_18256,2026-06-04 05:32:02,control,0
USR_10954,2026-06-04 05:32:07,treatment,0
USR_01864,2026-06-04 05:32:55,control,0
USR_13829,2026-06-04 05:32:59,treatment,0
USR_18577,2026-06-04 05:33:10,treatment,0
USR_04615,2026-06-04 05:35:09,treatment,0
USR_18450,2026-06-04 05:35:17,control,0
USR_16257,2026-06-04 05:36:11,control,0
USR_03406,2026-06-04 05:37:04,treatment,0
USR_03269,2026-06-04 05:37:35,treatment,0
USR_13949,2026-06-04 05:39:14,treatment,0
USR_02754,2026-06-04 05:44:40,treatment,0
USR_09531,2026-06-04 05:45:03,treatment,1
USR_12287,2026-06-04 05:45:33,control,0
USR_03955,2026-06-04 05:47:10,control,0
USR_14835,2026-06-04 05:47:31,control,0
USR_14452,2026-06-04 05:47:48,control,0
USR_15415,2026-06-04 05:48:05,treatment,0
USR_00892,2026-06-04 05:49:54,treatment,0
USR_14946,2026-06-04 05:50:42,control,0
USR_18579,2026-06-04 05:52:04,treatment,0
USR_13999,2026-06-04 05:52:54,control,0
USR_06986,2026-06-04 05:53:26,control,0
USR_04698,2026-06-04 05:54:27,treatment,0
USR_00611,2026-06-04 05:54:28,treatment,0
USR_03793,2026-06-04 05:55:22,control,0
USR_07495,2026-06-04 05:55:29,treatment,0
USR_05098,2026-06-04 05:56:13,treatment,0
USR_04772,2026-06-04 05:58:29,control,0
USR_08833,2026-06-04 05:59:09,treatment,0
USR_13526,2026-06-04 06:03:55,control,0
USR_16249,2026-06-04 06:04:45,treatment,1
USR_19813,2026-06-04 06:08:48,treatment,0
USR_04424,2026-06-04 06:08:48,control,0
USR_04143,2026-06-04 06:09:03,treatment,0
USR_12683,2026-06-04 06:09:36,control,0
USR_06628,2026-06-04 06:10:14,treatment,0
USR_15020,2026-06-04 06:12:12,treatment,0
USR_12746,2026-06-04 06:12:36,control,0
USR_01906,2026-06-04 06:12:56,control,0
USR_10289,2026-06-04 06:12:59,treatment,0
USR_14851,2026-06-04 06:16:45,treatment,0
USR_18882,2026-06-04 06:17:23,control,0
USR_04422,2026-06-04 06:17:58,control,0
USR_04573,2026-06-04 06:21:19,control,0
USR_14132,2026-06-04 06:23:02,treatment,0
USR_14382,2026-06-04 06:23:26,control,0
USR_16213,2026-06-04 06:24:03,treatment,0
USR_17263,2026-06-04 06:25:09,control,0
USR_08632,2026-06-04 06:25:12,treatment,1
USR_18153,2026-06-04 06:25:44,treatment,0
USR_19951,2026-06-04 06:26:14,treatment,1
USR_14614,2026-06-04 06:26:16,control,0
USR_10909,2026-06-04 06:26:20,control,0
USR_13373,2026-06-04 06:27:17,control,0
USR_09459,2026-06-04 06:27:52,control,0
USR_02835,2026-06-04 06:28:51,control,0
USR_03379,2026-06-04 06:28:56,control,0
USR_10124,2026-06-04 06:29:32,treatment,0
USR_03751,2026-06-04 06:30:59,control,1
USR_14797,2026-06-04 06:31:01,control,0
USR_17879,2026-06-04 06:31:14,control,0
USR_03450,2026-06-04 06:32:55,control,0
USR_03028,2026-06-04 06:34:35,treatment,0
USR_03503,2026-06-04 06:35:34,control,0
USR_01408,2026-06-04 06:35:36,control,0
USR_03803,2026-06-04 06:36:07,control,0
USR_19607,2026-06-04 06:37:31,treatment,0
USR_13163,2026-06-04 06:38:10,treatment,0
USR_15123,2026-06-04 06:41:05,control,0
USR_05878,2026-06-04 06:41:28,treatment,0
USR_08723,2026-06-04 06:42:39,treatment,0
USR_18967,2026-06-04 06:43:15,control,0
USR_17197,2026-06-04 06:43:38,control,0
USR_15350,2026-06-04 06:43:38,treatment,0
USR_01424,2026-06-04 06:44:44,control,0
USR_13621,2026-06-04 06:44:45,control,0
USR_19381,2026-06-04 06:45:46,control,0
USR_09227,2026-06-04 06:47:46,treatment,0
USR_08285,2026-06-04 06:48:11,control,0
USR_06430,2026-06-04 06:49:21,treatment,0
USR_06500,2026-06-04 06:49:54,control,0
USR_11326,2026-06-04 06:51:38,treatment,1
USR_15273,2026-06-04 06:54:47,treatment,0
USR_06494,2026-06-04 06:57:05,control,0
USR_01583,2026-06-04 06:57:15,treatment,0
USR_10273,2026-06-04 07:02:41,treatment,1
USR_18565,2026-06-04 07:04:01,treatment,0
USR_07924,2026-06-04 07:04:05,treatment,0
USR_18979,2026-06-04 07:05:06,control,0
USR_15343,2026-06-04 07:05:34,control,0
USR_13912,2026-06-04 07:10:13,treatment,0
USR_11371,2026-06-04 07:12:04,control,0
USR_07333,2026-06-04 07:12:09,treatment,0
USR_06738,2026-06-04 07:12:39,control,0
USR_07810,2026-06-04 07:13:02,control,0
USR_02612,2026-06-04 07:13:11,treatment,0
USR_12557,2026-06-04 07:14:38,control,0
USR_05653,2026-06-04 07:15:43,control,0
USR_07681,2026-06-04 07:16:39,control,0
USR_08799,2026-06-04 07:17:30,control,0
USR_16667,2026-06-04 07:18:28,treatment,0
USR_16953,2026-06-04 07:18:57,control,0
USR_05116,2026-06-04 07:19:07,control,0
USR_02584,2026-06-04 07:19:08,treatment,0
USR_11804,2026-06-04 07:20:01,control,0
USR_05393,2026-06-04 07:20:25,control,0
USR_01401,2026-06-04 07:20:41,control,0
USR_00814,2026-06-04 07:21:03,control,0
USR_05604,2026-06-04 07:22:10,control,1
USR_08282,2026-06-04 07:25:13,treatment,0
USR_03447,2026-06-04 07:25:59,control,0
USR_15288,2026-06-04 07:26:38,treatment,0
USR_08213,2026-06-04 07:29:33,treatment,0
USR_16530,2026-06-04 07:29:35,treatment,0
USR_17757,2026-06-04 07:30:35,control,0
USR_09492,2026-06-04 07:30:51,control,0
USR_18274,2026-06-04 07:31:05,control,0
USR_14534,2026-06-04 07:31:21,treatment,1
USR_10087,2026-06-04 07:31:42,treatment,0
USR_08861,2026-06-04 07:31:50,control,0
USR_14541,2026-06-04 07:31:58,treatment,0
USR_19225,2026-06-04 07:32:16,treatment,0
USR_03627,2026-06-04 07:32:42,control,0
USR_06552,2026-06-04 07:34:28,control,0
USR_15241,2026-06-04 07:36:05,treatment,0
USR_00367,2026-06-04 07:36:16,control,0
USR_14972,2026-06-04 07:37:33,control,0
USR_19357,2026-06-04 07:38:15,control,0
USR_15855,2026-06-04 07:38:56,treatment,0
USR_01277,2026-06-04 07:38:58,treatment,0
USR_06909,2026-06-04 07:39:36,control,0
USR_06811,2026-06-04 07:40:31,treatment,0
USR_08201,2026-06-04 07:40:32,control,0
USR_05891,2026-06-04 07:41:05,control,0
USR_08903,2026-06-04 07:41:43,treatment,0
USR_06994,2026-06-04 07:41:45,treatment,0
USR_13326,2026-06-04 07:42:43,treatment,0
USR_17728,2026-06-04 07:43:13,control,0
USR_05320,2026-06-04 07:45:10,control,0
USR_18194,2026-06-04 07:47:36,control,0
USR_11112,2026-06-04 07:47:48,treatment,0
USR_17233,2026-06-04 07:48:33,treatment,0
USR_11027,2026-06-04 07:49:07,control,0
USR_17481,2026-06-04 07:49:22,treatment,0
USR_17902,2026-06-04 07:50:26,control,0
USR_16965,2026-06-04 07:51:28,control,0
USR_05927,2026-06-04 07:53:46,control,0
USR_10001,2026-06-04 07:54:07,treatment,0
USR_07018,2026-06-04 07:54:48,treatment,0
USR_08944,2026-06-04 07:56:02,treatment,0
USR_00124,2026-06-04 07:59:09,treatment,0
USR_15450,2026-06-04 07:59:11,treatment,0
USR_02337,2026-06-04 08:01:56,treatment,0
USR_13259,2026-06-04 08:02:01,control,0
USR_12773,2026-06-04 08:02:45,treatment,0
USR_07336,2026-06-04 08:02:49,control,0
USR_04824,2026-06-04 08:03:29,treatment,0
USR_18106,2026-06-04 08:03:29,control,0
USR_17296,2026-06-04 08:04:21,control,1
USR_04274,2026-06-04 08:04:27,control,0
USR_15366,2026-06-04 08:05:29,control,0
USR_07882,2026-06-04 08:08:16,control,0
USR_01478,2026-06-04 08:10:01,control,0
USR_11224,2026-06-04 08:11:04,control,0
USR_13260,2026-06-04 08:11:16,control,0
USR_19671,2026-06-04 08:11:28,treatment,0
USR_04807,2026-06-04 08:13:13,treatment,0
USR_12694,2026-06-04 08:14:49,control,0
USR_09684,2026-06-04 08:16:33,treatment,0
USR_01406,2026-06-04 08:17:30,treatment,0
USR_00149,2026-06-04 08:17:50,control,0
USR_08885,2026-06-04 08:18:21,control,0
USR_15669,2026-06-04 08:18:57,treatment,1
USR_02933,2026-06-04 08:19:01,control,0
USR_06659,2026-06-04 08:19:17,control,0
USR_16613,2026-06-04 08:21:19,control,0
USR_05556,2026-06-04 08:21:25,treatment,0
USR_03791,2026-06-04 08:22:01,control,0
USR_05529,2026-06-04 08:22:41,treatment,0
USR_00257,2026-06-04 08:22:41,treatment,0
USR_03423,2026-06-04 08:22:49,treatment,0
USR_03920,2026-06-04 08:23:21,treatment,0
USR_19471,2026-06-04 08:27:55,control,0
USR_14043,2026-06-04 08:29:58,treatment,0
USR_08665,2026-06-04 08:30:12,control,0
USR_08949,2026-06-04 08:30:23,control,0
USR_13955,2026-06-04 08:31:46,control,0
USR_17154,2026-06-04 08:32:31,treatment,0
USR_10715,2026-06-04 08:33:29,treatment,0
USR_18088,2026-06-04 08:34:51,control,0
USR_17098,2026-06-04 08:35:12,control,0
USR_07668,2026-06-04 08:36:24,treatment,0
USR_07514,2026-06-04 08:39:54,treatment,0
USR_18139,2026-06-04 08:39:57,treatment,0
USR_00763,2026-06-04 08:40:03,control,0
USR_08168,2026-06-04 08:40:10,treatment,1
USR_16872,2026-06-04 08:41:48,control,0
USR_02231,2026-06-04 08:42:36,control,0
USR_18386,2026-06-04 08:44:01,control,0
USR_16334,2026-06-04 08:44:09,treatment,0
USR_11008,2026-06-04 08:44:21,treatment,0
USR_16759,2026-06-04 08:47:08,treatment,0
USR_18058,2026-06-04 08:48:46,control,0
USR_12714,2026-06-04 08:48:58,treatment,1
USR_05822,2026-06-04 08:49:11,control,0
USR_13550,2026-06-04 08:50:50,control,0
USR_11309,2026-06-04 08:51:48,treatment,0
USR_17061,2026-06-04 08:54:04,treatment,0
USR_12892,2026-06-04 08:56:48,treatment,0
USR_14617,2026-06-04 08:57:09,treatment,0
USR_15691,2026-06-04 08:58:00,control,0
USR_08685,2026-06-04 08:59:32,treatment,0
USR_16864,2026-06-04 08:59:49,control,0
USR_16346,2026-06-04 09:00:45,control,0
USR_05029,2026-06-04 09:01:30,control,0
USR_05440,2026-06-04 09:01:38,treatment,0
USR_19732,2026-06-04 09:02:40,control,0
USR_09444,2026-06-04 09:03:40,treatment,0
USR_16201,2026-06-04 09:05:01,treatment,0
USR_11585,2026-06-04 09:05:22,control,0
USR_14983,2026-06-04 09:05:28,treatment,0
USR_01025,2026-06-04 09:09:02,treatment,1
USR_01887,2026-06-04 09:09:32,control,0
USR_09720,2026-06-04 09:10:56,control,0
USR_04943,2026-06-04 09:12:32,control,0
USR_02999,2026-06-04 09:14:03,treatment,0
USR_11347,2026-06-04 09:15:10,treatment,0
USR_14155,2026-06-04 09:16:09,control,0
USR_08836,2026-06-04 09:17:49,treatment,0
USR_01194,2026-06-04 09:19:11,control,0
USR_19737,2026-06-04 09:19:23,control,0
USR_12323,2026-06-04 09:20:35,control,0
USR_07756,2026-06-04 09:21:49,control,0
USR_00471,2026-06-04 09:24:10,control,0
USR_18865,2026-06-04 09:26:12,treatment,0
USR_15966,2026-06-04 09:27:05,treatment,0
USR_19660,2026-06-04 09:28:35,control,1
USR_09608,2026-06-04 09:29:51,treatment,0
USR_13130,2026-06-04 09:30:32,control,0
USR_14736,2026-06-04 09:33:49,control,0
USR_04937,2026-06-04 09:35:12,control,0
USR_00444,2026-06-04 09:35:16,treatment,0
USR_06932,2026-06-04 09:35:44,control,0
USR_03062,2026-06-04 09:36:10,control,0
USR_04437,2026-06-04 09:37:39,control,0
USR_06740,2026-06-04 09:40:21,treatment,0
USR_05483,2026-06-04 09:40:57,treatment,0
USR_19389,2026-06-04 09:41:31,treatment,0
USR_19124,2026-06-04 09:41:57,treatment,0
USR_14924,2026-06-04 09:42:38,treatment,0
USR_09036,2026-06-04 09:43:30,control,0
USR_03156,2026-06-04 09:44:50,control,0
USR_17486,2026-06-04 09:46:25,control,0
USR_17245,2026-06-04 09:46:56,control,0
USR_08032,2026-06-04 09:47:11,control,0
USR_08331,2026-06-04 09:48:02,treatment,1
USR_15846,2026-06-04 09:49:15,treatment,0
USR_19135,2026-06-04 09:56:15,control,0
USR_14568,2026-06-04 09:56:20,control,0
USR_15395,2026-06-04 09:56:48,control,0
USR_09582,2026-06-04 09:57:42,control,0
USR_05960,2026-06-04 09:58:25,control,0
USR_15680,2026-06-04 09:59:31,control,0
USR_13102,2026-06-04 10:00:29,treatment,0
USR_15203,2026-06-04 10:00:38,control,0
USR_13237,2026-06-04 10:01:45,control,0
USR_11325,2026-06-04 10:08:27,treatment,0
USR_18356,2026-06-04 10:09:13,control,0
USR_17425,2026-06-04 10:09:22,treatment,0
USR_07552,2026-06-04 10:09:29,treatment,0
USR_17660,2026-06-04 10:09:57,control,0
USR_01668,2026-06-04 10:10:40,control,0
USR_13967,2026-06-04 10:11:25,treatment,0
USR_16879,2026-06-04 10:12:59,control,0
USR_17405,2026-06-04 10:13:09,treatment,0
USR_11146,2026-06-04 10:13:48,control,0
USR_09790,2026-06-04 10:14:12,treatment,0
USR_14536,2026-06-04 10:15:32,treatment,0
USR_18041,2026-06-04 10:21:17,treatment,0
USR_12202,2026-06-04 10:21:24,treatment,0
USR_18418,2026-06-04 10:21:48,treatment,0
USR_05800,2026-06-04 10:23:47,treatment,1
USR_19372,2026-06-04 10:24:24,treatment,0
USR_07162,2026-06-04 10:25:00,treatment,0
USR_16792,2026-06-04 10:27:51,treatment,1
USR_05712,2026-06-04 10:31:26,control,0
USR_06305,2026-06-04 10:32:37,control,0
USR_16060,2026-06-04 10:34:36,control,0
USR_08212,2026-06-04 10:35:20,control,0
USR_02470,2026-06-04 10:36:23,control,0
USR_10998,2026-06-04 10:36:40,control,0
USR_04527,2026-06-04 10:37:04,control,0
USR_19937,2026-06-04 10:37:06,treatment,0
USR_05555,2026-06-04 10:41:38,treatment,0
USR_19224,2026-06-04 10:46:25,treatment,0
USR_18086,2026-06-04 10:48:06,control,0
USR_09898,2026-06-04 10:48:14,treatment,0
USR_02375,2026-06-04 10:48:25,control,0
USR_17091,2026-06-04 10:48:56,control,0
USR_05185,2026-06-04 10:49:54,treatment,0
USR_13501,2026-06-04 10:50:08,treatment,0
USR_17729,2026-06-04 10:50:10,treatment,0
USR_15024,2026-06-04 10:50:14,control,0
USR_02970,2026-06-04 10:51:30,control,0
USR_13976,2026-06-04 10:51:50,control,0
USR_07976,2026-06-04 10:52:07,treatment,0
USR_03713,2026-06-04 10:52:36,treatment,0
USR_15379,2026-06-04 10:52:51,treatment,0
USR_14666,2026-06-04 10:52:53,treatment,0
USR_05517,2026-06-04 10:54:21,treatment,1
USR_18204,2026-06-04 10:54:24,treatment,1
USR_19769,2026-06-04 10:54:50,control,0
USR_18866,2026-06-04 10:56:01,treatment,0
USR_09173,2026-06-04 10:56:53,control,0
USR_06480,2026-06-04 10:57:21,control,0
USR_19069,2026-06-04 10:57:23,control,0
USR_00177,2026-06-04 10:57:52,treatment,0
USR_08530,2026-06-04 10:58:04,control,0
USR_11470,2026-06-04 10:58:12,treatment,0
USR_12826,2026-06-04 10:59:19,treatment,0
USR_18926,2026-06-04 11:00:43,treatment,0
USR_04375,2026-06-04 11:03:30,treatment,0
USR_18235,2026-06-04 11:03:36,control,0
USR_17455,2026-06-04 11:03:36,control,0
USR_02937,2026-06-04 11:04:46,treatment,1
USR_03614,2026-06-04 11:05:02,treatment,0
USR_19665,2026-06-04 11:05:17,control,0
USR_11237,2026-06-04 11:07:46,treatment,0
USR_13470,2026-06-04 11:09:34,control,0
USR_08312,2026-06-04 11:14:43,treatment,0
USR_19800,2026-06-04 11:14:55,treatment,0
USR_13974,2026-06-04 11:17:16,treatment,0
USR_15481,2026-06-04 11:17:35,control,0
USR_12548,2026-06-04 11:18:06,control,0
USR_02037,2026-06-04 11:20:24,treatment,0
USR_14947,2026-06-04 11:20:37,treatment,0
USR_17662,2026-06-04 11:20:47,treatment,0
USR_05880,2026-06-04 11:21:00,treatment,0
USR_17368,2026-06-04 11:22:20,treatment,0
USR_02038,2026-06-04 11:22:29,control,0
USR_17932,2026-06-04 11:22:37,control,0
USR_07691,2026-06-04 11:23:01,treatment,0
USR_07561,2026-06-04 11:23:35,control,0
USR_10304,2026-06-04 11:23:50,control,0
USR_07364,2026-06-04 11:24:06,treatment,0
USR_18990,2026-06-04 11:26:36,treatment,0
USR_10306,2026-06-04 11:28:00,treatment,0
USR_06401,2026-06-04 11:29:17,control,0
USR_10963,2026-06-04 11:30:57,control,0
USR_18445,2026-06-04 11:31:44,control,0
USR_17212,2026-06-04 11:37:14,control,0
USR_13685,2026-06-04 11:38:23,treatment,0
USR_14981,2026-06-04 11:39:33,control,0
USR_11308,2026-06-04 11:39:48,treatment,0
USR_04011,2026-06-04 11:41:12,treatment,0
USR_11381,2026-06-04 11:41:48,treatment,0
USR_01684,2026-06-04 11:42:33,treatment,1
USR_05548,2026-06-04 11:43:41,treatment,0
USR_18669,2026-06-04 11:45:05,control,0
USR_01054,2026-06-04 11:46:10,control,0
USR_05753,2026-06-04 11:49:40,treatment,0
USR_04650,2026-06-04 11:49:44,treatment,0
USR_00954,2026-06-04 11:51:53,control,0
USR_03880,2026-06-04 11:52:11,treatment,0
USR_13970,2026-06-04 11:52:17,control,0
USR_12234,2026-06-04 11:52:57,control,0
USR_05615,2026-06-04 11:53:29,control,1
USR_06153,2026-06-04 11:53:33,treatment,0
USR_07636,2026-06-04 11:55:49,treatment,0
USR_14250,2026-06-04 11:56:06,treatment,0
USR_13467,2026-06-04 11:56:17,control,1
USR_18643,2026-06-04 11:56:23,treatment,0
USR_19189,2026-06-04 11:56:55,treatment,1
USR_19228,2026-06-04 11:57:01,treatment,0
USR_18494,2026-06-04 11:57:54,treatment,0
USR_19146,2026-06-04 11:57:56,control,0
USR_03573,2026-06-04 12:02:59,control,0
USR_13046,2026-06-04 12:03:56,treatment,1
USR_16552,2026-06-04 12:04:23,control,0
USR_05613,2026-06-04 12:04:35,treatment,0
USR_18475,2026-06-04 12:04:46,control,0
USR_08845,2026-06-04 12:05:37,control,0
USR_12812,2026-06-04 12:06:55,treatment,0
USR_14391,2026-06-04 12:07:51,control,0
USR_04082,2026-06-04 12:08:19,control,0
USR_00996,2026-06-04 12:10:46,treatment,0
USR_17775,2026-06-04 12:12:24,control,0
USR_11864,2026-06-04 12:14:32,control,1
USR_01486,2026-06-04 12:14:54,treatment,0
USR_18523,2026-06-04 12:19:13,control,0
USR_11755,2026-06-04 12:19:33,treatment,0
USR_04133,2026-06-04 12:19:56,control,0
USR_15529,2026-06-04 12:21:03,treatment,0
USR_10743,2026-06-04 12:21:06,control,0
USR_19803,2026-06-04 12:24:11,treatment,0
USR_12713,2026-06-04 12:24:43,control,0
USR_06364,2026-06-04 12:24:50,control,0
USR_14701,2026-06-04 12:31:31,control,0
USR_04688,2026-06-04 12:32:53,treatment,0
USR_04415,2026-06-04 12:34:18,control,0
USR_13793,2026-06-04 12:34:46,control,0
USR_06907,2026-06-04 12:36:23,treatment,0
USR_10402,2026-06-04 12:36:31,control,0
USR_10093,2026-06-04 12:37:18,control,0
USR_13549,2026-06-04 12:40:17,treatment,0
USR_17523,2026-06-04 12:41:56,treatment,0
USR_15785,2026-06-04 12:42:18,control,0
USR_10800,2026-06-04 12:43:30,control,0
USR_13530,2026-06-04 12:43:41,control,0
USR_16424,2026-06-04 12:43:46,control,0
USR_11622,2026-06-04 12:45:38,treatment,0
USR_03086,2026-06-04 12:45:59,control,0
USR_05031,2026-06-04 12:46:08,control,0
USR_03444,2026-06-04 12:47:25,control,0
USR_08417,2026-06-04 12:48:48,control,0
USR_14102,2026-06-04 12:49:13,treatment,0
USR_16655,2026-06-04 12:50:05,control,0
USR_12899,2026-06-04 12:50:25,control,0
USR_17542,2026-06-04 12:50:43,treatment,0
USR_05361,2026-06-04 12:51:19,control,0
USR_13031,2026-06-04 12:52:04,treatment,0
USR_19887,2026-06-04 12:52:43,treatment,0
USR_07076,2026-06-04 12:52:59,treatment,0
USR_07463,2026-06-04 12:54:31,control,0
USR_13159,2026-06-04 12:55:12,treatment,0
USR_17248,2026-06-04 12:57:13,treatment,0
USR_03802,2026-06-04 12:57:25,control,0
USR_16718,2026-06-04 12:59:28,treatment,0
USR_09148,2026-06-04 13:00:29,treatment,0
USR_08551,2026-06-04 13:01:47,treatment,0
USR_05929,2026-06-04 13:03:31,treatment,0
USR_07251,2026-06-04 13:04:03,control,0
USR_12967,2026-06-04 13:04:47,control,1
USR_16682,2026-06-04 13:05:55,control,0
USR_17993,2026-06-04 13:08:43,control,0
USR_04561,2026-06-04 13:09:39,treatment,0
USR_15916,2026-06-04 13:09:52,treatment,0
USR_15681,2026-06-04 13:10:51,control,0
USR_11107,2026-06-04 13:12:16,control,0
USR_19155,2026-06-04 13:12:22,treatment,0
USR_10587,2026-06-04 13:15:18,treatment,0
USR_06203,2026-06-04 13:16:35,treatment,0
USR_19739,2026-06-04 13:17:13,treatment,0
USR_03631,2026-06-04 13:19:19,treatment,0
USR_00296,2026-06-04 13:19:22,control,0
USR_00918,2026-06-04 13:21:06,treatment,0
USR_14744,2026-06-04 13:21:54,treatment,0
USR_01441,2026-06-04 13:22:41,treatment,0
USR_14400,2026-06-04 13:23:12,control,0
USR_09563,2026-06-04 13:23:16,control,0
USR_09560,2026-06-04 13:25:23,control,0
USR_01975,2026-06-04 13:26:11,control,0
USR_01600,2026-06-04 13:27:41,control,0
USR_08636,2026-06-04 13:31:33,control,0
USR_12658,2026-06-04 13:34:30,treatment,0
USR_01969,2026-06-04 13:34:59,control,0
USR_12328,2026-06-04 13:35:50,control,0
USR_11199,2026-06-04 13:35:53,treatment,0
USR_13522,2026-06-04 13:38:16,treatment,0
USR_18084,2026-06-04 13:39:53,treatment,0
USR_17374,2026-06-04 13:42:38,control,0
USR_07566,2026-06-04 13:42:42,control,0
USR_15701,2026-06-04 13:44:58,control,0
USR_00058,2026-06-04 13:45:38,treatment,0
USR_18296,2026-06-04 13:46:50,control,0
USR_17408,2026-06-04 13:47:02,treatment,0
USR_16991,2026-06-04 13:47:16,treatment,0
USR_19693,2026-06-04 13:48:48,treatment,0
USR_02939,2026-06-04 13:48:51,control,0
USR_14209,2026-06-04 13:49:18,control,0
USR_18965,2026-06-04 13:49:55,control,0
USR_07761,2026-06-04 13:51:27,treatment,0
USR_10623,2026-06-04 13:51:38,control,0
USR_18071,2026-06-04 13:51:54,treatment,0
USR_00971,2026-06-04 13:52:35,treatment,0
USR_09022,2026-06-04 13:53:02,control,0
USR_06643,2026-06-04 13:53:19,treatment,0
USR_03002,2026-06-04 13:56:13,control,0
USR_17514,2026-06-04 13:57:42,control,0
USR_18850,2026-06-04 13:57:42,treatment,0
USR_12439,2026-06-04 13:58:49,control,0
USR_10683,2026-06-04 14:00:04,control,0
USR_07748,2026-06-04 14:01:05,treatment,0
USR_04708,2026-06-04 14:01:45,control,1
USR_12293,2026-06-04 14:01:51,treatment,0
USR_16236,2026-06-04 14:03:24,control,0
USR_11748,2026-06-04 14:04:02,treatment,0
USR_02232,2026-06-04 14:05:30,control,0
USR_01627,2026-06-04 14:06:36,control,0
USR_14852,2026-06-04 14:07:43,treatment,0
USR_00459,2026-06-04 14:08:15,control,0
USR_19073,2026-06-04 14:08:50,treatment,0
USR_04263,2026-06-04 14:10:15,control,0
USR_12090,2026-06-04 14:12:25,control,0
USR_10036,2026-06-04 14:13:05,control,0
USR_08931,2026-06-04 14:15:37,control,0
USR_02079,2026-06-04 14:16:49,treatment,0
USR_17942,2026-06-04 14:17:16,treatment,0
USR_15996,2026-06-04 14:18:37,treatment,0
USR_12811,2026-06-04 14:19:42,treatment,0
USR_09069,2026-06-04 14:21:01,treatment,0
USR_11383,2026-06-04 14:21:04,control,0
USR_08279,2026-06-04 14:24:05,control,0
USR_11380,2026-06-04 14:24:52,treatment,0
USR_14705,2026-06-04 14:24:55,control,0
USR_02172,2026-06-04 14:25:21,treatment,0
USR_03000,2026-06-04 14:25:52,control,1
USR_15374,2026-06-04 14:27:59,treatment,0
USR_11712,2026-06-04 14:28:19,control,0
USR_09110,2026-06-04 14:28:22,treatment,0
USR_01008,2026-06-04 14:30:27,treatment,0
USR_04889,2026-06-04 14:31:23,treatment,1
USR_04743,2026-06-04 14:32:13,treatment,0
USR_17603,2026-06-04 14:34:12,control,0
USR_14046,2026-06-04 14:35:48,control,0
USR_03583,2026-06-04 14:37:50,treatment,0
USR_01121,2026-06-04 14:38:42,treatment,0
USR_16890,2026-06-04 14:41:25,treatment,0
USR_10933,2026-06-04 14:42:31,treatment,0
USR_18377,2026-06-04 14:44:09,control,0
USR_04888,2026-06-04 14:45:08,treatment,0
USR_17677,2026-06-04 14:45:13,control,0
USR_12032,2026-06-04 14:49:17,control,0
USR_15742,2026-06-04 14:49:20,control,0
USR_12103,2026-06-04 14:49:43,treatment,0
USR_05454,2026-06-04 14:50:03,treatment,0
USR_14846,2026-06-04 14:50:27,control,0
USR_14115,2026-06-04 14:52:08,treatment,0
USR_14611,2026-06-04 14:52:16,treatment,0
USR_19261,2026-06-04 14:52:37,treatment,0
USR_18740,2026-06-04 14:53:12,treatment,1
USR_08247,2026-06-04 14:54:15,control,1
USR_08371,2026-06-04 14:54:16,treatment,0
USR_10638,2026-06-04 14:56:56,treatment,0
USR_15805,2026-06-04 14:58:28,treatment,0
USR_19070,2026-06-04 15:00:48,treatment,0
USR_06071,2026-06-04 15:00:57,treatment,0
USR_13729,2026-06-04 15:03:08,control,0
USR_02948,2026-06-04 15:03:43,treatment,0
USR_10768,2026-06-04 15:04:33,treatment,0
USR_00456,2026-06-04 15:04:54,control,0
USR_05757,2026-06-04 15:05:36,control,0
USR_14754,2026-06-04 15:07:47,control,0
USR_09300,2026-06-04 15:08:09,treatment,0
USR_14142,2026-06-04 15:08:16,treatment,0
USR_12098,2026-06-04 15:08:36,control,0
USR_16823,2026-06-04 15:08:58,control,0
USR_10382,2026-06-04 15:09:08,treatment,0
USR_08457,2026-06-04 15:11:05,treatment,0
USR_16449,2026-06-04 15:11:18,control,0
USR_02757,2026-06-04 15:13:35,control,0
USR_01337,2026-06-04 15:13:43,treatment,0
USR_19621,2026-06-04 15:13:51,control,0
USR_17436,2026-06-04 15:14:35,treatment,1
USR_16675,2026-06-04 15:15:19,control,0
USR_05205,2026-06-04 15:16:09,treatment,0
USR_07166,2026-06-04 15:18:07,treatment,0
USR_09297,2026-06-04 15:21:56,control,0
USR_00615,2026-06-04 15:22:28,control,0
USR_12995,2026-06-04 15:23:44,control,0
USR_04702,2026-06-04 15:25:44,treatment,0
USR_04486,2026-06-04 15:31:41,treatment,0
USR_02127,2026-06-04 15:32:18,control,0
USR_10356,2026-06-04 15:33:08,treatment,0
USR_05882,2026-06-04 15:35:45,control,0
USR_03619,2026-06-04 15:35:46,treatment,0
USR_05297,2026-06-04 15:36:07,treatment,0
USR_08080,2026-06-04 15:36:16,treatment,0
USR_05352,2026-06-04 15:36:29,treatment,0
USR_16679,2026-06-04 15:36:41,treatment,0
USR_17968,2026-06-04 15:38:55,treatment,0
USR_11761,2026-06-04 15:41:50,treatment,0
USR_12833,2026-06-04 15:43:02,control,0
USR_10258,2026-06-04 15:43:28,treatment,0
USR_08028,2026-06-04 15:44:07,treatment,0
USR_12220,2026-06-04 15:45:48,control,0
USR_05724,2026-06-04 15:46:25,treatment,0
USR_16563,2026-06-04 15:48:32,treatment,0
USR_05275,2026-06-04 15:48:46,treatment,0
USR_15004,2026-06-04 15:51:32,treatment,1
USR_17062,2026-06-04 15:53:23,control,0
USR_11928,2026-06-04 15:54:30,control,0
USR_14907,2026-06-04 15:54:57,control,0
USR_19946,2026-06-04 15:55:39,control,0
USR_02947,2026-06-04 15:56:12,control,0
USR_03872,2026-06-04 15:59:43,control,0
USR_00656,2026-06-04 15:59:58,control,0
USR_11835,2026-06-04 16:01:05,control,0
USR_17128,2026-06-04 16:02:42,treatment,0
USR_19188,2026-06-04 16:04:51,treatment,0
USR_07742,2026-06-04 16:05:22,control,0
USR_17839,2026-06-04 16:05:45,treatment,0
USR_04195,2026-06-04 16:05:52,treatment,0
USR_08263,2026-06-04 16:06:09,treatment,1
USR_04578,2026-06-04 16:06:17,treatment,0
USR_08662,2026-06-04 16:08:02,control,0
USR_03082,2026-06-04 16:08:22,treatment,0
USR_12443,2026-06-04 16:08:37,control,0
USR_19805,2026-06-04 16:09:01,control,0
USR_11426,2026-06-04 16:10:42,control,0
USR_12753,2026-06-04 16:10:52,treatment,0
USR_01228,2026-06-04 16:12:38,control,0
USR_06233,2026-06-04 16:13:24,control,0
USR_00587,2026-06-04 16:14:03,control,0
USR_17990,2026-06-04 16:15:16,treatment,0
USR_14332,2026-06-04 16:15:55,treatment,0
USR_05215,2026-06-04 16:16:18,treatment,0
USR_00619,2026-06-04 16:16:37,control,0
USR_14403,2026-06-04 16:19:24,treatment,0
USR_10597,2026-06-04 16:20:00,control,0
USR_00666,2026-06-04 16:21:16,treatment,0
USR_07456,2026-06-04 16:23:04,control,0
USR_17272,2026-06-04 16:24:12,control,1
USR_19503,2026-06-04 16:24:43,treatment,0
USR_10292,2026-06-04 16:25:11,treatment,0
USR_11387,2026-06-04 16:25:51,treatment,0
USR_13617,2026-06-04 16:25:53,treatment,1
USR_13294,2026-06-04 16:26:45,treatment,0
USR_13817,2026-06-04 16:27:15,treatment,0
USR_08787,2026-06-04 16:27:16,control,0
USR_06843,2026-06-04 16:27:53,treatment,0
USR_04822,2026-06-04 16:27:59,treatment,0
USR_11206,2026-06-04 16:29:17,treatment,0
USR_04828,2026-06-04 16:31:15,treatment,0
USR_11209,2026-06-04 16:31:17,control,0
USR_15274,2026-06-04 16:31:20,control,0
USR_12929,2026-06-04 16:32:05,control,0
USR_10815,2026-06-04 16:32:06,treatment,0
USR_15978,2026-06-04 16:32:27,treatment,1
USR_13455,2026-06-04 16:33:24,control,0
USR_18923,2026-06-04 16:34:49,control,0
USR_08973,2026-06-04 16:34:57,treatment,0
USR_09106,2026-06-04 16:35:35,treatment,0
USR_15523,2026-06-04 16:36:36,treatment,0
USR_17541,2026-06-04 16:38:57,treatment,1
USR_00968,2026-06-04 16:40:00,control,0
USR_02419,2026-06-04 16:40:31,treatment,0
USR_15167,2026-06-04 16:40:39,control,0
USR_06652,2026-06-04 16:41:05,control,0
USR_13751,2026-06-04 16:41:09,treatment,0
USR_12099,2026-06-04 16:41:38,control,0
USR_09040,2026-06-04 16:42:35,control,0
USR_10840,2026-06-04 16:42:54,control,0
USR_08223,2026-06-04 16:43:39,treatment,0
USR_08107,2026-06-04 16:43:45,control,0
USR_11876,2026-06-04 16:44:29,control,0
USR_08815,2026-06-04 16:45:58,control,0
USR_17570,2026-06-04 16:45:58,treatment,0
USR_11784,2026-06-04 16:48:04,control,0
USR_03879,2026-06-04 16:50:20,control,0
USR_17639,2026-06-04 16:53:12,treatment,0
USR_19456,2026-06-04 16:54:45,treatment,1
USR_12339,2026-06-04 16:56:35,control,0
USR_00835,2026-06-04 16:56:57,treatment,0
USR_10529,2026-06-04 17:00:13,control,0
USR_10533,2026-06-04 17:01:12,treatment,0
USR_04819,2026-06-04 17:02:13,control,0
USR_14246,2026-06-04 17:02:58,control,0
USR_11507,2026-06-04 17:03:29,treatment,1
USR_16068,2026-06-04 17:03:29,treatment,0
USR_05030,2026-06-04 17:03:51,treatment,0
USR_01607,2026-06-04 17:03:55,treatment,0
USR_13624,2026-06-04 17:05:27,control,0
USR_11182,2026-06-04 17:06:47,treatment,0
USR_05279,2026-06-04 17:12:07,treatment,0
USR_17214,2026-06-04 17:14:19,control,0
USR_17552,2026-06-04 17:14:58,treatment,0
USR_02706,2026-06-04 17:18:59,control,0
USR_03900,2026-06-04 17:20:05,control,0
USR_00584,2026-06-04 17:20:10,treatment,0
USR_13827,2026-06-04 17:21:07,control,0
USR_13892,2026-06-04 17:21:25,treatment,0
USR_16157,2026-06-04 17:21:28,treatment,0
USR_00746,2026-06-04 17:24:38,control,0
USR_11058,2026-06-04 17:26:15,treatment,0
USR_08780,2026-06-04 17:27:48,treatment,0
USR_09570,2026-06-04 17:27:49,treatment,0
USR_11774,2026-06-04 17:28:23,treatment,0
USR_02929,2026-06-04 17:29:02,control,0
USR_04357,2026-06-04 17:30:15,control,0
USR_17298,2026-06-04 17:30:36,treatment,0
USR_04465,2026-06-04 17:30:43,treatment,0
USR_11548,2026-06-04 17:30:59,control,0
USR_18997,2026-06-04 17:31:23,control,0
USR_05259,2026-06-04 17:32:21,control,0
USR_05718,2026-06-04 17:36:00,treatment,0
USR_13366,2026-06-04 17:37:14,control,0
USR_19802,2026-06-04 17:37:25,treatment,0
USR_13972,2026-06-04 17:38:19,control,0
USR_03813,2026-06-04 17:40:09,treatment,0
USR_16776,2026-06-04 17:40:19,control,0
USR_17873,2026-06-04 17:40:37,treatment,0
USR_15919,2026-06-04 17:41:06,treatment,0
USR_07266,2026-06-04 17:41:14,treatment,0
USR_19584,2026-06-04 17:42:15,control,1
USR_04096,2026-06-04 17:44:47,control,0
USR_19353,2026-06-04 17:45:06,treatment,0
USR_02276,2026-06-04 17:45:45,control,0
USR_10201,2026-06-04 17:48:02,control,0
USR_11659,2026-06-04 17:48:46,control,0
USR_01169,2026-06-04 17:49:16,control,0
USR_14730,2026-06-04 17:49:40,control,0
USR_17827,2026-06-04 17:49:47,control,0
USR_12124,2026-06-04 17:50:05,treatment,0
USR_05438,2026-06-04 17:54:12,treatment,1
USR_04007,2026-06-04 17:54:25,control,0
USR_15236,2026-06-04 17:57:24,treatment,0
USR_14590,2026-06-04 17:57:47,treatment,1
USR_17907,2026-06-04 17:59:22,control,1
USR_03537,2026-06-04 17:59:36,control,0
USR_01638,2026-06-04 18:00:29,control,0
USR_05665,2026-06-04 18:00:35,treatment,0
USR_12499,2026-06-04 18:00:42,control,0
USR_03381,2026-06-04 18:01:36,control,0
USR_11077,2026-06-04 18:03:47,control,0
USR_07594,2026-06-04 18:05:10,control,0
USR_14458,2026-06-04 18:05:26,control,0
USR_08626,2026-06-04 18:06:33,control,0
USR_10836,2026-06-04 18:07:32,control,0
USR_11290,2026-06-04 18:08:12,treatment,0
USR_00031,2026-06-04 18:09:27,treatment,0
USR_07655,2026-06-04 18:09:36,control,0
USR_11392,2026-06-04 18:10:29,treatment,0
USR_15890,2026-06-04 18:11:05,control,0
USR_10639,2026-06-04 18:11:37,treatment,0
USR_14731,2026-06-04 18:11:47,control,0
USR_08868,2026-06-04 18:14:50,control,0
USR_00900,2026-06-04 18:15:30,treatment,0
USR_06608,2026-06-04 18:15:47,control,0
USR_09288,2026-06-04 18:16:05,control,0
USR_07720,2026-06-04 18:16:39,treatment,0
USR_12284,2026-06-04 18:19:48,control,0
USR_14360,2026-06-04 18:20:25,treatment,0
USR_09765,2026-06-04 18:20:43,treatment,0
USR_04727,2026-06-04 18:21:19,control,0
USR_00395,2026-06-04 18:22:31,treatment,0
USR_13631,2026-06-04 18:23:03,treatment,0
USR_12206,2026-06-04 18:23:11,control,0
USR_02669,2026-06-04 18:25:31,control,0
USR_04730,2026-06-04 18:25:48,control,0
USR_13225,2026-06-04 18:26:28,treatment,0
USR_14273,2026-06-04 18:27:10,control,0
USR_11670,2026-06-04 18:28:44,control,0
USR_14424,2026-06-04 18:31:26,control,0
USR_19412,2026-06-04 18:31:37,control,0
USR_02908,2026-06-04 18:31:53,control,0
USR_17668,2026-06-04 18:33:20,control,0
USR_00227,2026-06-04 18:36:08,control,0
USR_05865,2026-06-04 18:36:58,control,0
USR_06250,2026-06-04 18:36:59,control,1
USR_18497,2026-06-04 18:37:03,control,0
USR_02004,2026-06-04 18:37:10,treatment,0
USR_08063,2026-06-04 18:37:19,treatment,0
USR_18604,2026-06-04 18:37:53,treatment,0
USR_00514,2026-06-04 18:40:23,treatment,0
USR_08832,2026-06-04 18:43:20,control,0
USR_02540,2026-06-04 18:45:41,treatment,1
USR_13035,2026-06-04 18:46:08,treatment,0
USR_07866,2026-06-04 18:49:10,control,0
USR_07922,2026-06-04 18:50:42,treatment,0
USR_11016,2026-06-04 18:53:51,control,0
USR_15625,2026-06-04 18:54:19,treatment,0
USR_12684,2026-06-04 18:55:40,control,0
USR_00045,2026-06-04 18:57:46,treatment,0
USR_17716,2026-06-04 19:00:05,control,0
USR_11697,2026-06-04 19:00:53,control,0
USR_01678,2026-06-04 19:01:33,control,0
USR_04598,2026-06-04 19:02:09,treatment,0
USR_16647,2026-06-04 19:04:25,treatment,0
USR_13196,2026-06-04 19:04:49,treatment,0
USR_05008,2026-06-04 19:06:23,control,0
USR_14977,2026-06-04 19:07:45,treatment,0
USR_04951,2026-06-04 19:07:45,treatment,0
USR_13694,2026-06-04 19:14:01,treatment,0
USR_17652,2026-06-04 19:14:25,treatment,0
USR_17072,2026-06-04 19:14:31,control,0
USR_04067,2026-06-04 19:14:55,control,0
USR_10827,2026-06-04 19:15:10,control,0
USR_05901,2026-06-04 19:15:35,control,0
USR_14032,2026-06-04 19:15:37,control,0
USR_16508,2026-06-04 19:16:57,control,0
USR_16664,2026-06-04 19:18:12,treatment,0
USR_05345,2026-06-04 19:19:52,treatment,0
USR_09336,2026-06-04 19:20:07,control,0
USR_18192,2026-06-04 19:20:27,treatment,0
USR_12481,2026-06-04 19:22:14,control,0
USR_09123,2026-06-04 19:23:03,treatment,0
USR_07118,2026-06-04 19:23:51,treatment,0
USR_01020,2026-06-04 19:24:23,treatment,0
USR_12677,2026-06-04 19:24:55,treatment,0
USR_09413,2026-06-04 19:25:12,treatment,0
USR_15349,2026-06-04 19:25:30,control,0
USR_03077,2026-06-04 19:27:20,control,0
USR_01831,2026-06-04 19:27:24,control,1
USR_10503,2026-06-04 19:27:48,treatment,0
USR_06295,2026-06-04 19:28:08,treatment,0
USR_01384,2026-06-04 19:30:10,control,0
USR_13236,2026-06-04 19:30:34,treatment,0
USR_08182,2026-06-04 19:32:15,treatment,0
USR_15166,2026-06-04 19:35:03,control,0
USR_07281,2026-06-04 19:36:53,treatment,0
USR_19823,2026-06-04 19:37:54,control,0
USR_00907,2026-06-04 19:38:18,treatment,0
USR_06456,2026-06-04 19:39:04,treatment,0
USR_01459,2026-06-04 19:40:27,control,0
USR_17807,2026-06-04 19:40:49,control,0
USR_03595,2026-06-04 19:41:33,control,0
USR_15464,2026-06-04 19:43:05,control,0
USR_16706,2026-06-04 19:43:32,treatment,0
USR_08089,2026-06-04 19:45:07,control,0
USR_18067,2026-06-04 19:45:52,control,0
USR_02244,2026-06-04 19:48:47,treatment,0
USR_00083,2026-06-04 19:49:30,treatment,0
USR_12488,2026-06-04 19:49:48,control,0
USR_13120,2026-06-04 19:50:37,treatment,0
USR_12480,2026-06-04 19:52:09,control,0
USR_02184,2026-06-04 19:53:04,treatment,0
USR_04651,2026-06-04 19:53:10,control,0
USR_19294,2026-06-04 19:54:39,treatment,0
USR_16707,2026-06-04 19:54:41,treatment,0
USR_16768,2026-06-04 19:55:10,treatment,0
USR_08020,2026-06-04 19:56:10,control,0
USR_11263,2026-06-04 19:57:29,control,0
USR_17337,2026-06-04 19:59:21,control,0
USR_00160,2026-06-04 20:00:05,control,0
USR_17105,2026-06-04 20:00:24,control,0
USR_09928,2026-06-04 20:03:22,control,0
USR_11009,2026-06-04 20:04:11,control,0
USR_18803,2026-06-04 20:04:15,control,0
USR_07716,2026-06-04 20:04:32,treatment,0
USR_12116,2026-06-04 20:05:00,control,0
USR_10311,2026-06-04 20:06:51,control,0
USR_05621,2026-06-04 20:07:46,control,0
USR_09349,2026-06-04 20:08:02,treatment,0
USR_17447,2026-06-04 20:08:06,treatment,0
USR_19441,2026-06-04 20:08:10,treatment,0
USR_00103,2026-06-04 20:08:32,treatment,0
USR_07439,2026-06-04 20:10:27,control,0
USR_07396,2026-06-04 20:10:27,control,0
USR_07792,2026-06-04 20:11:40,treatment,0
USR_13148,2026-06-04 20:14:05,control,0
USR_05390,2026-06-04 20:14:14,treatment,0
USR_07828,2026-06-04 20:14:55,control,0
USR_11828,2026-06-04 20:16:42,treatment,0
USR_06898,2026-06-04 20:18:16,control,0
USR_00612,2026-06-04 20:18:31,treatment,0
USR_09464,2026-06-04 20:20:34,treatment,1
USR_14781,2026-06-04 20:21:59,treatment,0
USR_14625,2026-06-04 20:23:46,treatment,0
USR_02377,2026-06-04 20:24:11,treatment,0
USR_15232,2026-06-04 20:25:54,control,0
USR_13898,2026-06-04 20:26:05,control,0
USR_17095,2026-06-04 20:26:07,control,0
USR_18210,2026-06-04 20:26:41,control,0
USR_11578,2026-06-04 20:27:47,treatment,0
USR_04182,2026-06-04 20:28:51,control,0
USR_14551,2026-06-04 20:30:43,treatment,0
USR_15799,2026-06-04 20:32:01,control,0
USR_10990,2026-06-04 20:34:36,treatment,0
USR_04897,2026-06-04 20:36:41,control,0
USR_12608,2026-06-04 20:36:46,control,0
USR_19336,2026-06-04 20:37:54,control,0
USR_13511,2026-06-04 20:38:56,control,0
USR_11291,2026-06-04 20:39:53,treatment,0
USR_03113,2026-06-04 20:42:26,control,0
USR_09626,2026-06-04 20:44:03,treatment,1
USR_06594,2026-06-04 20:44:21,control,0
USR_14180,2026-06-04 20:45:40,control,0
USR_08117,2026-06-04 20:46:52,control,0
USR_13145,2026-06-04 20:48:27,control,0
USR_14295,2026-06-04 20:49:00,treatment,0
USR_18305,2026-06-04 20:50:47,treatment,0
USR_13058,2026-06-04 20:50:56,control,0
USR_08867,2026-06-04 20:51:19,treatment,1
USR_17846,2026-06-04 20:53:03,control,0
USR_15294,2026-06-04 20:55:42,control,0
USR_13569,2026-06-04 20:55:45,control,0
USR_03489,2026-06-04 20:55:47,control,0
USR_10578,2026-06-04 20:55:48,control,0
USR_08878,2026-06-04 20:57:25,control,0
USR_04816,2026-06-04 20:57:40,control,0
USR_04189,2026-06-04 20:58:09,treatment,0
USR_01491,2026-06-04 20:58:11,control,0
USR_01624,2026-06-04 20:58:20,control,0
USR_14811,2026-06-04 20:58:34,control,0
USR_10625,2026-06-04 21:00:46,treatment,0
USR_02288,2026-06-04 21:02:09,treatment,0
USR_07228,2026-06-04 21:03:53,treatment,0
USR_05612,2026-06-04 21:05:44,control,0
USR_00136,2026-06-04 21:06:03,treatment,0
USR_13121,2026-06-04 21:07:31,control,0
USR_05086,2026-06-04 21:07:38,control,0
USR_06363,2026-06-04 21:09:07,treatment,0
USR_14363,2026-06-04 21:09:31,control,0
USR_13002,2026-06-04 21:10:13,treatment,0
USR_02958,2026-06-04 21:10:24,treatment,0
USR_09729,2026-06-04 21:10:55,control,0
USR_10663,2026-06-04 21:12:14,treatment,0
USR_02555,2026-06-04 21:13:00,control,0
USR_11715,2026-06-04 21:14:23,control,0
USR_07687,2026-06-04 21:14:23,control,0
USR_17472,2026-06-04 21:16:33,control,0
USR_14918,2026-06-04 21:16:53,control,0
USR_05182,2026-06-04 21:18:14,treatment,0
USR_04085,2026-06-04 21:20:59,control,0
USR_19676,2026-06-04 21:21:22,treatment,0
USR_01132,2026-06-04 21:23:10,control,0
USR_15592,2026-06-04 21:24:11,treatment,1
USR_06610,2026-06-04 21:24:34,treatment,0
USR_01664,2026-06-04 21:25:32,control,0
USR_08170,2026-06-04 21:25:52,control,1
USR_09795,2026-06-04 21:26:43,treatment,0
USR_18836,2026-06-04 21:27:18,treatment,0
USR_00032,2026-06-04 21:27:19,treatment,0
USR_14307,2026-06-04 21:28:37,treatment,0
USR_19379,2026-06-04 21:29:59,treatment,0
USR_02458,2026-06-04 21:30:26,control,0
USR_00824,2026-06-04 21:30:48,control,0
USR_00100,2026-06-04 21:32:24,treatment,0
USR_05366,2026-06-04 21:32:52,treatment,1
USR_01695,2026-06-04 21:33:04,treatment,1
USR_13342,2026-06-04 21:34:48,treatment,0
USR_06655,2026-06-04 21:35:44,treatment,1
USR_03952,2026-06-04 21:37:31,treatment,0
USR_11455,2026-06-04 21:37:44,treatment,0
USR_18873,2026-06-04 21:38:18,control,0
USR_04695,2026-06-04 21:38:47,treatment,0
USR_10489,2026-06-04 21:43:43,control,0
USR_11775,2026-06-04 21:45:30,treatment,0
USR_04372,2026-06-04 21:50:31,treatment,0
USR_03432,2026-06-04 21:50:35,control,0
USR_06520,2026-06-04 21:50:50,control,0
USR_09642,2026-06-04 21:51:39,control,0
USR_07711,2026-06-04 21:54:31,control,0
USR_10496,2026-06-04 21:55:22,treatment,0
USR_05050,2026-06-04 21:56:02,treatment,0
USR_02205,2026-06-04 21:58:17,treatment,0
USR_17156,2026-06-04 21:59:55,control,0
USR_06799,2026-06-04 22:00:47,treatment,0
USR_12599,2026-06-04 22:04:09,treatment,0
USR_01222,2026-06-04 22:04:23,control,0
USR_04887,2026-06-04 22:04:26,treatment,0
USR_15037,2026-06-04 22:04:52,control,0
USR_11301,2026-06-04 22:06:20,control,0
USR_00675,2026-06-04 22:07:09,treatment,1
USR_17172,2026-06-04 22:07:17,treatment,1
USR_15375,2026-06-04 22:07:56,control,0
USR_12570,2026-06-04 22:10:12,control,0
USR_12687,2026-06-04 22:10:18,treatment,0
USR_14921,2026-06-04 22:11:51,control,0
USR_05630,2026-06-04 22:13:44,control,0
USR_03280,2026-06-04 22:14:08,control,0
USR_01666,2026-06-04 22:15:08,treatment,0
USR_10431,2026-06-04 22:15:10,control,0
USR_18470,2026-06-04 22:15:40,control,0
USR_17113,2026-06-04 22:17:01,treatment,0
USR_19218,2026-06-04 22:17:44,treatment,0
USR_12537,2026-06-04 22:18:59,control,0
USR_04666,2026-06-04 22:22:00,control,0
USR_13719,2026-06-04 22:24:20,control,1
USR_05895,2026-06-04 22:24:41,treatment,0
USR_11212,2026-06-04 22:24:50,control,1
USR_06949,2026-06-04 22:25:25,control,0
USR_05770,2026-06-04 22:26:12,control,0
USR_15991,2026-06-04 22:27:36,treatment,0
USR_18284,2026-06-04 22:27:54,treatment,0
USR_18914,2026-06-04 22:28:31,treatment,0
USR_17598,2026-06-04 22:29:45,treatment,0
USR_07739,2026-06-04 22:29:49,control,0
USR_15795,2026-06-04 22:33:04,treatment,0
USR_15802,2026-06-04 22:35:19,control,0
USR_15716,2026-06-04 22:35:21,control,0
USR_10158,2026-06-04 22:35:29,control,0
USR_01542,2026-06-04 22:36:00,control,0
USR_18345,2026-06-04 22:36:08,control,0
USR_18432,2026-06-04 22:37:12,treatment,0
USR_10970,2026-06-04 22:38:34,control,0
USR_15387,2026-06-04 22:41:21,control,0
USR_03654,2026-06-04 22:41:24,control,1
USR_18960,2026-06-04 22:44:54,control,0
USR_03989,2026-06-04 22:45:03,control,0
USR_19760,2026-06-04 22:45:50,control,0
USR_10055,2026-06-04 22:46:05,control,0
USR_07818,2026-06-04 22:46:40,control,1
USR_08005,2026-06-04 22:47:38,control,0
USR_02505,2026-06-04 22:48:16,treatment,0
USR_07575,2026-06-04 22:48:26,treatment,0
USR_19517,2026-06-04 22:49:33,control,0
USR_16562,2026-06-04 22:49:39,control,0
USR_15786,2026-06-04 22:50:22,control,0
USR_06626,2026-06-04 22:52:51,treatment,0
USR_10890,2026-06-04 22:53:26,control,0
USR_07116,2026-06-04 22:53:52,treatment,0
USR_08006,2026-06-04 22:56:48,treatment,0
USR_11788,2026-06-04 22:57:04,treatment,0
USR_05898,2026-06-04 22:58:02,control,0
USR_07939,2026-06-04 22:58:22,treatment,0
USR_01545,2026-06-04 22:59:25,control,0
USR_17931,2026-06-04 22:59:39,control,0
USR_01817,2026-06-04 23:00:33,control,1
USR_13396,2026-06-04 23:00:40,treatment,1
USR_14126,2026-06-04 23:01:15,control,1
USR_15509,2026-06-04 23:02:34,control,0
USR_08927,2026-06-04 23:03:57,control,1
USR_06469,2026-06-04 23:05:12,control,0
USR_05223,2026-06-04 23:07:03,treatment,0
USR_06513,2026-06-04 23:07:20,treatment,0
USR_06774,2026-06-04 23:07:39,treatment,0
USR_13700,2026-06-04 23:10:03,control,0
USR_16793,2026-06-04 23:10:04,treatment,0
USR_19690,2026-06-04 23:11:45,control,0
USR_05998,2026-06-04 23:16:08,treatment,0
USR_14340,2026-06-04 23:16:49,treatment,0
USR_07553,2026-06-04 23:17:49,treatment,0
USR_04555,2026-06-04 23:19:14,treatment,0
USR_02755,2026-06-04 23:19:40,control,0
USR_12327,2026-06-04 23:19:45,treatment,0
USR_18567,2026-06-04 23:20:38,control,0
USR_02681,2026-06-04 23:21:16,control,0
USR_11377,2026-06-04 23:22:01,control,0
USR_08689,2026-06-04 23:22:11,treatment,0
USR_01636,2026-06-04 23:22:29,treatment,0
USR_09838,2026-06-04 23:24:23,treatment,0
USR_18381,2026-06-04 23:24:57,treatment,0
USR_19115,2026-06-04 23:25:36,treatment,0
USR_03854,2026-06-04 23:25:54,control,0
USR_05424,2026-06-04 23:29:02,control,0
USR_00710,2026-06-04 23:30:22,control,0
USR_02320,2026-06-04 23:33:00,treatment,0
USR_06599,2026-06-04 23:33:15,control,0
USR_19246,2026-06-04 23:33:38,treatment,0
USR_05605,2026-06-04 23:34:16,treatment,0
USR_07285,2026-06-04 23:36:22,treatment,0
USR_02173,2026-06-04 23:40:04,control,0
USR_04606,2026-06-04 23:40:22,control,1
USR_05177,2026-06-04 23:41:57,treatment,0
USR_04382,2026-06-04 23:43:22,control,0
USR_01119,2026-06-04 23:43:38,control,0
USR_03033,2026-06-04 23:44:13,treatment,0
USR_03318,2026-06-04 23:44:48,control,0
USR_02907,2026-06-04 23:47:26,treatment,0
USR_17749,2026-06-04 23:47:45,control,0
USR_10377,2026-06-04 23:49:07,treatment,0
USR_06991,2026-06-04 23:49:27,treatment,0
USR_12467,2026-06-04 23:49:37,treatment,0
USR_19684,2026-06-04 23:51:11,control,0
USR_12209,2026-06-04 23:51:42,control,0
USR_10992,2026-06-04 23:53:38,treatment,0
USR_15597,2026-06-04 23:55:09,treatment,0
USR_15732,2026-06-04 23:55:44,control,0
USR_08852,2026-06-04 23:56:37,control,0
USR_00378,2026-06-04 23:57:47,control,0
USR_09977,2026-06-04 23:59:02,control,0
USR_07089,2026-06-05 00:01:16,treatment,0
USR_04805,2026-06-05 00:01:21,treatment,0
USR_02160,2026-06-05 00:01:58,treatment,0
USR_09153,2026-06-05 00:03:14,control,0
USR_07869,2026-06-05 00:04:03,treatment,0
USR_06121,2026-06-05 00:04:28,treatment,0
USR_05710,2026-06-05 00:04:37,control,0
USR_10918,2026-06-05 00:04:56,control,0
USR_13675,2026-06-05 00:05:57,control,0
USR_05052,2026-06-05 00:06:24,treatment,0
USR_12526,2026-06-05 00:07:18,control,1
USR_18583,2026-06-05 00:07:23,treatment,0
USR_07428,2026-06-05 00:08:45,control,1
USR_14993,2026-06-05 00:09:53,treatment,0
USR_07500,2026-06-05 00:10:14,control,1
USR_11962,2026-06-05 00:11:37,treatment,0
USR_06122,2026-06-05 00:12:26,treatment,0
USR_10842,2026-06-05 00:14:40,treatment,0
USR_13423,2026-06-05 00:16:33,control,0
USR_12162,2026-06-05 00:16:41,treatment,0
USR_10322,2026-06-05 00:16:59,control,1
USR_02903,2026-06-05 00:18:24,control,0
USR_17336,2026-06-05 00:18:59,treatment,0
USR_10481,2026-06-05 00:21:02,control,0
USR_15979,2026-06-05 00:21:23,control,0
USR_09120,2026-06-05 00:21:40,treatment,0
USR_06607,2026-06-05 00:21:47,treatment,0
USR_16476,2026-06-05 00:24:07,control,0
USR_07414,2026-06-05 00:26:22,control,0
USR_17358,2026-06-05 00:28:07,control,0
USR_17835,2026-06-05 00:30:28,treatment,0
USR_12473,2026-06-05 00:30:29,control,0
USR_19776,2026-06-05 00:30:55,control,0
USR_12937,2026-06-05 00:32:30,control,0
USR_01189,2026-06-05 00:33:46,control,0
USR_12466,2026-06-05 00:33:51,treatment,0
USR_00034,2026-06-05 00:35:02,treatment,0
USR_16932,2026-06-05 00:36:09,control,0
USR_11069,2026-06-05 00:37:00,treatment,0
USR_11820,2026-06-05 00:37:27,treatment,0
USR_08691,2026-06-05 00:38:34,control,1
USR_11770,2026-06-05 00:39:30,treatment,0
USR_12436,2026-06-05 00:40:06,control,0
USR_10710,2026-06-05 00:41:19,treatment,0
USR_07230,2026-06-05 00:41:33,treatment,0
USR_10386,2026-06-05 00:41:57,treatment,0
USR_04970,2026-06-05 00:42:04,treatment,0
USR_08043,2026-06-05 00:42:43,control,0
USR_09035,2026-06-05 00:42:47,control,0
USR_16376,2026-06-05 00:43:43,control,0
USR_03928,2026-06-05 00:44:45,treatment,0
USR_03217,2026-06-05 00:45:20,treatment,0
USR_10027,2026-06-05 00:46:26,control,0
USR_17201,2026-06-05 00:48:13,control,0
USR_14520,2026-06-05 00:48:36,control,0
USR_12534,2026-06-05 00:50:11,control,0
USR_00472,2026-06-05 00:52:32,control,0
USR_19678,2026-06-05 00:52:33,treatment,0
USR_17131,2026-06-05 00:53:51,treatment,0
USR_11159,2026-06-05 00:58:44,control,0
USR_10309,2026-06-05 01:00:08,control,0
USR_18973,2026-06-05 01:02:21,control,0
USR_09591,2026-06-05 01:02:30,control,0
USR_07735,2026-06-05 01:04:24,treatment,1
USR_04023,2026-06-05 01:05:03,treatment,0
USR_14005,2026-06-05 01:06:15,treatment,0
USR_18415,2026-06-05 01:06:57,control,1
USR_14220,2026-06-05 01:08:43,control,0
USR_05871,2026-06-05 01:09:23,treatment,0
USR_09571,2026-06-05 01:11:24,treatment,0
USR_07131,2026-06-05 01:11:52,treatment,0
USR_01163,2026-06-05 01:12:41,control,0
USR_04600,2026-06-05 01:14:36,treatment,0
USR_06057,2026-06-05 01:16:55,control,0
USR_16912,2026-06-05 01:19:44,control,1
USR_05958,2026-06-05 01:19:44,treatment,0
USR_00392,2026-06-05 01:19:59,treatment,0
USR_15434,2026-06-05 01:20:41,treatment,0
USR_09270,2026-06-05 01:23:06,treatment,0
USR_10841,2026-06-05 01:23:54,treatment,0
USR_06586,2026-06-05 01:24:45,control,0
USR_12671,2026-06-05 01:25:58,control,0
USR_06151,2026-06-05 01:25:59,treatment,0
USR_09756,2026-06-05 01:26:49,treatment,0
USR_03393,2026-06-05 01:26:56,treatment,0
USR_06683,2026-06-05 01:28:02,control,0
USR_16061,2026-06-05 01:28:02,treatment,0
USR_18954,2026-06-05 01:28:41,control,0
USR_13112,2026-06-05 01:29:00,treatment,0
USR_03592,2026-06-05 01:30:11,control,0
USR_03701,2026-06-05 01:30:41,control,0
USR_09117,2026-06-05 01:30:42,control,0
USR_06288,2026-06-05 01:31:49,treatment,0
USR_13780,2026-06-05 01:31:57,control,0
USR_18158,2026-06-05 01:32:23,treatment,0
USR_06227,2026-06-05 01:32:40,treatment,0
USR_18232,2026-06-05 01:32:46,control,0
USR_13187,2026-06-05 01:33:50,control,0
USR_09387,2026-06-05 01:34:28,treatment,0
USR_01063,2026-06-05 01:34:49,control,0
USR_16972,2026-06-05 01:34:50,control,0
USR_13939,2026-06-05 01:36:17,treatment,0
USR_05335,2026-06-05 01:40:55,treatment,0
USR_16319,2026-06-05 01:42:02,control,0
USR_04420,2026-06-05 01:45:50,control,0
USR_02175,2026-06-05 01:46:49,control,0
USR_08078,2026-06-05 01:46:59,treatment,0
USR_04029,2026-06-05 01:50:11,control,0
USR_02029,2026-06-05 01:51:00,treatment,1
USR_01209,2026-06-05 01:51:07,treatment,0
USR_19108,2026-06-05 01:53:26,treatment,0
USR_14932,2026-06-05 01:53:47,treatment,1
USR_06223,2026-06-05 01:54:00,treatment,0
USR_14799,2026-06-05 01:54:09,treatment,0
USR_05900,2026-06-05 01:56:25,control,0
USR_01151,2026-06-05 01:56:38,control,0
USR_09760,2026-06-05 01:57:43,treatment,0
USR_06726,2026-06-05 01:59:01,control,0
USR_17588,2026-06-05 01:59:45,control,0
USR_12336,2026-06-05 02:00:10,control,0
USR_15573,2026-06-05 02:04:19,control,0
USR_07390,2026-06-05 02:04:19,treatment,0
USR_02073,2026-06-05 02:05:07,control,0
USR_01012,2026-06-05 02:06:23,treatment,0
USR_17815,2026-06-05 02:07:46,control,1
USR_15411,2026-06-05 02:07:47,treatment,0
USR_01318,2026-06-05 02:09:09,treatment,0
USR_00129,2026-06-05 02:11:20,control,0
USR_16326,2026-06-05 02:14:02,treatment,0
USR_14533,2026-06-05 02:16:57,control,0
USR_00539,2026-06-05 02:17:22,control,0
USR_19386,2026-06-05 02:19:45,treatment,0
USR_09495,2026-06-05 02:20:40,treatment,0
USR_03924,2026-06-05 02:21:06,control,0
USR_02852,2026-06-05 02:21:15,control,1
USR_14844,2026-06-05 02:23:55,control,0
USR_06343,2026-06-05 02:25:39,control,0
USR_14831,2026-06-05 02:26:56,treatment,1
USR_04963,2026-06-05 02:28:09,control,0
USR_05425,2026-06-05 02:28:37,treatment,0
USR_10460,2026-06-05 02:29:28,treatment,0
USR_00586,2026-06-05 02:31:25,control,0
USR_17778,2026-06-05 02:31:49,treatment,0
USR_01469,2026-06-05 02:31:57,treatment,0
USR_12342,2026-06-05 02:33:36,control,0
USR_04972,2026-06-05 02:33:36,control,0
USR_15627,2026-06-05 02:35:49,treatment,0
USR_13292,2026-06-05 02:36:43,treatment,0
USR_00190,2026-06-05 02:37:08,treatment,0
USR_17204,2026-06-05 02:38:06,treatment,0
USR_14916,2026-06-05 02:38:57,treatment,0
USR_12776,2026-06-05 02:40:39,control,0
USR_18500,2026-06-05 02:41:14,control,0
USR_06006,2026-06-05 02:42:05,control,0
USR_14196,2026-06-05 02:46:04,control,0
USR_05551,2026-06-05 02:47:15,control,0
USR_02593,2026-06-05 02:47:20,control,0
USR_00551,2026-06-05 02:47:21,control,0
USR_02708,2026-06-05 02:47:50,control,0
USR_13247,2026-06-05 02:50:03,control,0
USR_15782,2026-06-05 02:50:10,treatment,1
USR_18847,2026-06-05 02:51:57,control,0
USR_07774,2026-06-05 02:52:08,treatment,0
USR_19819,2026-06-05 02:52:33,control,0
USR_02884,2026-06-05 02:53:20,treatment,0
USR_09839,2026-06-05 02:54:01,treatment,0
USR_09771,2026-06-05 02:55:28,control,0
USR_17104,2026-06-05 02:55:32,treatment,0
USR_03116,2026-06-05 02:56:24,control,0
USR_03997,2026-06-05 02:56:46,treatment,1
USR_11554,2026-06-05 02:56:58,treatment,0
USR_18765,2026-06-05 03:01:01,control,0
USR_16065,2026-06-05 03:01:10,control,0
USR_16996,2026-06-05 03:04:30,control,0
USR_02954,2026-06-05 03:05:16,control,0
USR_15107,2026-06-05 03:05:21,treatment,0
USR_06677,2026-06-05 03:05:57,treatment,0
USR_13486,2026-06-05 03:06:02,treatment,0
USR_19180,2026-06-05 03:07:03,treatment,0
USR_05644,2026-06-05 03:07:13,treatment,0
USR_06063,2026-06-05 03:09:04,control,0
USR_10065,2026-06-05 03:09:20,control,0
USR_01180,2026-06-05 03:09:21,control,0
USR_01453,2026-06-05 03:10:00,treatment,1
USR_05343,2026-06-05 03:10:47,control,0
USR_15850,2026-06-05 03:11:52,control,0
USR_10945,2026-06-05 03:12:46,treatment,0
USR_13398,2026-06-05 03:13:19,treatment,0
USR_08143,2026-06-05 03:14:21,treatment,0
USR_10373,2026-06-05 03:17:02,control,0
USR_15533,2026-06-05 03:17:54,control,0
USR_02791,2026-06-05 03:17:55,treatment,0
USR_01183,2026-06-05 03:18:40,control,0
USR_01912,2026-06-05 03:20:10,control,0
USR_11584,2026-06-05 03:21:48,control,0
USR_05403,2026-06-05 03:23:07,treatment,0
USR_10221,2026-06-05 03:24:20,treatment,0
USR_15831,2026-06-05 03:25:25,control,0
USR_01643,2026-06-05 03:26:10,treatment,0
USR_08743,2026-06-05 03:26:14,treatment,0
USR_03199,2026-06-05 03:27:16,treatment,0
USR_01541,2026-06-05 03:30:19,treatment,0
USR_16100,2026-06-05 03:31:00,treatment,0
USR_16976,2026-06-05 03:34:45,control,0
USR_00143,2026-06-05 03:35:50,treatment,0
USR_13891,2026-06-05 03:37:40,control,0
USR_17939,2026-06-05 03:37:57,control,0
USR_08229,2026-06-05 03:38:45,treatment,0
USR_01273,2026-06-05 03:39:15,treatment,0
USR_18936,2026-06-05 03:40:17,treatment,0
USR_04692,2026-06-05 03:41:08,treatment,0
USR_00360,2026-06-05 03:41:13,treatment,0
USR_02366,2026-06-05 03:41:24,treatment,0
USR_12006,2026-06-05 03:42:55,control,0
USR_05849,2026-06-05 03:45:06,treatment,0
USR_05140,2026-06-05 03:46:13,treatment,0
USR_03885,2026-06-05 03:48:21,treatment,0
USR_15934,2026-06-05 03:49:22,control,0
USR_12983,2026-06-05 03:52:13,control,0
USR_06558,2026-06-05 03:53:04,treatment,0
USR_04724,2026-06-05 03:53:05,treatment,0
USR_00997,2026-06-05 03:53:29,control,0
USR_11568,2026-06-05 03:54:56,control,0
USR_03232,2026-06-05 03:56:03,control,0
USR_18768,2026-06-05 03:57:58,control,0
USR_02118,2026-06-05 03:59:25,control,1
USR_17861,2026-06-05 04:00:58,treatment,0
USR_13800,2026-06-05 04:03:21,control,0
USR_17715,2026-06-05 04:06:09,treatment,0
USR_03103,2026-06-05 04:06:19,control,0
USR_10363,2026-06-05 04:07:19,treatment,0
USR_15193,2026-06-05 04:07:29,control,0
USR_11345,2026-06-05 04:07:40,treatment,0
USR_16541,2026-06-05 04:13:08,control,0
USR_06491,2026-06-05 04:14:25,treatment,0
USR_10823,2026-06-05 04:14:29,treatment,0
USR_03967,2026-06-05 04:16:25,treatment,0
USR_12820,2026-06-05 04:16:42,treatment,0
USR_00801,2026-06-05 04:16:58,control,0
USR_14204,2026-06-05 04:17:25,treatment,0
USR_19096,2026-06-05 04:19:29,treatment,0
USR_12056,2026-06-05 04:19:32,treatment,1
USR_19234,2026-06-05 04:19:32,control,0
USR_03471,2026-06-05 04:21:38,control,0
USR_04025,2026-06-05 04:21:40,treatment,0
USR_10443,2026-06-05 04:22:29,control,0
USR_03008,2026-06-05 04:23:24,control,0
USR_12561,2026-06-05 04:23:26,control,0
USR_12613,2026-06-05 04:24:08,treatment,0
USR_11179,2026-06-05 04:24:24,control,0
USR_12350,2026-06-05 04:25:04,treatment,0
USR_14308,2026-06-05 04:25:14,treatment,1
USR_15164,2026-06-05 04:25:56,treatment,0
USR_05293,2026-06-05 04:26:43,control,0
USR_15910,2026-06-05 04:27:06,treatment,0
USR_06566,2026-06-05 04:27:06,treatment,0
USR_17678,2026-06-05 04:28:55,treatment,0
USR_02200,2026-06-05 04:29:09,treatment,0
USR_14129,2026-06-05 04:29:14,control,0
USR_08650,2026-06-05 04:31:52,treatment,0
USR_08564,2026-06-05 04:31:57,treatment,0
USR_11958,2026-06-05 04:32:43,control,0
USR_19460,2026-06-05 04:32:55,treatment,0
USR_09772,2026-06-05 04:34:47,treatment,0
USR_12149,2026-06-05 04:34:56,control,0
USR_14036,2026-06-05 04:35:01,control,0
USR_08118,2026-06-05 04:35:47,treatment,0
USR_06270,2026-06-05 04:36:02,treatment,0
USR_17006,2026-06-05 04:37:16,control,0
USR_09955,2026-06-05 04:37:59,control,0
USR_13709,2026-06-05 04:38:44,treatment,0
USR_19780,2026-06-05 04:41:04,treatment,0
USR_03014,2026-06-05 04:41:18,control,0
USR_12077,2026-06-05 04:41:31,treatment,0
USR_14242,2026-06-05 04:43:13,treatment,0
USR_04554,2026-06-05 04:43:14,treatment,0
USR_03844,2026-06-05 04:43:26,control,0
USR_16269,2026-06-05 04:43:55,treatment,1
USR_19024,2026-06-05 04:47:05,control,0
USR_12205,2026-06-05 04:47:13,control,0
USR_10647,2026-06-05 04:47:43,control,0
USR_10820,2026-06-05 04:49:48,control,0
USR_07760,2026-06-05 04:49:52,control,0
USR_08425,2026-06-05 04:51:21,control,0
USR_17216,2026-06-05 04:51:42,control,0
USR_13835,2026-06-05 04:51:52,control,0
USR_00231,2026-06-05 04:51:58,treatment,0
USR_01586,2026-06-05 04:52:15,control,0
USR_13364,2026-06-05 04:52:37,control,0
USR_17342,2026-06-05 04:53:23,control,1
USR_13697,2026-06-05 04:54:39,treatment,0
USR_13387,2026-06-05 04:55:40,treatment,0
USR_09372,2026-06-05 04:55:55,treatment,0
USR_10702,2026-06-05 04:56:28,treatment,0
USR_04647,2026-06-05 04:58:44,control,0
USR_05514,2026-06-05 04:58:57,control,0
USR_08264,2026-06-05 05:01:44,control,0
USR_01365,2026-06-05 05:01:56,control,0
USR_14868,2026-06-05 05:04:51,control,0
USR_14078,2026-06-05 05:05:22,control,0
USR_16644,2026-06-05 05:05:57,control,0
USR_11656,2026-06-05 05:07:25,treatment,0
USR_04080,2026-06-05 05:07:35,control,0
USR_07729,2026-06-05 05:08:25,treatment,0
USR_07460,2026-06-05 05:09:06,treatment,0
USR_11154,2026-06-05 05:09:27,control,0
USR_12981,2026-06-05 05:09:35,treatment,0
USR_11859,2026-06-05 05:10:55,control,0
USR_09789,2026-06-05 05:13:08,treatment,0
USR_04908,2026-06-05 05:14:51,treatment,0
USR_03085,2026-06-05 05:15:17,treatment,0
USR_10421,2026-06-05 05:20:13,treatment,0
USR_01939,2026-06-05 05:20:41,treatment,0
USR_19364,2026-06-05 05:21:13,treatment,0
USR_05936,2026-06-05 05:23:23,treatment,0
USR_06425,2026-06-05 05:23:26,control,0
USR_19039,2026-06-05 05:24:26,treatment,0
USR_17335,2026-06-05 05:25:22,control,0
USR_05085,2026-06-05 05:26:25,control,0
USR_16356,2026-06-05 05:27:45,control,0
USR_04471,2026-06-05 05:28:30,control,0
USR_04469,2026-06-05 05:29:14,control,0
USR_09435,2026-06-05 05:30:14,treatment,1
USR_19817,2026-06-05 05:30:36,treatment,0
USR_12007,2026-06-05 05:30:50,control,0
USR_15442,2026-06-05 05:31:24,treatment,0
USR_06536,2026-06-05 05:32:03,control,0
USR_07483,2026-06-05 05:32:27,treatment,0
USR_10905,2026-06-05 05:32:55,control,0
USR_09226,2026-06-05 05:34:09,treatment,0
USR_14728,2026-06-05 05:34:36,treatment,0
USR_03192,2026-06-05 05:35:56,control,0
USR_19894,2026-06-05 05:36:49,control,0
USR_17268,2026-06-05 05:37:46,control,0
USR_13370,2026-06-05 05:38:53,treatment,0
USR_14187,2026-06-05 05:39:53,control,0
USR_13567,2026-06-05 05:41:22,control,0
USR_05461,2026-06-05 05:41:54,control,0
USR_14325,2026-06-05 05:44:39,control,0
USR_00491,2026-06-05 05:46:01,control,0
USR_12576,2026-06-05 05:48:55,control,0
USR_10562,2026-06-05 05:49:07,treatment,0
USR_02281,2026-06-05 05:49:23,control,0
USR_08189,2026-06-05 05:51:10,control,0
USR_02538,2026-06-05 05:51:39,control,1
USR_04105,2026-06-05 05:51:46,treatment,0
USR_15242,2026-06-05 05:53:28,treatment,0
USR_07936,2026-06-05 05:54:10,control,0
USR_06317,2026-06-05 05:54:56,control,0
USR_16258,2026-06-05 05:55:19,control,0
USR_17242,2026-06-05 05:56:28,control,0
USR_04784,2026-06-05 05:56:38,control,0
USR_07670,2026-06-05 05:56:39,treatment,0
USR_03186,2026-06-05 05:57:59,treatment,0
USR_15687,2026-06-05 05:59:22,control,0
USR_05450,2026-06-05 05:59:30,treatment,0
USR_01161,2026-06-05 06:01:28,control,0
USR_18841,2026-06-05 06:06:13,treatment,0
USR_10872,2026-06-05 06:06:21,treatment,0
USR_08951,2026-06-05 06:08:37,control,0
USR_06919,2026-06-05 06:08:55,treatment,0
USR_00578,2026-06-05 06:10:10,control,1
USR_12932,2026-06-05 06:10:44,control,0
USR_17965,2026-06-05 06:10:48,control,0
USR_18379,2026-06-05 06:11:46,treatment,0
USR_11036,2026-06-05 06:12:01,treatment,0
USR_07527,2026-06-05 06:13:10,treatment,0
USR_17192,2026-06-05 06:13:20,treatment,1
USR_11270,2026-06-05 06:13:34,treatment,0
USR_17148,2026-06-05 06:16:39,control,0
USR_02112,2026-06-05 06:17:48,control,0
USR_03766,2026-06-05 06:18:38,control,0
USR_19987,2026-06-05 06:22:04,treatment,0
USR_00879,2026-06-05 06:22:09,treatment,0
USR_01820,2026-06-05 06:22:29,control,0
USR_10957,2026-06-05 06:22:59,control,0
USR_12044,2026-06-05 06:23:03,treatment,1
USR_03593,2026-06-05 06:23:49,control,0
USR_14692,2026-06-05 06:24:15,treatment,0
USR_01642,2026-06-05 06:24:39,treatment,0
USR_11092,2026-06-05 06:25:00,treatment,0
USR_12862,2026-06-05 06:25:58,control,0
USR_05199,2026-06-05 06:26:10,control,1
USR_19321,2026-06-05 06:27:22,control,0
USR_05663,2026-06-05 06:28:25,control,0
USR_04480,2026-06-05 06:29:39,treatment,0
USR_19286,2026-06-05 06:30:00,control,0
USR_06570,2026-06-05 06:32:18,control,0
USR_04521,2026-06-05 06:32:23,control,0
USR_00908,2026-06-05 06:34:11,treatment,0
USR_02566,2026-06-05 06:36:17,treatment,0
USR_13213,2026-06-05 06:36:20,control,0
USR_10949,2026-06-05 06:36:29,treatment,0
USR_10951,2026-06-05 06:37:05,treatment,0
USR_19905,2026-06-05 06:39:47,control,0
USR_18897,2026-06-05 06:41:38,control,0
USR_03807,2026-06-05 06:44:11,control,0
USR_08863,2026-06-05 06:46:57,treatment,0
USR_13219,2026-06-05 06:47:09,treatment,0
USR_12927,2026-06-05 06:47:16,treatment,0
USR_10365,2026-06-05 06:47:28,treatment,0
USR_00486,2026-06-05 06:49:11,treatment,0
USR_14769,2026-06-05 06:50:02,treatment,0
USR_12917,2026-06-05 06:51:42,control,0
USR_03173,2026-06-05 06:52:29,treatment,0
USR_15955,2026-06-05 06:53:51,treatment,0
USR_06618,2026-06-05 06:53:52,control,0
USR_09818,2026-06-05 06:56:40,treatment,0
USR_06322,2026-06-05 06:56:53,control,0
USR_10480,2026-06-05 06:57:47,treatment,0
USR_19348,2026-06-05 06:58:20,treatment,1
USR_03826,2026-06-05 06:59:17,treatment,0
USR_06835,2026-06-05 07:02:05,treatment,0
USR_04269,2026-06-05 07:02:43,control,0
USR_05142,2026-06-05 07:04:13,treatment,0
USR_11151,2026-06-05 07:04:19,control,0
USR_05229,2026-06-05 07:11:23,control,0
USR_11104,2026-06-05 07:12:14,treatment,0
USR_12987,2026-06-05 07:12:34,control,0
USR_05048,2026-06-05 07:14:16,treatment,0
USR_10229,2026-06-05 07:14:55,treatment,0
USR_13649,2026-06-05 07:15:32,treatment,0
USR_00893,2026-06-05 07:17:34,treatment,0
USR_03921,2026-06-05 07:18:46,treatment,0
USR_03718,2026-06-05 07:18:47,treatment,1
USR_13773,2026-06-05 07:18:51,treatment,0
USR_16064,2026-06-05 07:18:55,control,0
USR_05563,2026-06-05 07:21:47,treatment,0
USR_03795,2026-06-05 07:22:40,treatment,0
USR_10847,2026-06-05 07:22:46,treatment,0
USR_07841,2026-06-05 07:23:04,control,0
USR_18771,2026-06-05 07:24:07,treatment,0
USR_04234,2026-06-05 07:24:54,control,0
USR_18123,2026-06-05 07:25:46,control,1
USR_06175,2026-06-05 07:25:59,treatment,1
USR_18276,2026-06-05 07:27:13,control,0
USR_00019,2026-06-05 07:27:48,control,0
USR_19725,2026-06-05 07:28:01,control,0
USR_19843,2026-06-05 07:29:06,control,0
USR_18122,2026-06-05 07:29:10,treatment,0
USR_02639,2026-06-05 07:30:26,control,0
USR_00107,2026-06-05 07:32:36,treatment,0
USR_04817,2026-06-05 07:34:02,control,1
USR_10835,2026-06-05 07:34:15,treatment,0
USR_05224,2026-06-05 07:34:54,control,0
USR_01551,2026-06-05 07:36:24,control,0
USR_11807,2026-06-05 07:37:54,treatment,0
USR_14697,2026-06-05 07:38:20,control,0
USR_12464,2026-06-05 07:39:13,treatment,0
USR_01839,2026-06-05 07:40:42,control,0
USR_17381,2026-06-05 07:40:56,treatment,0
USR_16040,2026-06-05 07:41:29,treatment,0
USR_17439,2026-06-05 07:42:27,treatment,0
USR_19452,2026-06-05 07:42:32,control,0
USR_14971,2026-06-05 07:43:50,treatment,0
USR_04959,2026-06-05 07:43:58,treatment,0
USR_17548,2026-06-05 07:44:40,treatment,0
USR_19085,2026-06-05 07:44:49,treatment,0
USR_02246,2026-06-05 07:45:43,control,0
USR_00271,2026-06-05 07:45:48,treatment,0
USR_11244,2026-06-05 07:46:30,control,0
USR_18931,2026-06-05 07:46:36,control,0
USR_14348,2026-06-05 07:46:39,treatment,0
USR_12167,2026-06-05 07:47:04,treatment,0
USR_09185,2026-06-05 07:47:53,treatment,0
USR_06686,2026-06-05 07:48:21,treatment,0
USR_05547,2026-06-05 07:48:36,treatment,0
USR_01156,2026-06-05 07:49:10,treatment,0
USR_18906,2026-06-05 07:49:15,treatment,0
USR_03166,2026-06-05 07:50:07,control,0
USR_18499,2026-06-05 07:50:55,treatment,0
USR_09397,2026-06-05 07:52:57,control,0
USR_05174,2026-06-05 07:53:00,treatment,0
USR_16896,2026-06-05 07:57:31,treatment,0
USR_06381,2026-06-05 07:57:37,treatment,0
USR_05376,2026-06-05 07:58:59,treatment,1
USR_12419,2026-06-05 08:00:37,control,0
USR_13865,2026-06-05 08:01:03,control,0
USR_18421,2026-06-05 08:01:27,treatment,0
USR_18862,2026-06-05 08:04:05,control,0
USR_10513,2026-06-05 08:05:41,control,0
USR_00221,2026-06-05 08:06:25,treatment,1
USR_03241,2026-06-05 08:07:49,treatment,0
USR_19090,2026-06-05 08:09:33,control,0
USR_00502,2026-06-05 08:10:55,control,0
USR_09522,2026-06-05 08:10:55,treatment,1
USR_00960,2026-06-05 08:11:45,control,0
USR_03580,2026-06-05 08:12:00,treatment,0
USR_14498,2026-06-05 08:14:25,treatment,0
USR_09221,2026-06-05 08:14:45,control,0
USR_09646,2026-06-05 08:14:49,control,0
USR_09186,2026-06-05 08:15:46,treatment,0
USR_12767,2026-06-05 08:16:27,treatment,1
USR_02075,2026-06-05 08:16:46,control,0
USR_12364,2026-06-05 08:16:46,treatment,0
USR_03469,2026-06-05 08:18:49,treatment,0
USR_10424,2026-06-05 08:20:06,control,0
USR_13318,2026-06-05 08:23:34,control,0
USR_17574,2026-06-05 08:23:39,control,0
USR_15462,2026-06-05 08:24:04,control,0
USR_05391,2026-06-05 08:24:51,treatment,0
USR_08012,2026-06-05 08:25:36,treatment,0
USR_05427,2026-06-05 08:26:11,control,0
USR_08433,2026-06-05 08:28:23,treatment,0
USR_10139,2026-06-05 08:30:17,control,0
USR_08574,2026-06-05 08:30:38,treatment,0
USR_16151,2026-06-05 08:33:00,treatment,0
USR_16959,2026-06-05 08:33:48,control,1
USR_01426,2026-06-05 08:33:52,control,0
USR_15961,2026-06-05 08:34:41,treatment,0
USR_01167,2026-06-05 08:35:08,control,0
USR_01897,2026-06-05 08:36:03,control,0
USR_05051,2026-06-05 08:36:17,treatment,0
USR_17323,2026-06-05 08:41:22,control,0
USR_13191,2026-06-05 08:41:51,treatment,0
USR_10141,2026-06-05 08:43:13,control,0
USR_10468,2026-06-05 08:45:04,control,0
USR_14248,2026-06-05 08:46:12,treatment,0
USR_01205,2026-06-05 08:47:15,control,0
USR_00110,2026-06-05 08:48:23,control,0
USR_02915,2026-06-05 08:49:10,treatment,0
USR_16997,2026-06-05 08:49:40,control,0
USR_06290,2026-06-05 08:51:17,treatment,0
USR_08305,2026-06-05 08:52:05,control,0
USR_07123,2026-06-05 08:52:24,control,0
USR_07205,2026-06-05 08:52:51,treatment,0
USR_07773,2026-06-05 08:53:11,treatment,0
USR_13728,2026-06-05 08:54:21,control,0
USR_15482,2026-06-05 08:55:35,control,0
USR_15536,2026-06-05 08:58:13,treatment,1
USR_04414,2026-06-05 08:58:22,treatment,0
USR_02742,2026-06-05 08:58:27,control,0
USR_07956,2026-06-05 08:58:45,control,0
USR_05396,2026-06-05 09:00:21,control,0
USR_10215,2026-06-05 09:01:29,control,0
USR_14598,2026-06-05 09:03:02,control,0
USR_14163,2026-06-05 09:03:52,treatment,0
USR_19223,2026-06-05 09:03:55,treatment,0
USR_01971,2026-06-05 09:05:43,treatment,0
USR_12360,2026-06-05 09:06:15,treatment,0
USR_04626,2026-06-05 09:08:43,control,0
USR_04618,2026-06-05 09:09:38,control,0
USR_16227,2026-06-05 09:09:40,treatment,0
USR_03277,2026-06-05 09:09:47,control,1
USR_00319,2026-06-05 09:10:17,treatment,1
USR_10980,2026-06-05 09:11:23,control,0
USR_04046,2026-06-05 09:13:04,control,0
USR_11401,2026-06-05 09:14:09,treatment,0
USR_14976,2026-06-05 09:15:17,treatment,0
USR_15131,2026-06-05 09:15:46,treatment,0
USR_15595,2026-06-05 09:20:27,treatment,0
USR_09093,2026-06-05 09:21:29,treatment,0
USR_15688,2026-06-05 09:21:39,treatment,0
USR_02519,2026-06-05 09:21:58,control,0
USR_09543,2026-06-05 09:22:54,treatment,0
USR_11601,2026-06-05 09:23:35,treatment,0
USR_00802,2026-06-05 09:23:55,control,0
USR_02545,2026-06-05 09:24:22,treatment,0
USR_18200,2026-06-05 09:25:31,treatment,0
USR_14079,2026-06-05 09:28:17,control,0
USR_15678,2026-06-05 09:29:04,control,0
USR_13571,2026-06-05 09:29:45,treatment,0
USR_18326,2026-06-05 09:32:10,control,0
USR_14777,2026-06-05 09:32:28,treatment,0
USR_03777,2026-06-05 09:33:13,control,0
USR_10374,2026-06-05 09:33:44,treatment,1
USR_02191,2026-06-05 09:36:49,treatment,0
USR_19767,2026-06-05 09:38:43,control,0
USR_17768,2026-06-05 09:38:44,treatment,0
USR_19754,2026-06-05 09:39:41,control,0
USR_16848,2026-06-05 09:41:50,control,0
USR_07821,2026-06-05 09:42:49,treatment,0
USR_07213,2026-06-05 09:44:04,control,0
USR_08388,2026-06-05 09:45:53,treatment,0
USR_17108,2026-06-05 09:46:54,treatment,0
USR_09340,2026-06-05 09:47:00,treatment,0
USR_17860,2026-06-05 09:47:42,treatment,0
USR_05790,2026-06-05 09:48:52,treatment,0
USR_09462,2026-06-05 09:53:14,control,0
USR_06864,2026-06-05 09:55:24,control,0
USR_16812,2026-06-05 09:55:34,control,0
USR_19904,2026-06-05 09:57:25,treatment,0
USR_17327,2026-06-05 09:58:15,treatment,0
USR_01989,2026-06-05 09:59:47,control,0
USR_08602,2026-06-05 10:00:46,treatment,0
USR_00540,2026-06-05 10:02:09,treatment,0
USR_03947,2026-06-05 10:04:43,control,1
USR_12177,2026-06-05 10:04:47,treatment,0
USR_11230,2026-06-05 10:06:07,treatment,0
USR_01258,2026-06-05 10:07:28,control,0
USR_09794,2026-06-05 10:07:46,control,0
USR_17456,2026-06-05 10:09:02,control,0
USR_07950,2026-06-05 10:09:45,control,0
USR_13585,2026-06-05 10:11:13,control,0
USR_11188,2026-06-05 10:11:22,control,0
USR_00653,2026-06-05 10:11:32,control,0
USR_14619,2026-06-05 10:13:27,treatment,0
USR_03108,2026-06-05 10:13:46,control,0
USR_10056,2026-06-05 10:13:51,treatment,0
USR_05470,2026-06-05 10:17:31,treatment,0
USR_12381,2026-06-05 10:19:56,control,0
USR_16171,2026-06-05 10:20:55,control,0
USR_13000,2026-06-05 10:21:04,control,0
USR_05452,2026-06-05 10:21:25,control,0
USR_00042,2026-06-05 10:21:52,treatment,0
USR_18692,2026-06-05 10:22:06,control,0
USR_03915,2026-06-05 10:23:36,control,0
USR_04703,2026-06-05 10:23:42,treatment,0
USR_04745,2026-06-05 10:23:44,control,0
USR_17929,2026-06-05 10:25:19,control,0
USR_02878,2026-06-05 10:26:02,control,0
USR_12873,2026-06-05 10:29:11,treatment,0
USR_00732,2026-06-05 10:29:26,control,0
USR_15590,2026-06-05 10:30:51,treatment,1
USR_02125,2026-06-05 10:32:52,treatment,0
USR_16281,2026-06-05 10:32:54,treatment,1
USR_09299,2026-06-05 10:33:46,control,0
USR_05236,2026-06-05 10:34:06,control,0
USR_01423,2026-06-05 10:35:34,treatment,0
USR_00636,2026-06-05 10:37:03,treatment,0
USR_02684,2026-06-05 10:37:51,control,0
USR_06052,2026-06-05 10:38:06,treatment,0
USR_04979,2026-06-05 10:38:31,treatment,0
USR_08762,2026-06-05 10:39:55,control,0
USR_10002,2026-06-05 10:40:53,treatment,0
USR_05587,2026-06-05 10:41:17,treatment,0
USR_15847,2026-06-05 10:42:31,control,0
USR_01630,2026-06-05 10:43:48,control,0
USR_08102,2026-06-05 10:44:18,control,0
USR_08855,2026-06-05 10:44:54,control,0
USR_11477,2026-06-05 10:47:24,treatment,0
USR_11615,2026-06-05 10:47:39,treatment,1
USR_16904,2026-06-05 10:48:21,treatment,0
USR_10369,2026-06-05 10:48:21,treatment,0
USR_14479,2026-06-05 10:50:11,control,0
USR_08479,2026-06-05 10:50:22,treatment,0
USR_13098,2026-06-05 10:51:00,treatment,0
USR_05439,2026-06-05 10:52:34,control,0
USR_01506,2026-06-05 10:53:20,control,0
USR_07526,2026-06-05 10:56:26,control,0
USR_07965,2026-06-05 10:59:26,control,0
USR_13354,2026-06-05 10:59:35,treatment,0
USR_03313,2026-06-05 11:00:10,control,0
USR_01443,2026-06-05 11:00:44,control,0
USR_13116,2026-06-05 11:01:39,treatment,0
USR_12214,2026-06-05 11:03:07,treatment,0
USR_06420,2026-06-05 11:03:29,control,0
USR_05358,2026-06-05 11:04:19,control,0
USR_03978,2026-06-05 11:08:19,treatment,0
USR_01353,2026-06-05 11:08:43,treatment,0
USR_10816,2026-06-05 11:08:54,treatment,0
USR_15382,2026-06-05 11:08:56,treatment,0
USR_08923,2026-06-05 11:09:12,treatment,0
USR_19129,2026-06-05 11:11:31,treatment,0
USR_05218,2026-06-05 11:12:01,treatment,0
USR_19988,2026-06-05 11:14:35,treatment,0
USR_06098,2026-06-05 11:16:19,treatment,0
USR_18869,2026-06-05 11:16:35,treatment,0
USR_02530,2026-06-05 11:16:45,control,0
USR_15305,2026-06-05 11:17:26,control,1
USR_01404,2026-06-05 11:18:11,treatment,0
USR_00340,2026-06-05 11:20:46,treatment,0
USR_03780,2026-06-05 11:22:50,treatment,0
USR_09353,2026-06-05 11:22:53,treatment,0
USR_10611,2026-06-05 11:25:08,treatment,0
USR_08928,2026-06-05 11:25:11,control,0
USR_03307,2026-06-05 11:25:36,treatment,0
USR_16149,2026-06-05 11:29:58,control,0
USR_12867,2026-06-05 11:30:02,treatment,0
USR_18461,2026-06-05 11:31:57,treatment,0
USR_11283,2026-06-05 11:33:02,treatment,0
USR_05269,2026-06-05 11:33:08,treatment,0
USR_04359,2026-06-05 11:33:23,treatment,0
USR_04213,2026-06-05 11:33:35,treatment,0
USR_01773,2026-06-05 11:33:48,treatment,0
USR_03521,2026-06-05 11:34:25,treatment,0
USR_18908,2026-06-05 11:35:33,control,0
USR_09730,2026-06-05 11:37:03,treatment,0
USR_04432,2026-06-05 11:37:17,control,0
USR_17576,2026-06-05 11:38:34,control,0
USR_04192,2026-06-05 11:40:10,treatment,0
USR_12710,2026-06-05 11:40:38,control,1
USR_09525,2026-06-05 11:41:01,control,0
USR_10574,2026-06-05 11:43:11,treatment,0
USR_02829,2026-06-05 11:45:06,control,0
USR_07665,2026-06-05 11:46:34,treatment,1
USR_16126,2026-06-05 11:47:18,control,0
USR_02493,2026-06-05 11:47:57,control,0
USR_18596,2026-06-05 11:49:33,treatment,0
USR_05988,2026-06-05 11:49:49,control,0
USR_08926,2026-06-05 11:51:28,control,0
USR_05704,2026-06-05 11:53:22,control,0
USR_10390,2026-06-05 11:54:47,control,0
USR_00882,2026-06-05 11:55:28,treatment,1
USR_19326,2026-06-05 11:56:48,control,0
USR_04870,2026-06-05 11:57:50,control,0
USR_14992,2026-06-05 12:00:53,treatment,0
USR_16860,2026-06-05 12:03:10,treatment,0
USR_15025,2026-06-05 12:03:18,control,0
USR_04403,2026-06-05 12:03:38,control,0
USR_11486,2026-06-05 12:04:33,control,0
USR_05737,2026-06-05 12:06:30,treatment,0
USR_11262,2026-06-05 12:06:59,control,0
USR_13238,2026-06-05 12:07:12,control,0
USR_17986,2026-06-05 12:09:33,treatment,0
USR_15195,2026-06-05 12:11:24,treatment,0
USR_04126,2026-06-05 12:12:22,treatment,0
USR_09705,2026-06-05 12:15:00,treatment,0
USR_09248,2026-06-05 12:15:10,treatment,1
USR_00023,2026-06-05 12:15:12,control,0
USR_08813,2026-06-05 12:15:46,treatment,0
USR_19350,2026-06-05 12:15:55,control,0
USR_09821,2026-06-05 12:19:10,control,0
USR_06623,2026-06-05 12:19:59,control,0
USR_12334,2026-06-05 12:21:32,treatment,0
USR_19177,2026-06-05 12:22:37,control,0
USR_17933,2026-06-05 12:26:37,treatment,0
USR_09479,2026-06-05 12:27:32,control,0
USR_02893,2026-06-05 12:27:50,control,1
USR_15256,2026-06-05 12:28:41,control,0
USR_16724,2026-06-05 12:30:33,treatment,0
USR_03790,2026-06-05 12:30:37,control,0
USR_18915,2026-06-05 12:31:22,treatment,0
USR_17147,2026-06-05 12:33:03,treatment,0
USR_12359,2026-06-05 12:34:22,control,1
USR_15472,2026-06-05 12:34:34,control,0
USR_05305,2026-06-05 12:35:03,control,0
USR_13763,2026-06-05 12:36:19,control,0
USR_01819,2026-06-05 12:36:36,treatment,0
USR_16506,2026-06-05 12:37:26,control,1
USR_19477,2026-06-05 12:38:55,control,0
USR_12228,2026-06-05 12:40:06,treatment,0
USR_07347,2026-06-05 12:40:48,control,0
USR_05292,2026-06-05 12:41:10,control,0
USR_04364,2026-06-05 12:42:20,treatment,0
USR_01614,2026-06-05 12:43:06,control,0
USR_00951,2026-06-05 12:43:36,control,0
USR_17494,2026-06-05 12:44:37,control,0
USR_18380,2026-06-05 12:44:53,control,0
USR_17601,2026-06-05 12:46:49,treatment,0
USR_08251,2026-06-05 12:47:23,treatment,0
USR_18938,2026-06-05 12:49:02,control,1
USR_08234,2026-06-05 12:49:04,treatment,1
USR_04871,2026-06-05 12:53:39,control,1
USR_17969,2026-06-05 12:53:50,treatment,0
USR_06861,2026-06-05 12:54:46,control,0
USR_05226,2026-06-05 12:56:46,control,0
USR_16901,2026-06-05 12:57:18,control,0
USR_01018,2026-06-05 12:57:33,treatment,0
USR_08405,2026-06-05 12:59:06,control,0
USR_17369,2026-06-05 13:00:17,control,0
USR_07246,2026-06-05 13:00:26,control,1
USR_04661,2026-06-05 13:01:07,control,0
USR_12022,2026-06-05 13:03:26,control,0
USR_17370,2026-06-05 13:05:12,control,0
USR_02925,2026-06-05 13:06:56,treatment,0
USR_19374,2026-06-05 13:09:40,treatment,0
USR_14130,2026-06-05 13:10:35,control,0
USR_02383,2026-06-05 13:10:50,treatment,0
USR_18000,2026-06-05 13:11:13,treatment,0
USR_08041,2026-06-05 13:12:29,control,0
USR_02261,2026-06-05 13:12:48,treatment,0
USR_03849,2026-06-05 13:13:28,treatment,0
USR_09837,2026-06-05 13:13:38,control,0
USR_10898,2026-06-05 13:13:42,treatment,0
USR_17643,2026-06-05 13:14:14,control,0
USR_00336,2026-06-05 13:14:56,treatment,0
USR_18650,2026-06-05 13:18:28,treatment,0
USR_03805,2026-06-05 13:19:07,treatment,0
USR_05877,2026-06-05 13:19:33,control,0
USR_02826,2026-06-05 13:19:47,control,0
USR_06853,2026-06-05 13:19:52,control,0
USR_07112,2026-06-05 13:21:17,control,0
USR_04092,2026-06-05 13:21:20,control,0
USR_02425,2026-06-05 13:23:33,treatment,0
USR_00548,2026-06-05 13:23:59,treatment,0
USR_01594,2026-06-05 13:25:27,treatment,0
USR_13003,2026-06-05 13:26:26,treatment,0
USR_17446,2026-06-05 13:28:35,treatment,0
USR_10833,2026-06-05 13:31:30,treatment,0
USR_08408,2026-06-05 13:31:57,treatment,1
USR_03195,2026-06-05 13:32:32,control,0
USR_03327,2026-06-05 13:33:40,control,0
USR_06983,2026-06-05 13:34:26,treatment,0
USR_14017,2026-06-05 13:34:50,control,0
USR_13413,2026-06-05 13:37:13,control,0
USR_14328,2026-06-05 13:37:19,control,0
USR_01548,2026-06-05 13:37:58,treatment,0
USR_04907,2026-06-05 13:38:42,control,0
USR_03246,2026-06-05 13:40:41,control,0
USR_07845,2026-06-05 13:43:17,control,0
USR_19774,2026-06-05 13:44:14,treatment,0
USR_07708,2026-06-05 13:46:37,control,0
USR_18767,2026-06-05 13:46:44,treatment,0
USR_03079,2026-06-05 13:47:49,treatment,0
USR_09210,2026-06-05 13:48:31,treatment,0
USR_08257,2026-06-05 13:49:00,control,0
USR_14134,2026-06-05 13:49:22,control,0
USR_05693,2026-06-05 13:49:53,control,0
USR_12758,2026-06-05 13:50:30,control,0
USR_14612,2026-06-05 13:51:10,treatment,0
USR_06402,2026-06-05 13:53:38,control,0
USR_15005,2026-06-05 13:54:16,treatment,0
USR_12282,2026-06-05 13:54:55,treatment,0
USR_16534,2026-06-05 13:55:01,control,0
USR_07844,2026-06-05 13:56:51,treatment,0
USR_03905,2026-06-05 13:58:01,control,0
USR_18405,2026-06-05 13:58:28,treatment,0
USR_15522,2026-06-05 13:59:36,control,0
USR_16708,2026-06-05 14:00:55,control,0
USR_19980,2026-06-05 14:01:43,control,0
USR_19260,2026-06-05 14:02:36,control,0
USR_00263,2026-06-05 14:02:38,control,0
USR_04014,2026-06-05 14:03:54,control,0
USR_13508,2026-06-05 14:05:57,treatment,0
USR_19059,2026-06-05 14:06:33,control,0
USR_14832,2026-06-05 14:07:03,treatment,0
USR_10801,2026-06-05 14:08:30,control,0
USR_06725,2026-06-05 14:09:00,control,0
USR_19855,2026-06-05 14:10:20,treatment,0
USR_10550,2026-06-05 14:10:40,treatment,0
USR_03087,2026-06-05 14:10:44,treatment,0
USR_13683,2026-06-05 14:11:13,treatment,0
USR_01805,2026-06-05 14:11:16,treatment,0
USR_04809,2026-06-05 14:12:54,treatment,0
USR_15277,2026-06-05 14:12:56,control,0
USR_09382,2026-06-05 14:14:15,control,0
USR_18951,2026-06-05 14:16:05,treatment,1
USR_03948,2026-06-05 14:16:31,control,1
USR_02431,2026-06-05 14:16:34,treatment,0
USR_00150,2026-06-05 14:16:57,treatment,0
USR_16193,2026-06-05 14:18:02,treatment,0
USR_08363,2026-06-05 14:19:26,control,0
USR_19253,2026-06-05 14:23:06,control,0
USR_00580,2026-06-05 14:23:30,control,0
USR_07623,2026-06-05 14:24:07,control,0
USR_15835,2026-06-05 14:24:17,control,0
USR_04631,2026-06-05 14:24:53,control,0
USR_07300,2026-06-05 14:25:05,treatment,0
USR_04497,2026-06-05 14:26:39,control,0
USR_17616,2026-06-05 14:27:39,treatment,0
USR_08793,2026-06-05 14:28:01,treatment,0
USR_19236,2026-06-05 14:28:01,treatment,0
USR_00162,2026-06-05 14:28:07,control,0
USR_15730,2026-06-05 14:29:14,control,0
USR_02691,2026-06-05 14:32:28,control,0
USR_11307,2026-06-05 14:34:03,control,0
USR_04360,2026-06-05 14:38:37,control,0
USR_03590,2026-06-05 14:39:23,control,0
USR_19023,2026-06-05 14:39:31,treatment,0
USR_03525,2026-06-05 14:39:43,control,1
USR_16969,2026-06-05 14:41:21,treatment,0
USR_11180,2026-06-05 14:43:40,treatment,1
USR_16270,2026-06-05 14:43:49,control,0
USR_18429,2026-06-05 14:45:06,control,0
USR_01752,2026-06-05 14:45:18,treatment,0
USR_02209,2026-06-05 14:45:36,treatment,0
USR_11890,2026-06-05 14:46:13,control,0
USR_13083,2026-06-05 14:46:26,treatment,0
USR_10831,2026-06-05 14:50:42,treatment,0
USR_07153,2026-06-05 14:53:25,treatment,0
USR_07837,2026-06-05 14:53:58,control,0
USR_19110,2026-06-05 14:57:03,treatment,0
USR_15948,2026-06-05 14:57:22,treatment,0
USR_08401,2026-06-05 14:57:48,treatment,0
USR_01561,2026-06-05 14:58:53,treatment,1
USR_15756,2026-06-05 14:59:30,treatment,0
USR_09381,2026-06-05 15:01:45,treatment,0
USR_12201,2026-06-05 15:03:16,control,0
USR_05316,2026-06-05 15:03:48,control,0
USR_03142,2026-06-05 15:04:29,treatment,0
USR_11834,2026-06-05 15:04:46,treatment,0
USR_19541,2026-06-05 15:05:28,treatment,0
USR_17687,2026-06-05 15:06:28,treatment,0
USR_18877,2026-06-05 15:07:46,treatment,0
USR_18273,2026-06-05 15:08:04,control,0
USR_11740,2026-06-05 15:08:12,control,0
USR_17433,2026-06-05 15:09:47,treatment,0
USR_03491,2026-06-05 15:10:04,treatment,0
USR_17646,2026-06-05 15:10:24,treatment,0
USR_18772,2026-06-05 15:11:34,control,0
USR_07448,2026-06-05 15:12:39,treatment,0
USR_06754,2026-06-05 15:12:51,control,0
USR_08830,2026-06-05 15:13:07,control,0
USR_18592,2026-06-05 15:15:09,treatment,0
USR_15448,2026-06-05 15:15:27,control,0
USR_00831,2026-06-05 15:16:44,treatment,0
USR_01497,2026-06-05 15:17:16,control,0
USR_06311,2026-06-05 15:17:28,control,0
USR_05808,2026-06-05 15:20:46,treatment,0
USR_18187,2026-06-05 15:20:55,treatment,1
USR_15127,2026-06-05 15:21:37,treatment,0
USR_16109,2026-06-05 15:24:15,control,0
USR_15060,2026-06-05 15:26:07,control,0
USR_16995,2026-06-05 15:26:42,treatment,0
USR_16243,2026-06-05 15:27:56,control,0
USR_18155,2026-06-05 15:28:13,treatment,0
USR_11015,2026-06-05 15:29:49,control,0
USR_09109,2026-06-05 15:30:08,treatment,0
USR_19082,2026-06-05 15:31:10,treatment,0
USR_08443,2026-06-05 15:32:29,control,0
USR_14392,2026-06-05 15:33:44,treatment,0
USR_04044,2026-06-05 15:33:53,treatment,0
USR_10359,2026-06-05 15:34:22,treatment,0
USR_19164,2026-06-05 15:35:42,treatment,0
USR_03147,2026-06-05 15:36:01,control,0
USR_02784,2026-06-05 15:36:11,control,0
USR_03481,2026-06-05 15:36:39,treatment,0
USR_03455,2026-06-05 15:37:02,control,0
USR_03492,2026-06-05 15:38:50,treatment,0
USR_17348,2026-06-05 15:39:35,treatment,0
USR_19892,2026-06-05 15:40:10,control,0
USR_09089,2026-06-05 15:44:57,control,0
USR_13986,2026-06-05 15:45:24,control,0
USR_04668,2026-06-05 15:49:00,control,0
USR_10516,2026-06-05 15:50:02,treatment,0
USR_06715,2026-06-05 15:51:28,treatment,0
USR_02879,2026-06-05 15:55:53,treatment,0
USR_07684,2026-06-05 15:59:10,treatment,0
USR_12711,2026-06-05 16:00:43,control,0
USR_00926,2026-06-05 16:01:25,treatment,0
USR_08439,2026-06-05 16:01:46,treatment,0
USR_18491,2026-06-05 16:02:07,control,0
USR_05105,2026-06-05 16:05:17,control,0
USR_18659,2026-06-05 16:05:18,treatment,0
USR_12903,2026-06-05 16:06:09,treatment,0
USR_19825,2026-06-05 16:07:09,control,0
USR_16926,2026-06-05 16:08:50,treatment,0
USR_08444,2026-06-05 16:08:59,treatment,0
USR_09687,2026-06-05 16:09:11,control,1
USR_11572,2026-06-05 16:10:35,treatment,0
USR_08379,2026-06-05 16:12:05,control,0
USR_03786,2026-06-05 16:13:00,control,1
USR_15886,2026-06-05 16:14:35,control,0
USR_16055,2026-06-05 16:18:41,treatment,0
USR_05365,2026-06-05 16:19:45,control,0
USR_14678,2026-06-05 16:20:42,control,0
USR_11901,2026-06-05 16:21:02,control,0
USR_02991,2026-06-05 16:21:10,treatment,0
USR_13661,2026-06-05 16:21:16,control,0
USR_06504,2026-06-05 16:21:54,treatment,0
USR_03919,2026-06-05 16:21:56,control,0
USR_14864,2026-06-05 16:22:29,control,0
USR_14254,2026-06-05 16:23:18,control,0
USR_14910,2026-06-05 16:24:30,treatment,0
USR_02052,2026-06-05 16:25:37,treatment,0
USR_01730,2026-06-05 16:26:04,treatment,0
USR_16108,2026-06-05 16:26:48,control,0
USR_17281,2026-06-05 16:27:58,control,0
USR_03220,2026-06-05 16:28:45,control,0
USR_13402,2026-06-05 16:29:10,treatment,0
USR_04425,2026-06-05 16:29:14,treatment,0
USR_15882,2026-06-05 16:29:46,control,0
USR_18969,2026-06-05 16:31:35,control,0
USR_06149,2026-06-05 16:31:47,treatment,0
USR_14571,2026-06-05 16:32:54,treatment,0
USR_13759,2026-06-05 16:38:00,treatment,0
USR_16254,2026-06-05 16:39:53,control,0
USR_18073,2026-06-05 16:40:04,treatment,0
USR_11990,2026-06-05 16:40:31,control,0
USR_09559,2026-06-05 16:40:35,treatment,0
USR_03185,2026-06-05 16:40:41,control,0
USR_06114,2026-06-05 16:44:07,control,0
USR_13811,2026-06-05 16:44:24,control,0
USR_13341,2026-06-05 16:44:39,control,0
USR_05421,2026-06-05 16:45:15,treatment,0
USR_13348,2026-06-05 16:46:11,control,0
USR_08661,2026-06-05 16:46:18,control,0
USR_03982,2026-06-05 16:46:49,control,0
USR_10778,2026-06-05 16:47:01,treatment,0
USR_03354,2026-06-05 16:47:06,control,0
USR_19106,2026-06-05 16:47:33,treatment,0
USR_13785,2026-06-05 16:48:16,treatment,0
USR_18220,2026-06-05 16:48:55,control,0
USR_13680,2026-06-05 16:48:57,treatment,0
USR_06025,2026-06-05 16:49:25,control,0
USR_09875,2026-06-05 16:50:34,treatment,0
USR_17848,2026-06-05 16:51:44,treatment,0
USR_01201,2026-06-05 16:52:34,control,0
USR_01370,2026-06-05 16:53:03,control,0
USR_13170,2026-06-05 16:54:22,treatment,0
USR_09960,2026-06-05 16:55:00,control,0
USR_01507,2026-06-05 16:55:09,control,0
USR_02378,2026-06-05 16:55:14,control,0
USR_15897,2026-06-05 16:55:44,control,0
USR_12916,2026-06-05 16:58:09,control,0
USR_15433,2026-06-05 16:58:33,treatment,0
USR_15864,2026-06-05 16:58:48,treatment,0
USR_04658,2026-06-05 16:59:04,control,0
USR_09830,2026-06-05 16:59:31,control,0
USR_01572,2026-06-05 17:05:32,treatment,0
USR_07839,2026-06-05 17:06:42,control,0
USR_16921,2026-06-05 17:08:39,treatment,0
USR_18167,2026-06-05 17:09:10,treatment,0
USR_18896,2026-06-05 17:10:06,control,0
USR_16660,2026-06-05 17:11:11,treatment,1
USR_00657,2026-06-05 17:11:57,treatment,0
USR_16790,2026-06-05 17:11:58,treatment,0
USR_10435,2026-06-05 17:13:09,control,0
USR_09375,2026-06-05 17:13:58,treatment,0
USR_02340,2026-06-05 17:15:17,treatment,0
USR_14435,2026-06-05 17:15:42,control,0
USR_04481,2026-06-05 17:16:03,control,0
USR_18215,2026-06-05 17:16:39,treatment,0
USR_08157,2026-06-05 17:19:36,control,0
USR_11129,2026-06-05 17:19:40,control,0
USR_02208,2026-06-05 17:19:48,control,1
USR_15553,2026-06-05 17:21:30,treatment,0
USR_06418,2026-06-05 17:21:48,treatment,0
USR_11540,2026-06-05 17:21:59,control,0
USR_13282,2026-06-05 17:23:04,treatment,0
USR_05414,2026-06-05 17:23:53,treatment,0
USR_06385,2026-06-05 17:24:42,control,0
USR_08366,2026-06-05 17:24:44,treatment,0
USR_16113,2026-06-05 17:26:18,treatment,0
USR_19712,2026-06-05 17:26:19,treatment,0
USR_00536,2026-06-05 17:31:31,treatment,0
USR_19497,2026-06-05 17:34:13,treatment,0
USR_17135,2026-06-05 17:35:48,control,0
USR_18087,2026-06-05 17:36:03,control,0
USR_00688,2026-06-05 17:37:35,control,0
USR_01322,2026-06-05 17:38:06,treatment,0
USR_08442,2026-06-05 17:40:29,treatment,0
USR_09975,2026-06-05 17:44:33,control,0
USR_09918,2026-06-05 17:44:44,control,0
USR_11681,2026-06-05 17:46:21,treatment,0
USR_07935,2026-06-05 17:46:29,treatment,0
USR_00938,2026-06-05 17:47:11,treatment,0
USR_12985,2026-06-05 17:48:43,control,0
USR_15325,2026-06-05 17:49:58,control,0
USR_08810,2026-06-05 17:50:11,control,0
USR_10812,2026-06-05 17:51:30,treatment,0
USR_07733,2026-06-05 17:51:33,control,0
USR_10851,2026-06-05 17:52:30,control,0
USR_13182,2026-06-05 17:53:24,treatment,0
USR_10406,2026-06-05 17:55:04,control,0
USR_15119,2026-06-05 17:55:10,control,0
USR_15981,2026-06-05 17:57:15,control,0
USR_19524,2026-06-05 17:59:21,treatment,0
USR_00628,2026-06-05 17:59:27,control,0
USR_03710,2026-06-05 17:59:54,treatment,0
USR_10996,2026-06-05 18:01:26,control,0
USR_16225,2026-06-05 18:04:51,treatment,0
USR_04612,2026-06-05 18:04:52,control,0
USR_03458,2026-06-05 18:04:56,treatment,0
USR_12787,2026-06-05 18:05:43,control,0
USR_13918,2026-06-05 18:07:40,treatment,0
USR_04433,2026-06-05 18:09:13,treatment,0
USR_14581,2026-06-05 18:09:46,control,0
USR_17411,2026-06-05 18:10:46,treatment,0
USR_19450,2026-06-05 18:12:21,control,0
USR_03367,2026-06-05 18:12:52,treatment,0
USR_07874,2026-06-05 18:12:55,control,0
USR_13210,2026-06-05 18:13:21,treatment,0
USR_10961,2026-06-05 18:14:26,treatment,0
USR_04057,2026-06-05 18:14:46,control,0
USR_12450,2026-06-05 18:18:17,treatment,0
USR_15676,2026-06-05 18:18:24,treatment,1
USR_14647,2026-06-05 18:18:47,control,0
USR_09316,2026-06-05 18:20:50,treatment,0
USR_05413,2026-06-05 18:22:11,treatment,0
USR_05752,2026-06-05 18:22:11,control,0
USR_05206,2026-06-05 18:22:56,control,1
USR_18777,2026-06-05 18:23:50,treatment,0
USR_03894,2026-06-05 18:23:52,control,0
USR_06585,2026-06-05 18:26:16,control,0
USR_08153,2026-06-05 18:27:57,treatment,0
USR_15163,2026-06-05 18:28:19,treatment,0
USR_19727,2026-06-05 18:30:07,control,0
USR_17772,2026-06-05 18:30:09,control,0
USR_15282,2026-06-05 18:30:20,treatment,0
USR_07248,2026-06-05 18:30:33,control,0
USR_10579,2026-06-05 18:32:46,treatment,0
USR_03933,2026-06-05 18:33:58,treatment,0
USR_03601,2026-06-05 18:35:46,control,0
USR_15239,2026-06-05 18:38:48,control,0
USR_08197,2026-06-05 18:40:34,treatment,0
USR_17111,2026-06-05 18:41:57,treatment,0
USR_00010,2026-06-05 18:43:32,control,0
USR_12468,2026-06-05 18:43:38,treatment,0
USR_18457,2026-06-05 18:43:56,control,0
USR_14546,2026-06-05 18:45:36,treatment,0
USR_03349,2026-06-05 18:46:58,treatment,0
USR_07616,2026-06-05 18:47:01,control,0
USR_01528,2026-06-05 18:47:02,control,1
USR_13632,2026-06-05 18:47:52,control,0
USR_01235,2026-06-05 18:47:54,control,0
USR_13034,2026-06-05 18:48:39,treatment,0
USR_00647,2026-06-05 18:49:13,control,0
USR_14905,2026-06-05 18:51:13,treatment,0
USR_07766,2026-06-05 18:52:17,treatment,0
USR_01883,2026-06-05 18:52:56,control,0
USR_12695,2026-06-05 18:54:07,control,0
USR_14021,2026-06-05 18:54:18,control,0
USR_12574,2026-06-05 18:54:26,control,0
USR_12410,2026-06-05 18:54:38,treatment,0
USR_06374,2026-06-05 18:54:56,treatment,0
USR_00984,2026-06-05 18:57:04,treatment,0
USR_09211,2026-06-05 18:57:13,treatment,0
USR_17273,2026-06-05 18:58:56,control,0
USR_03763,2026-06-05 18:59:11,treatment,0
USR_17555,2026-06-05 18:59:42,control,0
USR_03992,2026-06-05 19:01:16,treatment,0
USR_06214,2026-06-05 19:01:19,control,0
USR_08658,2026-06-05 19:01:39,control,0
USR_03242,2026-06-05 19:02:33,control,0
USR_14780,2026-06-05 19:03:37,control,0
USR_09130,2026-06-05 19:07:17,control,0
USR_15602,2026-06-05 19:07:37,treatment,0
USR_09906,2026-06-05 19:08:01,control,1
USR_14773,2026-06-05 19:14:02,treatment,0
USR_11226,2026-06-05 19:15:43,control,0
USR_15257,2026-06-05 19:16:10,treatment,0
USR_11398,2026-06-05 19:17:24,control,0
USR_01790,2026-06-05 19:17:30,control,0
USR_18329,2026-06-05 19:19:27,treatment,0
USR_11032,2026-06-05 19:20:12,control,0
USR_16957,2026-06-05 19:22:16,treatment,0
USR_04342,2026-06-05 19:22:42,control,0
USR_09967,2026-06-05 19:22:53,control,0
USR_11351,2026-06-05 19:25:10,control,0
USR_08224,2026-06-05 19:26:54,control,0
USR_15891,2026-06-05 19:27:21,control,0
USR_14085,2026-06-05 19:30:48,control,0
USR_08347,2026-06-05 19:32:30,control,0
USR_15484,2026-06-05 19:32:44,control,0
USR_04985,2026-06-05 19:33:27,control,0
USR_15749,2026-06-05 19:34:30,treatment,0
USR_06313,2026-06-05 19:35:04,control,0
USR_07485,2026-06-05 19:35:59,treatment,0
USR_00600,2026-06-05 19:37:34,treatment,0
USR_01240,2026-06-05 19:41:54,control,0
USR_02920,2026-06-05 19:45:04,treatment,0
USR_11409,2026-06-05 19:46:22,treatment,0
USR_08838,2026-06-05 19:46:33,control,0
USR_18665,2026-06-05 19:46:55,treatment,0
USR_09477,2026-06-05 19:47:18,control,0
USR_07676,2026-06-05 19:47:34,control,0
USR_11048,2026-06-05 19:47:43,treatment,0
USR_02196,2026-06-05 19:48:23,control,0
USR_08120,2026-06-05 19:48:43,control,0
USR_00668,2026-06-05 19:49:34,treatment,0
USR_18053,2026-06-05 19:50:15,treatment,0
USR_13249,2026-06-05 19:50:47,treatment,0
USR_03657,2026-06-05 19:52:39,treatment,0
USR_00309,2026-06-05 19:53:31,control,0
USR_15977,2026-06-05 19:54:15,control,0
USR_00331,2026-06-05 19:54:54,control,0
USR_00660,2026-06-05 19:55:42,control,0
USR_13245,2026-06-05 19:58:24,treatment,0
USR_06970,2026-06-05 19:59:23,control,0
USR_13079,2026-06-05 20:00:05,treatment,0
USR_13879,2026-06-05 20:02:31,control,0
USR_11331,2026-06-05 20:05:58,control,0
USR_06293,2026-06-05 20:06:27,treatment,0
USR_12966,2026-06-05 20:09:12,treatment,0
USR_09213,2026-06-05 20:09:34,treatment,0
USR_01112,2026-06-05 20:10:05,control,0
USR_09292,2026-06-05 20:11:57,control,0
USR_14521,2026-06-05 20:12:11,control,0
USR_13777,2026-06-05 20:12:17,treatment,0
USR_04939,2026-06-05 20:13:16,treatment,0
USR_01519,2026-06-05 20:14:57,control,0
USR_13420,2026-06-05 20:17:12,control,0
USR_01280,2026-06-05 20:17:34,treatment,0
USR_01234,2026-06-05 20:17:45,treatment,0
USR_10043,2026-06-05 20:19:41,treatment,0
USR_05716,2026-06-05 20:20:05,control,0
USR_17764,2026-06-05 20:20:50,treatment,0
USR_01736,2026-06-05 20:24:23,control,0
USR_02293,2026-06-05 20:26:59,control,0
USR_04971,2026-06-05 20:27:21,control,0
USR_13349,2026-06-05 20:27:25,treatment,0
USR_04799,2026-06-05 20:31:21,control,0
USR_15893,2026-06-05 20:31:25,control,0
USR_19930,2026-06-05 20:32:53,treatment,1
USR_11916,2026-06-05 20:33:51,treatment,0
USR_09060,2026-06-05 20:34:33,control,0
USR_09558,2026-06-05 20:36:27,control,0
USR_09603,2026-06-05 20:36:57,control,0
USR_07280,2026-06-05 20:37:18,control,0
USR_05776,2026-06-05 20:37:55,control,0
USR_19923,2026-06-05 20:38:07,treatment,0
USR_07391,2026-06-05 20:39:37,treatment,0
USR_08205,2026-06-05 20:42:33,treatment,0
USR_01616,2026-06-05 20:42:49,control,0
USR_14594,2026-06-05 20:43:25,control,0
USR_05308,2026-06-05 20:43:40,treatment,0
USR_18370,2026-06-05 20:43:46,treatment,0
USR_03157,2026-06-05 20:44:56,control,0
USR_16496,2026-06-05 20:45:16,treatment,0
USR_01568,2026-06-05 20:45:19,control,0
USR_17543,2026-06-05 20:45:24,treatment,0
USR_01457,2026-06-05 20:45:30,control,0
USR_00203,2026-06-05 20:45:44,treatment,0
USR_18566,2026-06-05 20:45:45,control,0
USR_19150,2026-06-05 20:47:44,treatment,0
USR_16602,2026-06-05 20:48:23,control,0
USR_03167,2026-06-05 20:48:45,treatment,0
USR_01979,2026-06-05 20:48:55,treatment,0
USR_12789,2026-06-05 20:49:23,control,0
USR_16979,2026-06-05 20:50:03,control,0
USR_09881,2026-06-05 20:50:22,control,0
USR_07273,2026-06-05 20:50:56,control,0
USR_04070,2026-06-05 20:50:56,treatment,1
USR_06021,2026-06-05 20:53:14,treatment,0
USR_12532,2026-06-05 20:55:47,control,0
USR_15539,2026-06-05 20:57:51,control,0
USR_19192,2026-06-05 20:59:03,treatment,0
USR_04952,2026-06-05 20:59:26,treatment,0
USR_03312,2026-06-05 21:00:08,treatment,1
USR_03839,2026-06-05 21:01:06,control,0
USR_04627,2026-06-05 21:02:03,treatment,0
USR_15456,2026-06-05 21:03:56,treatment,0
USR_11446,2026-06-05 21:08:25,treatment,0
USR_01742,2026-06-05 21:08:43,control,0
USR_16493,2026-06-05 21:10:06,control,0
USR_13609,2026-06-05 21:12:14,control,0
USR_11020,2026-06-05 21:12:14,control,0
USR_17760,2026-06-05 21:12:33,treatment,0
USR_02086,2026-06-05 21:13:03,treatment,0
USR_11275,2026-06-05 21:15:08,treatment,0
USR_09027,2026-06-05 21:15:34,control,0
USR_04868,2026-06-05 21:16:32,control,0
USR_04609,2026-06-05 21:16:56,control,0
USR_18135,2026-06-05 21:16:59,treatment,0
USR_13023,2026-06-05 21:17:07,control,0
USR_18045,2026-06-05 21:17:27,treatment,0
USR_04408,2026-06-05 21:18:06,treatment,0
USR_10695,2026-06-05 21:19:18,treatment,0
USR_11634,2026-06-05 21:19:33,control,0
USR_13430,2026-06-05 21:20:29,control,0
USR_15599,2026-06-05 21:22:12,treatment,0
USR_12941,2026-06-05 21:22:13,control,0
USR_09087,2026-06-05 21:22:44,treatment,0
USR_19250,2026-06-05 21:24:15,control,0
USR_04158,2026-06-05 21:24:23,control,0
USR_06049,2026-06-05 21:26:32,control,0
USR_00541,2026-06-05 21:26:57,treatment,1
USR_00773,2026-06-05 21:28:39,control,0
USR_09630,2026-06-05 21:30:08,treatment,0
USR_10465,2026-06-05 21:30:22,treatment,0
USR_11821,2026-06-05 21:30:37,treatment,0
USR_15341,2026-06-05 21:32:18,treatment,0
USR_11810,2026-06-05 21:33:45,treatment,0
USR_17545,2026-06-05 21:35:53,treatment,0
USR_03057,2026-06-05 21:36:59,control,0
USR_04801,2026-06-05 21:39:04,control,0
USR_14018,2026-06-05 21:39:45,treatment,0
USR_17013,2026-06-05 21:39:48,control,0
USR_12792,2026-06-05 21:41:06,treatment,0
USR_19649,2026-06-05 21:42:03,control,0
USR_00554,2026-06-05 21:43:01,treatment,0
USR_08899,2026-06-05 21:43:07,control,0
USR_09126,2026-06-05 21:43:20,control,0
USR_08430,2026-06-05 21:43:56,treatment,0
USR_07384,2026-06-05 21:43:58,treatment,1
USR_10704,2026-06-05 21:46:34,control,0
USR_01103,2026-06-05 21:46:36,control,0
USR_05703,2026-06-05 21:47:37,treatment,0
USR_02257,2026-06-05 21:48:06,treatment,0
USR_07746,2026-06-05 21:48:24,control,0
USR_05239,2026-06-05 21:48:37,control,0
USR_17164,2026-06-05 21:50:56,control,0
USR_15511,2026-06-05 21:51:52,control,0
USR_16409,2026-06-05 21:51:53,treatment,0
USR_06416,2026-06-05 21:52:00,control,0
USR_12592,2026-06-05 21:52:13,control,0
USR_07700,2026-06-05 21:53:17,treatment,0
USR_07856,2026-06-05 21:55:56,treatment,0
USR_16591,2026-06-05 21:58:45,control,0
USR_19297,2026-06-05 21:59:23,treatment,0
USR_14503,2026-06-05 22:00:46,treatment,0
USR_06412,2026-06-05 22:00:51,treatment,0
USR_15830,2026-06-05 22:00:51,treatment,0
USR_18575,2026-06-05 22:05:14,control,0
USR_15768,2026-06-05 22:05:18,treatment,0
USR_10404,2026-06-05 22:05:19,treatment,0
USR_08718,2026-06-05 22:06:13,treatment,0
USR_08921,2026-06-05 22:07:57,control,0
USR_15748,2026-06-05 22:09:01,treatment,0
USR_00674,2026-06-05 22:10:55,control,0
USR_02845,2026-06-05 22:11:26,treatment,0
USR_19384,2026-06-05 22:11:49,control,0
USR_02683,2026-06-05 22:12:11,control,0
USR_14074,2026-06-05 22:12:51,treatment,0
USR_00252,2026-06-05 22:14:53,control,0
USR_08220,2026-06-05 22:17:32,control,0
USR_03796,2026-06-05 22:18:50,control,0
USR_18069,2026-06-05 22:19:07,treatment,0
USR_07111,2026-06-05 22:19:35,treatment,0
USR_14341,2026-06-05 22:19:57,treatment,0
USR_12642,2026-06-05 22:20:59,control,0
USR_16066,2026-06-05 22:21:54,treatment,0
USR_06031,2026-06-05 22:22:03,treatment,0
USR_00122,2026-06-05 22:23:40,treatment,0
USR_17903,2026-06-05 22:23:50,control,0
USR_03996,2026-06-05 22:26:29,treatment,1
USR_13291,2026-06-05 22:28:23,treatment,0
USR_12440,2026-06-05 22:28:35,control,0
USR_16678,2026-06-05 22:28:58,treatment,1
USR_07765,2026-06-05 22:30:26,treatment,0
USR_00787,2026-06-05 22:30:27,control,0
USR_02346,2026-06-05 22:35:10,treatment,0
USR_04811,2026-06-05 22:35:24,control,0
USR_12984,2026-06-05 22:36:12,control,0
USR_08782,2026-06-05 22:36:49,treatment,0
USR_04185,2026-06-05 22:38:40,control,0
USR_16553,2026-06-05 22:40:42,control,0
USR_17912,2026-06-05 22:40:58,control,0
USR_02018,2026-06-05 22:41:04,treatment,0
USR_02842,2026-06-05 22:42:25,treatment,0
USR_02214,2026-06-05 22:42:53,control,0
USR_09059,2026-06-05 22:44:15,control,0
USR_07943,2026-06-05 22:47:29,control,0
USR_04060,2026-06-05 22:49:33,treatment,0
USR_19340,2026-06-05 22:49:44,control,0
USR_04829,2026-06-05 22:49:50,control,0
USR_11603,2026-06-05 22:52:38,control,0
USR_14304,2026-06-05 22:56:29,control,0
USR_06451,2026-06-05 22:59:01,treatment,0
USR_17186,2026-06-05 22:59:24,treatment,0
USR_07613,2026-06-05 22:59:48,control,0
USR_10046,2026-06-05 23:01:34,control,0
USR_09341,2026-06-05 23:01:56,treatment,0
USR_05912,2026-06-05 23:03:16,control,0
USR_15537,2026-06-05 23:03:41,treatment,1
USR_17859,2026-06-05 23:04:22,control,0
USR_04648,2026-06-05 23:05:35,control,0
USR_05977,2026-06-05 23:07:22,treatment,0
USR_15921,2026-06-05 23:07:53,treatment,0
USR_06719,2026-06-05 23:08:28,control,0
USR_03914,2026-06-05 23:08:44,treatment,0
USR_12661,2026-06-05 23:11:17,treatment,0
USR_07573,2026-06-05 23:11:20,control,0
USR_19245,2026-06-05 23:11:22,treatment,1
USR_03291,2026-06-05 23:11:52,control,0
USR_12274,2026-06-05 23:12:21,treatment,0
USR_15572,2026-06-05 23:13:55,treatment,0
USR_07897,2026-06-05 23:14:35,treatment,0
USR_07361,2026-06-05 23:15:39,control,0
USR_00446,2026-06-05 23:17:53,control,0
USR_12264,2026-06-05 23:18:36,control,0
USR_19445,2026-06-05 23:18:45,control,0
USR_07836,2026-06-05 23:19:58,control,0
USR_14143,2026-06-05 23:20:27,treatment,0
USR_05192,2026-06-05 23:20:47,treatment,0
USR_08383,2026-06-05 23:21:47,treatment,0
USR_05788,2026-06-05 23:23:13,control,0
USR_10349,2026-06-05 23:24:36,treatment,0
USR_00855,2026-06-05 23:25:17,treatment,0
USR_17310,2026-06-05 23:26:00,treatment,0
USR_09773,2026-06-05 23:26:01,control,0
USR_19896,2026-06-05 23:26:07,control,0
USR_07664,2026-06-05 23:26:09,treatment,0
USR_07304,2026-06-05 23:28:02,control,0
USR_04991,2026-06-05 23:29:18,control,0
USR_16115,2026-06-05 23:29:57,treatment,0
USR_12752,2026-06-05 23:29:58,treatment,0
USR_19377,2026-06-05 23:31:13,treatment,0
USR_08668,2026-06-05 23:31:20,control,0
USR_13220,2026-06-05 23:31:33,treatment,1
USR_18881,2026-06-05 23:34:02,control,0
USR_03478,2026-06-05 23:36:47,treatment,0
USR_08403,2026-06-05 23:37:07,control,0
USR_18444,2026-06-05 23:37:18,control,0
USR_00811,2026-06-05 23:38:10,treatment,0
USR_10029,2026-06-05 23:38:46,control,0
USR_05148,2026-06-05 23:39:05,control,0
USR_03831,2026-06-05 23:40:46,control,0
USR_16300,2026-06-05 23:43:08,control,0
USR_16260,2026-06-05 23:43:21,treatment,0
USR_12763,2026-06-05 23:43:23,control,0
USR_19077,2026-06-05 23:48:12,treatment,0
USR_11162,2026-06-05 23:49:02,treatment,0
USR_10752,2026-06-05 23:50:03,control,0
USR_05230,2026-06-05 23:52:02,treatment,0
USR_15056,2026-06-05 23:52:06,treatment,0
USR_08843,2026-06-05 23:52:59,treatment,0
USR_03127,2026-06-05 23:53:07,control,0
USR_10943,2026-06-05 23:53:21,control,0
USR_14808,2026-06-05 23:54:09,control,0
USR_14595,2026-06-05 23:55:56,treatment,0
USR_11181,2026-06-05 23:57:04,treatment,0
USR_14823,2026-06-05 23:57:30,treatment,0
USR_12062,2026-06-05 23:57:35,control,0
USR_02739,2026-06-05 23:58:09,control,0
USR_13915,2026-06-05 23:58:10,control,0
USR_01836,2026-06-05 23:59:31,treatment,0
USR_14230,2026-06-06 00:00:01,control,0
USR_10682,2026-06-06 00:00:01,control,0
USR_16218,2026-06-06 00:00:02,treatment,0
USR_11535,2026-06-06 00:01:12,control,0
USR_01911,2026-06-06 00:01:22,control,1
USR_02529,2026-06-06 00:04:14,control,0
USR_16627,2026-06-06 00:05:52,control,0
USR_01757,2026-06-06 00:06:31,treatment,0
USR_13855,2026-06-06 00:07:37,control,0
USR_14270,2026-06-06 00:08:51,treatment,0
USR_18957,2026-06-06 00:09:32,control,0
USR_03268,2026-06-06 00:09:53,treatment,0
USR_02962,2026-06-06 00:10:54,control,0
USR_05953,2026-06-06 00:11:28,treatment,0
USR_09294,2026-06-06 00:11:30,treatment,0
USR_19001,2026-06-06 00:11:32,control,0
USR_10314,2026-06-06 00:12:39,control,0
USR_17173,2026-06-06 00:12:55,control,0
USR_13584,2026-06-06 00:17:02,control,0
USR_02693,2026-06-06 00:21:28,control,0
USR_04770,2026-06-06 00:21:36,control,0
USR_09318,2026-06-06 00:23:34,control,0
USR_11234,2026-06-06 00:24:49,treatment,0
USR_19274,2026-06-06 00:27:18,treatment,0
USR_19401,2026-06-06 00:27:36,control,0
USR_15035,2026-06-06 00:27:37,treatment,0
USR_11315,2026-06-06 00:27:52,control,0
USR_14321,2026-06-06 00:29:16,treatment,0
USR_14451,2026-06-06 00:31:05,treatment,0
USR_02490,2026-06-06 00:31:09,treatment,0
USR_17202,2026-06-06 00:31:22,treatment,0
USR_13493,2026-06-06 00:34:13,control,0
USR_05187,2026-06-06 00:34:36,control,0
USR_11616,2026-06-06 00:35:39,treatment,0
USR_01848,2026-06-06 00:36:36,treatment,0
USR_10665,2026-06-06 00:37:46,treatment,0
USR_12513,2026-06-06 00:38:03,control,0
USR_04880,2026-06-06 00:38:05,control,0
USR_14099,2026-06-06 00:40:14,control,0
USR_15517,2026-06-06 00:40:40,control,0
USR_10092,2026-06-06 00:40:43,control,0
USR_02463,2026-06-06 00:41:15,control,0
USR_11183,2026-06-06 00:41:59,control,0
USR_12438,2026-06-06 00:43:45,treatment,0
USR_01856,2026-06-06 00:44:40,treatment,0
USR_04438,2026-06-06 00:46:33,control,0
USR_05054,2026-06-06 00:46:46,control,1
USR_01659,2026-06-06 00:47:41,treatment,0
USR_16543,2026-06-06 00:49:46,control,0
USR_10862,2026-06-06 00:51:01,control,0
USR_11051,2026-06-06 00:51:51,treatment,0
USR_10446,2026-06-06 00:53:58,control,0
USR_04732,2026-06-06 00:54:00,treatment,0
USR_15913,2026-06-06 00:54:18,treatment,0
USR_17906,2026-06-06 00:54:33,control,0
USR_09020,2026-06-06 00:55:47,treatment,0
USR_03783,2026-06-06 00:56:12,treatment,0
USR_03917,2026-06-06 00:57:47,control,0
USR_13771,2026-06-06 00:57:55,treatment,0
USR_11041,2026-06-06 00:58:19,treatment,0
USR_06733,2026-06-06 00:58:52,treatment,1
USR_07992,2026-06-06 00:58:59,control,0
USR_15090,2026-06-06 00:59:29,control,0
USR_09229,2026-06-06 01:00:12,treatment,0
USR_06042,2026-06-06 01:03:15,control,0
USR_18453,2026-06-06 01:03:19,treatment,0
USR_14929,2026-06-06 01:04:34,control,0
USR_08541,2026-06-06 01:05:20,treatment,0
USR_16568,2026-06-06 01:05:37,treatment,0
USR_07988,2026-06-06 01:06:21,control,0
USR_07071,2026-06-06 01:06:46,control,0
USR_04052,2026-06-06 01:07:51,treatment,0
USR_14303,2026-06-06 01:08:55,control,0
USR_07181,2026-06-06 01:09:12,treatment,0
USR_07186,2026-06-06 01:09:25,treatment,0
USR_10917,2026-06-06 01:09:27,treatment,0
USR_13936,2026-06-06 01:10:43,treatment,0
USR_00450,2026-06-06 01:11:54,treatment,1
USR_06182,2026-06-06 01:12:24,control,0
USR_05426,2026-06-06 01:14:04,treatment,0
USR_12734,2026-06-06 01:15:35,control,0
USR_14089,2026-06-06 01:16:15,control,0
USR_16989,2026-06-06 01:16:20,treatment,0
USR_11389,2026-06-06 01:18:38,treatment,0
USR_10301,2026-06-06 01:18:49,treatment,0
USR_18968,2026-06-06 01:20:51,control,0
USR_01179,2026-06-06 01:20:55,control,0
USR_17992,2026-06-06 01:22:27,treatment,0
USR_12395,2026-06-06 01:23:20,treatment,0
USR_11734,2026-06-06 01:24:24,treatment,0
USR_03465,2026-06-06 01:25:03,treatment,0
USR_07825,2026-06-06 01:25:49,treatment,0
USR_18741,2026-06-06 01:26:27,treatment,0
USR_06795,2026-06-06 01:27:19,treatment,0
USR_19156,2026-06-06 01:28:43,control,0
USR_14881,2026-06-06 01:29:11,control,0
USR_18752,2026-06-06 01:29:56,treatment,0
USR_04892,2026-06-06 01:30:35,treatment,0
USR_09777,2026-06-06 01:30:43,treatment,0
USR_18343,2026-06-06 01:31:31,control,0
USR_03587,2026-06-06 01:32:23,control,0
USR_18334,2026-06-06 01:32:24,control,0
USR_10558,2026-06-06 01:32:33,treatment,0
USR_13981,2026-06-06 01:34:23,control,0
USR_01672,2026-06-06 01:34:23,treatment,0
USR_17754,2026-06-06 01:35:18,treatment,0
USR_04115,2026-06-06 01:36:30,treatment,0
USR_13790,2026-06-06 01:37:14,treatment,0
USR_08911,2026-06-06 01:39:05,treatment,0
USR_17387,2026-06-06 01:39:17,control,0
USR_07593,2026-06-06 01:39:34,control,0
USR_03532,2026-06-06 01:40:24,control,0
USR_07917,2026-06-06 01:43:34,treatment,0
USR_15774,2026-06-06 01:45:23,treatment,0
USR_04592,2026-06-06 01:45:26,treatment,0
USR_18963,2026-06-06 01:48:37,treatment,0
USR_10994,2026-06-06 01:49:50,control,0
USR_03295,2026-06-06 01:49:57,treatment,0
USR_19005,2026-06-06 01:51:00,treatment,0
USR_08740,2026-06-06 01:51:36,control,0
USR_07013,2026-06-06 01:52:39,treatment,0
USR_15706,2026-06-06 01:53:14,treatment,0
USR_14238,2026-06-06 01:53:15,treatment,0
USR_14222,2026-06-06 01:56:33,control,0
USR_05491,2026-06-06 01:57:50,control,0
USR_09493,2026-06-06 01:59:29,control,0
USR_13439,2026-06-06 01:59:53,control,0
USR_00372,2026-06-06 02:00:22,control,0
USR_14258,2026-06-06 02:00:26,treatment,0
USR_01251,2026-06-06 02:00:44,treatment,0
USR_07927,2026-06-06 02:03:43,treatment,1
USR_07003,2026-06-06 02:03:56,control,0
USR_01781,2026-06-06 02:04:22,treatment,0
USR_15578,2026-06-06 02:04:46,control,0
USR_09912,2026-06-06 02:05:15,treatment,0
USR_15652,2026-06-06 02:05:51,control,0
USR_04712,2026-06-06 02:08:29,control,0
USR_13180,2026-06-06 02:08:54,treatment,0
USR_00277,2026-06-06 02:09:03,treatment,0
USR_19662,2026-06-06 02:10:33,control,0
USR_01033,2026-06-06 02:10:34,control,0
USR_16475,2026-06-06 02:11:15,treatment,0
USR_01776,2026-06-06 02:11:59,treatment,0
USR_06116,2026-06-06 02:13:36,treatment,1
USR_19190,2026-06-06 02:15:05,control,0
USR_15613,2026-06-06 02:16:03,treatment,0
USR_01892,2026-06-06 02:17:10,treatment,0
USR_19901,2026-06-06 02:17:27,treatment,0
USR_01885,2026-06-06 02:17:45,control,0
USR_08215,2026-06-06 02:19:25,treatment,0
USR_17457,2026-06-06 02:19:58,treatment,0
USR_11253,2026-06-06 02:21:01,treatment,1
USR_08724,2026-06-06 02:21:39,control,1
USR_00142,2026-06-06 02:23:14,control,0
USR_07750,2026-06-06 02:23:20,treatment,0
USR_09985,2026-06-06 02:23:55,treatment,0
USR_01563,2026-06-06 02:24:00,control,0
USR_06011,2026-06-06 02:25:28,treatment,0
USR_07520,2026-06-06 02:27:16,control,0
USR_19975,2026-06-06 02:27:31,treatment,0
USR_19818,2026-06-06 02:29:56,treatment,0
USR_18971,2026-06-06 02:30:05,treatment,0
USR_09590,2026-06-06 02:30:43,treatment,0
USR_10251,2026-06-06 02:31:12,treatment,0
USR_14177,2026-06-06 02:31:22,treatment,0
USR_00114,2026-06-06 02:31:35,control,0
USR_00927,2026-06-06 02:31:54,control,0
USR_11978,2026-06-06 02:39:02,control,0
USR_08792,2026-06-06 02:39:17,treatment,0
USR_07104,2026-06-06 02:39:29,treatment,0
USR_10259,2026-06-06 02:39:54,treatment,0
USR_15632,2026-06-06 02:40:27,control,0
USR_12739,2026-06-06 02:40:42,treatment,0
USR_10163,2026-06-06 02:40:54,treatment,0
USR_01475,2026-06-06 02:41:04,treatment,0
USR_17151,2026-06-06 02:41:34,treatment,0
USR_17976,2026-06-06 02:43:41,control,0
USR_10546,2026-06-06 02:43:49,control,0
USR_08822,2026-06-06 02:44:23,control,0
USR_16294,2026-06-06 02:44:50,treatment,0
USR_06014,2026-06-06 02:45:34,control,0
USR_08696,2026-06-06 02:45:39,control,0
USR_11683,2026-06-06 02:46:00,control,0
USR_03862,2026-06-06 02:48:08,control,0
USR_12540,2026-06-06 02:49:30,control,0
USR_11845,2026-06-06 02:49:54,control,0
USR_02190,2026-06-06 02:51:37,control,0
USR_15851,2026-06-06 02:52:09,control,0
USR_19979,2026-06-06 02:52:26,treatment,0
USR_12519,2026-06-06 02:52:27,treatment,0
USR_04428,2026-06-06 02:53:46,treatment,0
USR_08294,2026-06-06 02:54:26,control,0
USR_01339,2026-06-06 02:55:18,control,0
USR_03764,2026-06-06 02:56:07,treatment,0
USR_02833,2026-06-06 03:00:04,control,0
USR_10641,2026-06-06 03:01:47,treatment,0
USR_19984,2026-06-06 03:02:11,treatment,0
USR_12043,2026-06-06 03:02:36,control,0
USR_07952,2026-06-06 03:02:56,treatment,0
USR_07354,2026-06-06 03:03:03,treatment,0
USR_07085,2026-06-06 03:04:03,treatment,0
USR_19811,2026-06-06 03:04:03,control,0
USR_14762,2026-06-06 03:05:01,control,0
USR_10534,2026-06-06 03:05:36,control,0
USR_12312,2026-06-06 03:07:30,control,0
USR_02966,2026-06-06 03:07:53,control,0
USR_06634,2026-06-06 03:10:26,control,0
USR_13846,2026-06-06 03:12:11,treatment,0
USR_05765,2026-06-06 03:12:56,control,0
USR_16540,2026-06-06 03:13:25,treatment,0
USR_06668,2026-06-06 03:14:16,treatment,0
USR_16491,2026-06-06 03:14:48,treatment,0
USR_03208,2026-06-06 03:16:41,treatment,0
USR_17984,2026-06-06 03:18:38,control,0
USR_06525,2026-06-06 03:18:39,control,0
USR_01436,2026-06-06 03:20:15,control,0
USR_04725,2026-06-06 03:21:10,control,0
USR_01846,2026-06-06 03:21:49,treatment,0
USR_17388,2026-06-06 03:23:07,control,0
USR_05063,2026-06-06 03:24:15,control,0
USR_13945,2026-06-06 03:25:45,control,0
USR_08486,2026-06-06 03:25:57,treatment,1
USR_00817,2026-06-06 03:26:43,control,0
USR_17722,2026-06-06 03:30:21,treatment,0
USR_16484,2026-06-06 03:30:23,control,0
USR_07029,2026-06-06 03:33:02,control,0
USR_05235,2026-06-06 03:35:00,control,0
USR_09627,2026-06-06 03:35:21,treatment,0
USR_07426,2026-06-06 03:37:22,treatment,0
USR_10007,2026-06-06 03:38:24,treatment,0
USR_04632,2026-06-06 03:39:15,control,0
USR_01709,2026-06-06 03:40:00,control,0
USR_12793,2026-06-06 03:40:01,control,0
USR_15747,2026-06-06 03:41:34,treatment,1
USR_10136,2026-06-06 03:41:51,control,0
USR_03361,2026-06-06 03:43:44,control,0
USR_14817,2026-06-06 03:45:47,treatment,0
USR_17183,2026-06-06 03:46:39,control,0
USR_05536,2026-06-06 03:47:06,control,0
USR_18434,2026-06-06 03:52:14,control,0
USR_10156,2026-06-06 03:52:38,treatment,0
USR_11638,2026-06-06 03:54:28,treatment,0
USR_18515,2026-06-06 03:54:55,treatment,0
USR_14355,2026-06-06 03:56:05,treatment,0
USR_09991,2026-06-06 03:56:25,control,0
USR_03828,2026-06-06 03:56:29,treatment,0
USR_01769,2026-06-06 03:56:40,treatment,0
USR_15019,2026-06-06 03:56:52,control,1
USR_15048,2026-06-06 03:57:02,control,0
USR_16103,2026-06-06 03:57:58,control,0
USR_13902,2026-06-06 03:59:19,treatment,0
USR_04597,2026-06-06 04:00:07,treatment,0
USR_12509,2026-06-06 04:00:16,control,0
USR_14699,2026-06-06 04:01:09,treatment,1
USR_13582,2026-06-06 04:01:52,treatment,0
USR_03519,2026-06-06 04:02:45,treatment,0
USR_08214,2026-06-06 04:03:39,treatment,0
USR_08452,2026-06-06 04:05:59,treatment,0
USR_16085,2026-06-06 04:07:09,control,0
USR_16162,2026-06-06 04:07:09,treatment,0
USR_17579,2026-06-06 04:07:25,control,0
USR_16853,2026-06-06 04:07:42,control,0
USR_06065,2026-06-06 04:09:14,treatment,0
USR_16246,2026-06-06 04:09:42,treatment,0
USR_05549,2026-06-06 04:10:04,control,0
USR_15504,2026-06-06 04:10:12,control,0
USR_06110,2026-06-06 04:10:44,treatment,1
USR_17115,2026-06-06 04:11:37,treatment,0
USR_15767,2026-06-06 04:12:43,treatment,0
USR_03889,2026-06-06 04:13:40,treatment,0
USR_15772,2026-06-06 04:13:42,treatment,0
USR_05973,2026-06-06 04:15:01,treatment,0
USR_08185,2026-06-06 04:16:04,control,0
USR_13629,2026-06-06 04:16:58,control,0
USR_00281,2026-06-06 04:17:33,treatment,0
USR_11754,2026-06-06 04:17:58,treatment,0
USR_12406,2026-06-06 04:18:15,treatment,0
USR_11925,2026-06-06 04:18:46,treatment,0
USR_12511,2026-06-06 04:20:26,control,1
USR_01482,2026-06-06 04:20:44,treatment,0
USR_11087,2026-06-06 04:24:58,control,0
USR_17953,2026-06-06 04:26:13,treatment,0
USR_05406,2026-06-06 04:27:11,treatment,0
USR_19591,2026-06-06 04:27:35,treatment,0
USR_18541,2026-06-06 04:27:43,treatment,0
USR_12704,2026-06-06 04:29:18,treatment,0
USR_14278,2026-06-06 04:31:31,treatment,0
USR_01513,2026-06-06 04:32:56,control,0
USR_16430,2026-06-06 04:33:58,treatment,0
USR_00737,2026-06-06 04:34:30,control,0
USR_04247,2026-06-06 04:34:33,control,1
USR_05032,2026-06-06 04:34:58,control,0
USR_08123,2026-06-06 04:36:13,control,0
USR_02005,2026-06-06 04:37:59,control,0
USR_00239,2026-06-06 04:40:09,treatment,0
USR_09180,2026-06-06 04:41:51,treatment,0
USR_03660,2026-06-06 04:41:55,treatment,0
USR_16101,2026-06-06 04:42:10,treatment,0
USR_17828,2026-06-06 04:43:45,control,0
USR_17934,2026-06-06 04:44:11,control,0
USR_00919,2026-06-06 04:44:37,control,0
USR_00758,2026-06-06 04:45:07,control,0
USR_11002,2026-06-06 04:46:28,treatment,0
USR_12420,2026-06-06 04:47:07,treatment,0
USR_04869,2026-06-06 04:47:37,control,0
USR_06763,2026-06-06 04:47:51,treatment,0
USR_03835,2026-06-06 04:49:09,control,0
USR_02543,2026-06-06 04:49:35,treatment,0
USR_19013,2026-06-06 04:49:51,treatment,0
USR_08423,2026-06-06 04:50:01,treatment,0
USR_10283,2026-06-06 04:50:41,treatment,0
USR_04468,2026-06-06 04:50:44,control,0
USR_09066,2026-06-06 04:51:02,control,0
USR_03903,2026-06-06 04:51:02,control,0
USR_06852,2026-06-06 04:51:42,control,0
USR_06473,2026-06-06 04:54:45,treatment,0
USR_05684,2026-06-06 04:58:07,control,0
USR_00869,2026-06-06 04:58:20,treatment,0
USR_02447,2026-06-06 04:59:08,treatment,0
USR_01162,2026-06-06 05:01:23,control,0
USR_04037,2026-06-06 05:02:54,treatment,0
USR_19425,2026-06-06 05:03:03,treatment,0
USR_13640,2026-06-06 05:05:07,treatment,0
USR_18756,2026-06-06 05:06:37,treatment,0
USR_07479,2026-06-06 05:07:25,control,0
USR_19997,2026-06-06 05:10:59,treatment,0
USR_05722,2026-06-06 05:11:20,treatment,1
USR_06660,2026-06-06 05:12:00,treatment,0
USR_18948,2026-06-06 05:12:34,treatment,1
USR_04558,2026-06-06 05:12:36,treatment,0
USR_19458,2026-06-06 05:14:31,control,0
USR_17283,2026-06-06 05:15:04,treatment,1
USR_14998,2026-06-06 05:15:33,treatment,0
USR_06967,2026-06-06 05:15:51,control,0
USR_12525,2026-06-06 05:17:12,control,0
USR_06822,2026-06-06 05:17:44,control,0
USR_12176,2026-06-06 05:18:31,treatment,0
USR_10805,2026-06-06 05:19:36,treatment,0
USR_06943,2026-06-06 05:19:41,control,0
USR_05599,2026-06-06 05:19:50,control,0
USR_19653,2026-06-06 05:20:07,control,0
USR_05860,2026-06-06 05:20:07,control,0
USR_16815,2026-06-06 05:20:59,control,0
USR_17320,2026-06-06 05:21:48,control,0
USR_17338,2026-06-06 05:22:26,control,0
USR_09973,2026-06-06 05:22:53,treatment,0
USR_13626,2026-06-06 05:23:02,control,1
USR_10817,2026-06-06 05:24:41,control,0
USR_06043,2026-06-06 05:25:04,treatment,0
USR_16577,2026-06-06 05:25:11,control,0
USR_01626,2026-06-06 05:25:53,treatment,0
USR_09832,2026-06-06 05:26:56,control,0
USR_05368,2026-06-06 05:27:49,control,0
USR_10018,2026-06-06 05:28:56,control,0
USR_15915,2026-06-06 05:29:25,treatment,0
USR_10867,2026-06-06 05:29:35,treatment,0
USR_05456,2026-06-06 05:31:56,control,0
USR_06435,2026-06-06 05:32:45,control,0
USR_16307,2026-06-06 05:33:21,treatment,0
USR_10040,2026-06-06 05:35:13,treatment,0
USR_00643,2026-06-06 05:36:15,control,0
USR_02855,2026-06-06 05:37:53,control,0
USR_07767,2026-06-06 05:38:17,treatment,0
USR_19631,2026-06-06 05:38:30,treatment,1
USR_16754,2026-06-06 05:39:16,treatment,0
USR_10509,2026-06-06 05:39:44,control,0
USR_11534,2026-06-06 05:41:08,control,0
USR_19884,2026-06-06 05:41:32,treatment,0
USR_17137,2026-06-06 05:43:22,treatment,0
USR_10418,2026-06-06 05:43:35,control,0
USR_10240,2026-06-06 05:44:51,control,0
USR_08183,2026-06-06 05:45:16,control,0
USR_06193,2026-06-06 05:45:55,control,0
USR_15686,2026-06-06 05:46:06,treatment,0
USR_18895,2026-06-06 05:46:40,control,0
USR_11758,2026-06-06 05:48:15,control,0
USR_02302,2026-06-06 05:49:38,control,0
USR_18295,2026-06-06 05:50:03,treatment,1
USR_19303,2026-06-06 05:50:07,treatment,1
USR_17811,2026-06-06 05:50:21,treatment,1
USR_01948,2026-06-06 05:51:46,treatment,0
USR_08273,2026-06-06 05:54:42,treatment,0
USR_15954,2026-06-06 05:56:35,control,0
USR_06988,2026-06-06 06:01:42,treatment,1
USR_02219,2026-06-06 06:05:35,treatment,0
USR_00178,2026-06-06 06:06:32,treatment,0
USR_06743,2026-06-06 06:07:29,control,0
USR_14552,2026-06-06 06:08:09,treatment,0
USR_15139,2026-06-06 06:08:25,control,0
USR_06670,2026-06-06 06:09:31,treatment,0
USR_13142,2026-06-06 06:10:15,treatment,0
USR_15490,2026-06-06 06:10:51,treatment,1
USR_03774,2026-06-06 06:12:26,control,1
USR_08295,2026-06-06 06:13:11,treatment,0
USR_17317,2026-06-06 06:13:14,treatment,0
USR_07476,2026-06-06 06:14:24,control,1
USR_18466,2026-06-06 06:15:21,control,0
USR_03485,2026-06-06 06:15:25,control,0
USR_03320,2026-06-06 06:15:54,treatment,0
USR_16662,2026-06-06 06:16:13,control,0
USR_15804,2026-06-06 06:16:38,treatment,0
USR_14964,2026-06-06 06:18:19,treatment,0
USR_16460,2026-06-06 06:21:43,control,0
USR_12400,2026-06-06 06:21:58,control,0
USR_07136,2026-06-06 06:26:21,treatment,0
USR_17223,2026-06-06 06:27:58,control,0
USR_06023,2026-06-06 06:28:10,treatment,0
USR_08319,2026-06-06 06:30:33,control,0
USR_16636,2026-06-06 06:30:41,control,1
USR_00727,2026-06-06 06:33:29,control,1
USR_04789,2026-06-06 06:36:39,treatment,0
USR_16649,2026-06-06 06:37:48,treatment,0
USR_17938,2026-06-06 06:38:09,treatment,1
USR_09809,2026-06-06 06:38:27,treatment,1
USR_18456,2026-06-06 06:39:12,control,0
USR_16850,2026-06-06 06:42:20,control,0
USR_11613,2026-06-06 06:45:54,treatment,0
USR_13808,2026-06-06 06:46:58,control,0
USR_10614,2026-06-06 06:47:15,control,0
USR_11342,2026-06-06 06:47:31,control,0
USR_02589,2026-06-06 06:47:37,control,0
USR_01902,2026-06-06 06:48:18,control,0
USR_14514,2026-06-06 06:48:21,treatment,0
USR_19528,2026-06-06 06:48:53,control,0
USR_18868,2026-06-06 06:49:16,treatment,0
USR_06326,2026-06-06 06:50:07,treatment,0
USR_14314,2026-06-06 06:51:23,control,0
USR_00021,2026-06-06 06:51:35,control,0
USR_16353,2026-06-06 06:51:50,control,0
USR_06462,2026-06-06 06:52:07,treatment,0
USR_09324,2026-06-06 06:54:14,control,0
USR_07437,2026-06-06 06:56:12,control,0
USR_16605,2026-06-06 06:58:23,treatment,0
USR_15063,2026-06-06 06:58:35,treatment,0
USR_11947,2026-06-06 07:01:06,treatment,0
USR_13151,2026-06-06 07:01:12,control,0
USR_18928,2026-06-06 07:02:02,treatment,0
USR_11912,2026-06-06 07:03:44,control,0
USR_14634,2026-06-06 07:03:51,treatment,0
USR_18468,2026-06-06 07:03:54,treatment,0
USR_07591,2026-06-06 07:04:15,treatment,0
USR_14055,2026-06-06 07:04:35,treatment,0
USR_07321,2026-06-06 07:06:09,treatment,0
USR_17978,2026-06-06 07:06:39,control,0
USR_14331,2026-06-06 07:07:09,control,0
USR_18867,2026-06-06 07:07:10,control,0
USR_01324,2026-06-06 07:08:56,control,0
USR_02819,2026-06-06 07:09:18,control,0
USR_07367,2026-06-06 07:09:20,treatment,0
USR_06248,2026-06-06 07:09:32,control,0
USR_09416,2026-06-06 07:13:27,treatment,0
USR_11796,2026-06-06 07:15:00,control,0
USR_15670,2026-06-06 07:15:21,treatment,1
USR_15947,2026-06-06 07:16:06,control,0
USR_07058,2026-06-06 07:17:28,control,0
USR_05783,2026-06-06 07:18:45,treatment,0
USR_01977,2026-06-06 07:19:55,control,0
USR_00002,2026-06-06 07:20:26,control,0
USR_14059,2026-06-06 07:21:19,control,0
USR_08509,2026-06-06 07:22:07,control,0
USR_16076,2026-06-06 07:23:09,control,0
USR_02975,2026-06-06 07:26:06,control,0
USR_17285,2026-06-06 07:26:55,control,0
USR_19583,2026-06-06 07:28:10,treatment,0
USR_11393,2026-06-06 07:28:59,treatment,0
USR_00897,2026-06-06 07:29:13,control,0
USR_11610,2026-06-06 07:29:18,treatment,0
USR_06845,2026-06-06 07:29:45,treatment,0
USR_12680,2026-06-06 07:30:55,treatment,0
USR_15710,2026-06-06 07:32:13,treatment,0
USR_08725,2026-06-06 07:33:37,control,0
USR_17034,2026-06-06 07:34:26,control,0
USR_06399,2026-06-06 07:34:52,control,0
USR_06533,2026-06-06 07:35:11,control,0
USR_14351,2026-06-06 07:36:18,treatment,0
USR_12290,2026-06-06 07:37:19,treatment,0
USR_19755,2026-06-06 07:37:41,treatment,1
USR_12212,2026-06-06 07:38:03,treatment,1
USR_11047,2026-06-06 07:41:39,control,0
USR_17118,2026-06-06 07:41:42,control,1
USR_08397,2026-06-06 07:42:20,treatment,0
USR_14136,2026-06-06 07:43:16,treatment,1
USR_08760,2026-06-06 07:44:26,treatment,1
USR_02647,2026-06-06 07:45:29,treatment,0
USR_15885,2026-06-06 07:45:35,control,0
USR_19961,2026-06-06 07:45:43,control,0
USR_00394,2026-06-06 07:50:34,treatment,1
USR_02932,2026-06-06 07:50:49,control,0
USR_03747,2026-06-06 07:51:16,control,0
USR_06155,2026-06-06 07:51:39,treatment,0
USR_16537,2026-06-06 07:53:30,control,1
USR_18212,2026-06-06 07:55:11,control,0
USR_18188,2026-06-06 07:56:11,treatment,0
USR_07673,2026-06-06 07:56:15,control,0
USR_03549,2026-06-06 07:56:31,control,0
USR_07734,2026-06-06 07:58:44,treatment,0
USR_09596,2026-06-06 07:59:01,control,0
USR_17168,2026-06-06 08:03:00,treatment,0
USR_10463,2026-06-06 08:04:36,treatment,0
USR_02993,2026-06-06 08:06:25,control,0
USR_04180,2026-06-06 08:08:06,treatment,0
USR_17185,2026-06-06 08:09:07,control,0
USR_01667,2026-06-06 08:09:49,treatment,0
USR_12881,2026-06-06 08:12:18,control,0
USR_01646,2026-06-06 08:12:42,control,0
USR_09863,2026-06-06 08:14:20,treatment,0
USR_12404,2026-06-06 08:14:48,treatment,0
USR_14253,2026-06-06 08:14:55,control,0
USR_16544,2026-06-06 08:15:21,treatment,0
USR_19646,2026-06-06 08:15:36,treatment,0
USR_15659,2026-06-06 08:16:04,treatment,0
USR_18193,2026-06-06 08:16:25,control,0
USR_01490,2026-06-06 08:16:58,treatment,0
USR_09950,2026-06-06 08:19:25,control,0
USR_10753,2026-06-06 08:19:42,control,0
USR_12813,2026-06-06 08:20:27,treatment,0
USR_19306,2026-06-06 08:21:17,treatment,0
USR_12620,2026-06-06 08:21:45,control,0
USR_01481,2026-06-06 08:23:41,control,0
USR_03347,2026-06-06 08:25:07,treatment,1
USR_15224,2026-06-06 08:25:33,treatment,0
USR_02230,2026-06-06 08:25:33,control,0
USR_04405,2026-06-06 08:26:02,control,0
USR_13965,2026-06-06 08:26:38,control,0
USR_00373,2026-06-06 08:28:26,treatment,0
USR_14650,2026-06-06 08:28:53,control,0
USR_01160,2026-06-06 08:30:21,control,0
USR_00016,2026-06-06 08:30:55,control,0
USR_05460,2026-06-06 08:31:08,control,0
USR_05979,2026-06-06 08:32:22,treatment,0
USR_11529,2026-06-06 08:33:11,treatment,1
USR_09147,2026-06-06 08:35:28,treatment,0
USR_14373,2026-06-06 08:35:28,treatment,0
USR_18711,2026-06-06 08:38:30,control,0
USR_19398,2026-06-06 08:39:04,treatment,0
USR_17867,2026-06-06 08:40:34,control,0
USR_18344,2026-06-06 08:41:15,treatment,0
USR_17120,2026-06-06 08:41:26,control,0
USR_03205,2026-06-06 08:41:42,treatment,0
USR_05351,2026-06-06 08:42:26,treatment,0
USR_05144,2026-06-06 08:44:22,treatment,1
USR_09043,2026-06-06 08:47:55,treatment,0
USR_18306,2026-06-06 08:48:26,treatment,0
USR_01938,2026-06-06 08:48:45,control,0
USR_08209,2026-06-06 08:49:08,treatment,0
USR_13343,2026-06-06 08:50:24,control,0
USR_01707,2026-06-06 08:50:36,treatment,0
USR_11495,2026-06-06 08:51:18,treatment,0
USR_18282,2026-06-06 08:52:17,treatment,1
USR_11019,2026-06-06 08:52:40,treatment,0
USR_19834,2026-06-06 08:53:13,treatment,0
USR_16123,2026-06-06 08:54:09,treatment,0
USR_13489,2026-06-06 08:54:10,treatment,0
USR_03100,2026-06-06 08:54:53,treatment,0
USR_15028,2026-06-06 08:55:03,control,0
USR_13554,2026-06-06 08:55:32,treatment,0
USR_02252,2026-06-06 08:56:53,treatment,0
USR_07366,2026-06-06 08:57:40,control,0
USR_19038,2026-06-06 08:59:05,treatment,0
USR_00895,2026-06-06 09:00:53,control,0
USR_12827,2026-06-06 09:01:39,treatment,0
USR_01252,2026-06-06 09:01:46,control,0
USR_13169,2026-06-06 09:03:43,control,0
USR_19745,2026-06-06 09:05:18,treatment,0
USR_13525,2026-06-06 09:05:54,control,0
USR_07449,2026-06-06 09:05:59,control,0
USR_13836,2026-06-06 09:06:14,control,0
USR_00669,2026-06-06 09:07:13,treatment,0
USR_08325,2026-06-06 09:07:17,control,0
USR_00934,2026-06-06 09:09:52,control,1
USR_06417,2026-06-06 09:10:44,treatment,0
USR_17896,2026-06-06 09:13:24,control,0
USR_01633,2026-06-06 09:14:44,control,1
USR_05976,2026-06-06 09:16:39,control,0
USR_07551,2026-06-06 09:17:35,treatment,0
USR_04593,2026-06-06 09:18:38,control,0
USR_07494,2026-06-06 09:18:58,treatment,0
USR_12580,2026-06-06 09:19:54,treatment,1
USR_01652,2026-06-06 09:21:10,treatment,0
USR_12398,2026-06-06 09:21:39,treatment,0
USR_02036,2026-06-06 09:21:52,control,0
USR_18012,2026-06-06 09:23:55,treatment,0
USR_02285,2026-06-06 09:26:27,control,0
USR_09223,2026-06-06 09:26:28,treatment,0
USR_16638,2026-06-06 09:26:52,treatment,0
USR_04344,2026-06-06 09:28:22,treatment,0
USR_08520,2026-06-06 09:29:08,treatment,0
USR_15824,2026-06-06 09:29:10,control,0
USR_18472,2026-06-06 09:29:33,control,0
USR_03624,2026-06-06 09:31:16,control,0
USR_18242,2026-06-06 09:31:17,control,0
USR_01853,2026-06-06 09:32:53,control,0
USR_09624,2026-06-06 09:33:25,treatment,0
USR_00537,2026-06-06 09:33:29,treatment,1
USR_08664,2026-06-06 09:34:52,treatment,0
USR_02758,2026-06-06 09:37:36,control,0
USR_02046,2026-06-06 09:37:54,treatment,0
USR_14034,2026-06-06 09:38:02,control,0
USR_01074,2026-06-06 09:38:34,control,0
USR_15392,2026-06-06 09:40:09,treatment,0
USR_19963,2026-06-06 09:41:03,treatment,0
USR_06764,2026-06-06 09:41:13,treatment,0
USR_05859,2026-06-06 09:41:29,control,0
USR_14733,2026-06-06 09:41:41,control,0
USR_15269,2026-06-06 09:42:55,treatment,0
USR_09566,2026-06-06 09:45:14,control,0
USR_16753,2026-06-06 09:45:28,treatment,0
USR_11636,2026-06-06 09:46:40,control,0
USR_06184,2026-06-06 09:46:51,control,0
USR_11882,2026-06-06 09:54:14,treatment,0
USR_03472,2026-06-06 09:55:07,control,0
USR_05987,2026-06-06 09:55:25,control,0
USR_12442,2026-06-06 09:57:59,control,0
USR_11213,2026-06-06 09:58:17,control,0
USR_05732,2026-06-06 09:58:47,treatment,0
USR_19248,2026-06-06 09:59:04,control,0
USR_02643,2026-06-06 09:59:47,control,0
USR_12825,2026-06-06 09:59:55,control,0
USR_16180,2026-06-06 10:02:27,control,0
USR_06123,2026-06-06 10:04:00,treatment,0
USR_17562,2026-06-06 10:04:27,treatment,0
USR_10372,2026-06-06 10:06:36,control,0
USR_07015,2026-06-06 10:06:38,treatment,1
USR_19279,2026-06-06 10:06:49,treatment,0
USR_12469,2026-06-06 10:07:09,control,1
USR_17674,2026-06-06 10:08:20,treatment,0
USR_16396,2026-06-06 10:09:40,treatment,0
USR_16016,2026-06-06 10:10:24,control,0
USR_16253,2026-06-06 10:18:05,control,1
USR_00563,2026-06-06 10:19:30,control,0
USR_10588,2026-06-06 10:21:01,treatment,0
USR_06413,2026-06-06 10:22:14,control,0
USR_10469,2026-06-06 10:23:18,treatment,0
USR_15753,2026-06-06 10:24:13,treatment,0
USR_05888,2026-06-06 10:26:43,treatment,0
USR_02138,2026-06-06 10:28:34,treatment,0
USR_13856,2026-06-06 10:30:24,treatment,0
USR_08412,2026-06-06 10:30:39,control,0
USR_19345,2026-06-06 10:31:13,treatment,0
USR_10275,2026-06-06 10:31:50,treatment,1
USR_19142,2026-06-06 10:32:35,control,0
USR_06596,2026-06-06 10:33:14,treatment,0
USR_06768,2026-06-06 10:33:53,treatment,0
USR_02552,2026-06-06 10:35:33,treatment,0
USR_07200,2026-06-06 10:35:55,treatment,0
USR_12369,2026-06-06 10:36:33,treatment,0
USR_15264,2026-06-06 10:40:26,control,0
USR_08823,2026-06-06 10:42:42,control,0
USR_16687,2026-06-06 10:45:15,treatment,0
USR_10883,2026-06-06 10:47:36,control,0
USR_17582,2026-06-06 10:49:16,control,0
USR_00861,2026-06-06 10:49:22,treatment,0
USR_09096,2026-06-06 10:50:44,treatment,1
USR_19783,2026-06-06 10:52:01,control,0
USR_08380,2026-06-06 10:52:13,control,0
USR_04152,2026-06-06 10:52:58,treatment,0
USR_19750,2026-06-06 10:53:27,control,0
USR_15875,2026-06-06 10:55:33,treatment,0
USR_00506,2026-06-06 10:56:16,control,0
USR_10556,2026-06-06 10:56:22,treatment,0
USR_08646,2026-06-06 10:56:39,treatment,0
USR_08595,2026-06-06 10:57:07,treatment,0
USR_10044,2026-06-06 10:58:25,treatment,0
USR_11147,2026-06-06 11:01:22,control,0
USR_02494,2026-06-06 11:01:56,treatment,0
USR_04919,2026-06-06 11:03:37,control,1
USR_09100,2026-06-06 11:04:22,treatment,0
USR_10295,2026-06-06 11:04:24,control,0
USR_02719,2026-06-06 11:05:34,treatment,0
USR_02254,2026-06-06 11:06:17,control,0
USR_02532,2026-06-06 11:06:48,control,0
USR_17398,2026-06-06 11:10:27,treatment,0
USR_12931,2026-06-06 11:11:33,control,0
USR_10212,2026-06-06 11:11:58,control,0
USR_14227,2026-06-06 11:13:09,control,0
USR_02981,2026-06-06 11:14:12,control,0
USR_05327,2026-06-06 11:15:11,treatment,0
USR_15122,2026-06-06 11:16:37,treatment,0
USR_05637,2026-06-06 11:16:38,control,0
USR_05719,2026-06-06 11:17:23,treatment,0
USR_02411,2026-06-06 11:19:43,control,0
USR_19827,2026-06-06 11:20:00,treatment,0
USR_09707,2026-06-06 11:20:07,control,0
USR_01260,2026-06-06 11:21:50,treatment,0
USR_00829,2026-06-06 11:21:56,treatment,0
USR_07438,2026-06-06 11:23:37,treatment,0
USR_12529,2026-06-06 11:25:03,control,0
USR_05262,2026-06-06 11:25:52,treatment,0
USR_12943,2026-06-06 11:28:11,treatment,0
USR_01306,2026-06-06 11:28:38,control,0
USR_17622,2026-06-06 11:29:38,treatment,0
USR_17001,2026-06-06 11:30:52,control,0
USR_03493,2026-06-06 11:30:57,treatment,0
USR_04293,2026-06-06 11:33:10,control,0
USR_13863,2026-06-06 11:33:40,treatment,0
USR_16929,2026-06-06 11:34:23,treatment,0
USR_12168,2026-06-06 11:38:35,treatment,0
USR_14790,2026-06-06 11:39:41,treatment,0
USR_12745,2026-06-06 11:40:10,control,0
USR_02657,2026-06-06 11:40:37,control,0
USR_03196,2026-06-06 11:40:45,treatment,0
USR_01553,2026-06-06 11:41:23,treatment,0
USR_04442,2026-06-06 11:42:07,control,0
USR_12617,2026-06-06 11:44:17,treatment,0
USR_04077,2026-06-06 11:45:47,treatment,0
USR_10371,2026-06-06 11:47:00,control,0
USR_07808,2026-06-06 11:47:16,treatment,0
USR_08335,2026-06-06 11:51:01,treatment,0
USR_01363,2026-06-06 11:52:23,treatment,0
USR_11337,2026-06-06 11:52:43,control,0
USR_17871,2026-06-06 11:55:23,treatment,0
USR_09105,2026-06-06 11:56:04,control,0
USR_10167,2026-06-06 11:56:11,treatment,0
USR_18341,2026-06-06 11:56:12,treatment,1
USR_17066,2026-06-06 11:57:02,treatment,0
USR_00909,2026-06-06 11:57:28,treatment,0
USR_10398,2026-06-06 11:57:56,control,0
USR_16958,2026-06-06 11:58:35,treatment,1
USR_11191,2026-06-06 12:01:22,treatment,0
USR_02442,2026-06-06 12:02:04,treatment,0
USR_09348,2026-06-06 12:03:48,treatment,0
USR_00866,2026-06-06 12:04:21,control,0
USR_10795,2026-06-06 12:05:19,control,1
USR_07680,2026-06-06 12:06:31,control,0
USR_18989,2026-06-06 12:06:54,control,0
USR_03543,2026-06-06 12:07:04,control,0
USR_18764,2026-06-06 12:07:36,treatment,0
USR_14443,2026-06-06 12:08:25,control,0
USR_19920,2026-06-06 12:09:07,treatment,1
USR_19733,2026-06-06 12:09:10,control,0
USR_19931,2026-06-06 12:09:11,control,0
USR_09897,2026-06-06 12:11:06,treatment,0
USR_07570,2026-06-06 12:11:10,control,0
USR_18743,2026-06-06 12:11:31,treatment,1
USR_09842,2026-06-06 12:13:39,control,0
USR_02013,2026-06-06 12:14:35,control,0
USR_04456,2026-06-06 12:16:04,control,0
USR_18586,2026-06-06 12:17:22,treatment,0
USR_17412,2026-06-06 12:17:30,control,0
USR_00229,2026-06-06 12:17:38,control,0
USR_09958,2026-06-06 12:18:57,control,0
USR_03873,2026-06-06 12:19:55,treatment,0
USR_13809,2026-06-06 12:20:50,treatment,0
USR_06213,2026-06-06 12:25:03,treatment,0
USR_09621,2026-06-06 12:25:27,control,0
USR_08084,2026-06-06 12:26:03,control,0
USR_00618,2026-06-06 12:27:41,treatment,0
USR_07314,2026-06-06 12:28:12,treatment,0
USR_09426,2026-06-06 12:28:42,control,0
USR_08988,2026-06-06 12:30:36,control,0
USR_19404,2026-06-06 12:30:51,control,0
USR_17122,2026-06-06 12:31:02,treatment,0
USR_03479,2026-06-06 12:32:15,treatment,0
USR_08233,2026-06-06 12:32:42,treatment,0
USR_08010,2026-06-06 12:33:46,treatment,0
USR_16990,2026-06-06 12:34:39,control,0
USR_01150,2026-06-06 12:35:03,control,0
USR_12446,2026-06-06 12:35:20,treatment,0
USR_04495,2026-06-06 12:38:03,treatment,1
USR_04334,2026-06-06 12:38:07,control,0
USR_08469,2026-06-06 12:38:41,treatment,0
USR_05564,2026-06-06 12:39:43,control,0
USR_15132,2026-06-06 12:40:23,treatment,1
USR_13284,2026-06-06 12:41:26,treatment,0
USR_12455,2026-06-06 12:44:19,treatment,0
USR_11473,2026-06-06 12:44:39,control,0
USR_16799,2026-06-06 12:45:47,control,0
USR_05264,2026-06-06 12:48:30,control,0
USR_03983,2026-06-06 12:49:34,control,0
USR_17850,2026-06-06 12:51:23,treatment,0
USR_13743,2026-06-06 12:52:00,treatment,0
USR_16107,2026-06-06 12:53:39,control,0
USR_11498,2026-06-06 12:53:47,control,0
USR_00815,2026-06-06 12:58:48,treatment,0
USR_03427,2026-06-06 12:58:58,treatment,0
USR_18539,2026-06-06 12:59:02,treatment,0
USR_10085,2026-06-06 13:02:00,treatment,0
USR_05905,2026-06-06 13:02:21,treatment,0
USR_02515,2026-06-06 13:03:01,treatment,0
USR_11967,2026-06-06 13:03:45,control,0
USR_06407,2026-06-06 13:05:36,treatment,0
USR_18297,2026-06-06 13:06:34,control,0
USR_04850,2026-06-06 13:06:52,treatment,0
USR_14450,2026-06-06 13:07:48,control,0
USR_19257,2026-06-06 13:08:04,treatment,0
USR_09432,2026-06-06 13:09:43,control,0
USR_03416,2026-06-06 13:11:14,treatment,0
USR_17825,2026-06-06 13:12:01,control,0
USR_02824,2026-06-06 13:13:15,treatment,0
USR_01343,2026-06-06 13:13:38,control,0
USR_05616,2026-06-06 13:15:20,treatment,0
USR_04757,2026-06-06 13:15:35,control,0
USR_01564,2026-06-06 13:15:55,treatment,0
USR_08647,2026-06-06 13:17:29,treatment,0
USR_02608,2026-06-06 13:18:08,treatment,0
USR_00423,2026-06-06 13:19:26,control,1
USR_11189,2026-06-06 13:20:59,treatment,0
USR_13524,2026-06-06 13:21:02,treatment,0
USR_18747,2026-06-06 13:21:27,control,0
USR_04116,2026-06-06 13:22:42,treatment,0
USR_05240,2026-06-06 13:23:18,treatment,0
USR_11243,2026-06-06 13:25:17,control,0
USR_02058,2026-06-06 13:25:46,treatment,0
USR_18753,2026-06-06 13:26:14,treatment,1
USR_14749,2026-06-06 13:26:23,treatment,0
USR_14802,2026-06-06 13:27:04,control,0
USR_06287,2026-06-06 13:30:03,treatment,0
USR_08915,2026-06-06 13:30:49,treatment,0
USR_10879,2026-06-06 13:31:28,control,0
USR_16412,2026-06-06 13:31:35,treatment,0
USR_07888,2026-06-06 13:33:09,treatment,0
USR_18098,2026-06-06 13:33:26,treatment,1
USR_07033,2026-06-06 13:38:53,control,0
USR_06316,2026-06-06 13:38:53,control,0
USR_10172,2026-06-06 13:39:59,control,0
USR_17991,2026-06-06 13:42:07,control,0
USR_11055,2026-06-06 13:42:25,treatment,0
USR_06264,2026-06-06 13:43:14,control,0
USR_12672,2026-06-06 13:44:18,treatment,0
USR_14553,2026-06-06 13:44:30,control,0
USR_06207,2026-06-06 13:45:28,control,0
USR_11119,2026-06-06 13:46:56,treatment,0
USR_10734,2026-06-06 13:49:53,control,0
USR_13701,2026-06-06 13:51:21,treatment,0
USR_07644,2026-06-06 13:51:39,control,1
USR_17036,2026-06-06 13:55:27,control,0
USR_16838,2026-06-06 13:59:30,treatment,0
USR_17165,2026-06-06 14:01:44,control,0
USR_02817,2026-06-06 14:01:47,treatment,0
USR_17373,2026-06-06 14:03:01,control,0
USR_03653,2026-06-06 14:03:38,treatment,0
USR_18949,2026-06-06 14:06:08,treatment,0
USR_16498,2026-06-06 14:07:15,control,0
USR_04589,2026-06-06 14:09:00,treatment,0
USR_07904,2026-06-06 14:09:04,control,0
USR_16304,2026-06-06 14:09:39,control,0
USR_16826,2026-06-06 14:10:25,control,0
USR_08283,2026-06-06 14:13:04,control,0
USR_04218,2026-06-06 14:14:44,control,0
USR_01945,2026-06-06 14:15:00,treatment,1
USR_03553,2026-06-06 14:18:10,treatment,0
USR_00978,2026-06-06 14:18:21,control,0
USR_06147,2026-06-06 14:19:09,control,0
USR_13798,2026-06-06 14:20:39,control,0
USR_14149,2026-06-06 14:21:45,control,0
USR_04439,2026-06-06 14:23:23,treatment,0
USR_19548,2026-06-06 14:23:32,control,0
USR_00067,2026-06-06 14:25:20,treatment,0
USR_18374,2026-06-06 14:26:36,treatment,0
USR_09204,2026-06-06 14:27:24,treatment,0
USR_09923,2026-06-06 14:27:52,control,0
USR_18319,2026-06-06 14:28:19,control,0
USR_04091,2026-06-06 14:28:40,treatment,0
USR_01602,2026-06-06 14:30:38,treatment,0
USR_19033,2026-06-06 14:31:08,control,0
USR_04307,2026-06-06 14:31:16,control,0
USR_17044,2026-06-06 14:31:55,control,0
USR_07603,2026-06-06 14:31:55,control,0
USR_10358,2026-06-06 14:32:21,control,0
USR_12630,2026-06-06 14:35:40,control,0
USR_13746,2026-06-06 14:35:56,control,0
USR_12279,2026-06-06 14:36:15,control,0
USR_19589,2026-06-06 14:37:25,control,0
USR_16887,2026-06-06 14:37:43,control,0
USR_01878,2026-06-06 14:37:55,control,0
USR_04974,2026-06-06 14:38:33,treatment,0
USR_16909,2026-06-06 14:38:57,control,0
USR_04230,2026-06-06 14:39:25,control,0
USR_03638,2026-06-06 14:40:45,treatment,0
USR_16266,2026-06-06 14:41:03,treatment,0
USR_12560,2026-06-06 14:41:13,control,0
USR_10079,2026-06-06 14:41:26,treatment,0
USR_17138,2026-06-06 14:42:48,treatment,0
USR_17519,2026-06-06 14:42:54,treatment,0
USR_06235,2026-06-06 14:43:36,treatment,0
USR_09485,2026-06-06 14:44:01,treatment,0
USR_00552,2026-06-06 14:44:17,control,0
USR_01456,2026-06-06 14:45:05,treatment,1
USR_12190,2026-06-06 14:45:42,treatment,0
USR_11511,2026-06-06 14:46:45,control,0
USR_10500,2026-06-06 14:47:17,control,0
USR_07928,2026-06-06 14:47:24,treatment,0
USR_16867,2026-06-06 14:48:27,control,0
USR_10176,2026-06-06 14:48:54,treatment,0
USR_03681,2026-06-06 14:50:37,treatment,0
USR_17392,2026-06-06 14:51:37,control,0
USR_05561,2026-06-06 14:52:28,treatment,0
USR_16284,2026-06-06 14:52:51,control,0
USR_05674,2026-06-06 14:54:01,treatment,0
USR_01526,2026-06-06 14:54:11,treatment,0
USR_16970,2026-06-06 14:54:22,treatment,0
USR_19442,2026-06-06 14:54:49,control,0
USR_15175,2026-06-06 14:54:51,control,0
USR_19378,2026-06-06 14:56:12,treatment,0
USR_05356,2026-06-06 14:56:18,control,0
USR_05525,2026-06-06 14:56:51,treatment,1
USR_07763,2026-06-06 14:58:29,control,0
USR_18451,2026-06-06 14:59:03,treatment,0
USR_05400,2026-06-06 14:59:40,treatment,1
USR_18825,2026-06-06 15:00:34,treatment,0
USR_03226,2026-06-06 15:01:38,control,0
USR_04621,2026-06-06 15:02:37,control,0
USR_13311,2026-06-06 15:02:39,control,0
USR_09904,2026-06-06 15:03:10,treatment,0
USR_02818,2026-06-06 15:05:23,treatment,0
USR_17256,2026-06-06 15:06:45,control,0
USR_13391,2026-06-06 15:07:18,control,0
USR_02213,2026-06-06 15:07:58,treatment,0
USR_04139,2026-06-06 15:08:04,treatment,0
USR_14299,2026-06-06 15:08:26,treatment,0
USR_01495,2026-06-06 15:10:32,control,0
USR_13009,2026-06-06 15:10:33,control,0
USR_02844,2026-06-06 15:11:00,treatment,0
USR_17333,2026-06-06 15:11:48,treatment,0
USR_06697,2026-06-06 15:12:38,control,0
USR_04795,2026-06-06 15:14:05,treatment,0
USR_18962,2026-06-06 15:14:31,treatment,1
USR_07732,2026-06-06 15:14:53,treatment,0
USR_08611,2026-06-06 15:17:10,control,0
USR_12755,2026-06-06 15:18:01,treatment,0
USR_06194,2026-06-06 15:18:02,control,0
USR_13753,2026-06-06 15:18:26,control,0
USR_03386,2026-06-06 15:19:30,control,0
USR_06819,2026-06-06 15:19:46,treatment,0
USR_11911,2026-06-06 15:20:02,control,0
USR_09805,2026-06-06 15:21:21,treatment,0
USR_02804,2026-06-06 15:22:07,treatment,0
USR_03528,2026-06-06 15:24:02,treatment,0
USR_02575,2026-06-06 15:25:24,control,0
USR_15191,2026-06-06 15:26:28,control,0
USR_08934,2026-06-06 15:28:22,treatment,0
USR_03511,2026-06-06 15:29:18,control,0
USR_12096,2026-06-06 15:29:20,treatment,0
USR_09028,2026-06-06 15:29:25,control,0
USR_17695,2026-06-06 15:29:26,control,0
USR_04741,2026-06-06 15:30:49,control,0
USR_19276,2026-06-06 15:33:36,control,0
USR_14712,2026-06-06 15:34:02,treatment,0
USR_01850,2026-06-06 15:36:07,control,0
USR_11988,2026-06-06 15:36:16,treatment,0
USR_12539,2026-06-06 15:37:27,control,0
USR_16941,2026-06-06 15:41:58,control,0
USR_07051,2026-06-06 15:42:26,treatment,0
USR_17634,2026-06-06 15:42:43,treatment,0
USR_05617,2026-06-06 15:43:16,control,0
USR_15493,2026-06-06 15:43:16,treatment,0
USR_15561,2026-06-06 15:44:53,treatment,0
USR_17228,2026-06-06 15:47:40,control,0
USR_02949,2026-06-06 15:49:25,treatment,1
USR_13934,2026-06-06 15:50:27,treatment,0
USR_17855,2026-06-06 15:51:27,treatment,0
USR_05202,2026-06-06 15:53:44,control,1
USR_00077,2026-06-06 15:53:58,treatment,0
USR_09734,2026-06-06 15:54:04,control,0
USR_13636,2026-06-06 15:54:38,treatment,0
USR_00445,2026-06-06 15:54:42,control,0
USR_18395,2026-06-06 15:55:02,treatment,0
USR_00703,2026-06-06 15:55:51,control,0
USR_07933,2026-06-06 15:58:13,control,0
USR_09237,2026-06-06 15:58:16,control,0
USR_08066,2026-06-06 15:58:58,treatment,1
USR_08930,2026-06-06 15:59:36,control,0
USR_19757,2026-06-06 16:01:20,treatment,0
USR_01935,2026-06-06 16:02:32,control,0
USR_15817,2026-06-06 16:02:55,control,0
USR_10300,2026-06-06 16:04:14,control,0
USR_08579,2026-06-06 16:04:57,treatment,0
USR_06059,2026-06-06 16:05:02,treatment,0
USR_19815,2026-06-06 16:05:04,treatment,0
USR_11768,2026-06-06 16:05:41,treatment,0
USR_04095,2026-06-06 16:07:28,treatment,0
USR_08015,2026-06-06 16:07:32,treatment,0
USR_15965,2026-06-06 16:08:19,treatment,0
USR_05371,2026-06-06 16:08:36,control,0
USR_12989,2026-06-06 16:09:34,treatment,0
USR_10327,2026-06-06 16:10:06,treatment,0
USR_17359,2026-06-06 16:10:10,control,0
USR_14104,2026-06-06 16:10:48,treatment,0
USR_13192,2026-06-06 16:10:58,treatment,0
USR_14609,2026-06-06 16:12:56,control,0
USR_05172,2026-06-06 16:13:55,treatment,0
USR_18682,2026-06-06 16:14:33,control,0
USR_14816,2026-06-06 16:15:33,control,0
USR_16122,2026-06-06 16:16:22,treatment,0
USR_01352,2026-06-06 16:16:35,control,0
USR_11946,2026-06-06 16:17:21,treatment,0
USR_02085,2026-06-06 16:20:31,treatment,0
USR_19835,2026-06-06 16:20:45,treatment,0
USR_00582,2026-06-06 16:21:28,treatment,0
USR_07848,2026-06-06 16:22:22,treatment,0
USR_03371,2026-06-06 16:23:13,control,0
USR_12823,2026-06-06 16:25:31,treatment,0
USR_13782,2026-06-06 16:25:32,treatment,0
USR_08122,2026-06-06 16:27:19,treatment,0
USR_08920,2026-06-06 16:28:31,control,0
USR_14724,2026-06-06 16:28:49,control,0
USR_08791,2026-06-06 16:29:21,control,0
USR_14696,2026-06-06 16:29:49,control,0
USR_14399,2026-06-06 16:31:34,treatment,0
USR_02475,2026-06-06 16:33:27,control,0
USR_07662,2026-06-06 16:33:41,treatment,0
USR_03139,2026-06-06 16:35:15,treatment,0
USR_00859,2026-06-06 16:35:43,control,0
USR_13239,2026-06-06 16:35:59,control,0
USR_04088,2026-06-06 16:36:29,treatment,0
USR_12716,2026-06-06 16:36:30,treatment,0
USR_14357,2026-06-06 16:36:44,control,0
USR_18174,2026-06-06 16:37:04,control,0
USR_14695,2026-06-06 16:37:17,control,0
USR_05935,2026-06-06 16:37:17,treatment,0
USR_04101,2026-06-06 16:38:48,treatment,0
USR_12918,2026-06-06 16:44:38,treatment,0
USR_09614,2026-06-06 16:45:27,control,0
USR_04517,2026-06-06 16:46:19,treatment,0
USR_16715,2026-06-06 16:46:27,control,0
USR_11537,2026-06-06 16:47:31,control,0
USR_09355,2026-06-06 16:47:37,control,0
USR_06844,2026-06-06 16:48:00,control,0
USR_19718,2026-06-06 16:50:28,control,0
USR_17207,2026-06-06 16:50:43,control,0
USR_07083,2026-06-06 16:50:59,control,0
USR_06962,2026-06-06 16:52:03,control,0
USR_10210,2026-06-06 16:54:04,treatment,0
USR_02522,2026-06-06 16:55:37,control,0
USR_13787,2026-06-06 16:56:10,control,0
USR_10266,2026-06-06 16:56:12,treatment,0
USR_11699,2026-06-06 16:57:53,control,0
USR_19731,2026-06-06 17:01:12,control,0
USR_04945,2026-06-06 17:02:10,treatment,0
USR_16671,2026-06-06 17:02:29,control,0
USR_02318,2026-06-06 17:05:58,control,0
USR_04246,2026-06-06 17:06:02,treatment,0
USR_05899,2026-06-06 17:06:17,control,0
USR_17782,2026-06-06 17:07:11,control,0
USR_11797,2026-06-06 17:09:08,treatment,0
USR_13443,2026-06-06 17:09:44,control,0
USR_19229,2026-06-06 17:15:17,control,0
USR_03620,2026-06-06 17:16:35,control,0
USR_13922,2026-06-06 17:17:48,treatment,0
USR_08598,2026-06-06 17:19:00,control,0
USR_15620,2026-06-06 17:19:04,control,0
USR_11865,2026-06-06 17:19:12,treatment,0
USR_11872,2026-06-06 17:19:30,treatment,0
USR_05263,2026-06-06 17:19:50,control,0
USR_07879,2026-06-06 17:21:12,control,0
USR_09061,2026-06-06 17:22:21,control,0
USR_14655,2026-06-06 17:23:01,treatment,0
USR_11994,2026-06-06 17:23:26,treatment,0
USR_16843,2026-06-06 17:23:36,control,1
USR_04654,2026-06-06 17:24:05,control,0
USR_03646,2026-06-06 17:25:22,control,0
USR_08091,2026-06-06 17:25:48,control,0
USR_18214,2026-06-06 17:26:46,treatment,0
USR_15546,2026-06-06 17:27:36,control,0
USR_09547,2026-06-06 17:30:54,control,0
USR_01821,2026-06-06 17:31:26,treatment,0
USR_05096,2026-06-06 17:33:15,control,0
USR_09241,2026-06-06 17:33:32,control,0
USR_04326,2026-06-06 17:34:13,control,0
USR_06001,2026-06-06 17:35:33,control,0
USR_09128,2026-06-06 17:36:26,treatment,0
USR_02761,2026-06-06 17:37:17,treatment,0
USR_15418,2026-06-06 17:40:24,control,0
USR_00464,2026-06-06 17:42:07,treatment,0
USR_12824,2026-06-06 17:42:26,control,0
USR_14542,2026-06-06 17:42:53,control,0
USR_08455,2026-06-06 17:44:48,treatment,0
USR_07921,2026-06-06 17:45:02,control,0
USR_08166,2026-06-06 17:45:18,control,0
USR_17521,2026-06-06 17:45:56,treatment,0
USR_10052,2026-06-06 17:46:10,control,0
USR_16694,2026-06-06 17:47:45,control,0
USR_13379,2026-06-06 17:48:52,treatment,0
USR_07807,2026-06-06 17:49:07,control,0
USR_05312,2026-06-06 17:52:22,treatment,0
USR_16585,2026-06-06 17:53:07,control,0
USR_03949,2026-06-06 17:54:10,treatment,0
USR_06314,2026-06-06 17:56:03,control,0
USR_19370,2026-06-06 17:56:06,control,0
USR_05812,2026-06-06 17:57:12,control,0
USR_03522,2026-06-06 17:57:59,treatment,0
USR_09135,2026-06-06 17:59:06,control,0
USR_16434,2026-06-06 18:01:09,control,0
USR_01679,2026-06-06 18:04:41,control,0
USR_02637,2026-06-06 18:05:33,control,0
USR_13992,2026-06-06 18:06:41,treatment,0
USR_06918,2026-06-06 18:07:49,treatment,0
USR_12635,2026-06-06 18:09:22,treatment,0
USR_04079,2026-06-06 18:09:58,treatment,0
USR_10062,2026-06-06 18:10:18,treatment,0
USR_16024,2026-06-06 18:10:52,treatment,1
USR_16684,2026-06-06 18:10:52,treatment,0
USR_07420,2026-06-06 18:11:55,control,0
USR_18843,2026-06-06 18:12:17,control,0
USR_07966,2026-06-06 18:13:11,treatment,1
USR_05299,2026-06-06 18:13:31,control,0
USR_11880,2026-06-06 18:13:57,control,0
USR_01419,2026-06-06 18:15:06,control,1
USR_01993,2026-06-06 18:15:26,control,0
USR_04303,2026-06-06 18:15:33,treatment,0
USR_14022,2026-06-06 18:16:05,control,0
USR_16844,2026-06-06 18:16:09,control,0
USR_14624,2026-06-06 18:16:12,treatment,0
USR_04446,2026-06-06 18:16:13,control,0
USR_19822,2026-06-06 18:16:40,treatment,0
USR_00333,2026-06-06 18:17:11,treatment,0
USR_12798,2026-06-06 18:17:15,treatment,0
USR_07534,2026-06-06 18:18:44,control,0
USR_18062,2026-06-06 18:18:57,control,0
USR_13409,2026-06-06 18:23:24,control,0
USR_18792,2026-06-06 18:25:38,treatment,0
USR_16377,2026-06-06 18:25:56,treatment,0
USR_09567,2026-06-06 18:26:10,control,0
USR_09976,2026-06-06 18:26:32,control,0
USR_01078,2026-06-06 18:26:34,control,0
USR_03966,2026-06-06 18:26:48,control,0
USR_01703,2026-06-06 18:27:34,treatment,0
USR_09425,2026-06-06 18:28:52,treatment,0
USR_16690,2026-06-06 18:29:18,control,0
USR_13397,2026-06-06 18:29:41,control,0
USR_12615,2026-06-06 18:31:03,treatment,0
USR_17908,2026-06-06 18:32:04,control,0
USR_03305,2026-06-06 18:32:32,control,0
USR_08018,2026-06-06 18:33:51,treatment,0
USR_01984,2026-06-06 18:34:24,control,0
USR_02542,2026-06-06 18:34:56,control,1
USR_12326,2026-06-06 18:37:49,treatment,0
USR_15964,2026-06-06 18:38:59,treatment,0
USR_18660,2026-06-06 18:40:39,treatment,0
USR_16083,2026-06-06 18:41:08,treatment,0
USR_19793,2026-06-06 18:41:12,treatment,0
USR_02338,2026-06-06 18:42:28,control,0
USR_09828,2026-06-06 18:43:44,control,0
USR_13451,2026-06-06 18:43:45,control,0
USR_19291,2026-06-06 18:44:19,treatment,0
USR_19163,2026-06-06 18:44:30,control,0
USR_03993,2026-06-06 18:44:38,control,0
USR_14065,2026-06-06 18:44:48,control,0
USR_19489,2026-06-06 18:45:01,treatment,0
USR_09549,2026-06-06 18:45:57,control,0
USR_07937,2026-06-06 18:47:14,treatment,0
USR_03505,2026-06-06 18:47:22,control,0
USR_10272,2026-06-06 18:48:08,treatment,0
USR_18141,2026-06-06 18:49:31,treatment,0
USR_04163,2026-06-06 18:49:48,control,0
USR_11852,2026-06-06 18:49:59,treatment,0
USR_04675,2026-06-06 18:50:40,treatment,0
USR_06771,2026-06-06 18:52:07,control,0
USR_05364,2026-06-06 18:52:08,treatment,0
USR_12751,2026-06-06 18:52:28,control,0
USR_18584,2026-06-06 18:52:47,control,0
USR_03490,2026-06-06 18:52:48,control,0
USR_19275,2026-06-06 18:53:35,treatment,0
USR_04356,2026-06-06 18:54:58,control,0
USR_04299,2026-06-06 18:55:04,treatment,0
USR_10698,2026-06-06 18:55:05,control,0
USR_18696,2026-06-06 18:55:16,control,0
USR_02022,2026-06-06 18:56:08,treatment,0
USR_01774,2026-06-06 18:57:29,treatment,0
USR_00638,2026-06-06 18:58:01,treatment,0
USR_03263,2026-06-06 18:58:19,control,0
USR_02675,2026-06-06 19:02:15,control,0
USR_03247,2026-06-06 19:03:06,treatment,0
USR_07532,2026-06-06 19:03:47,control,0
USR_06884,2026-06-06 19:06:16,treatment,0
USR_14882,2026-06-06 19:06:47,control,1
USR_08437,2026-06-06 19:09:50,treatment,0
USR_18761,2026-06-06 19:12:25,control,0
USR_01811,2026-06-06 19:13:15,control,0
USR_15365,2026-06-06 19:13:33,control,0
USR_12008,2026-06-06 19:15:34,control,0
USR_16186,2026-06-06 19:16:18,treatment,0
USR_00767,2026-06-06 19:16:56,treatment,0
USR_08977,2026-06-06 19:17:10,control,0
USR_01590,2026-06-06 19:17:14,control,0
USR_17116,2026-06-06 19:17:39,control,0
USR_19167,2026-06-06 19:18:09,control,0
USR_14535,2026-06-06 19:20:32,control,0
USR_05250,2026-06-06 19:21:27,treatment,0
USR_16120,2026-06-06 19:21:36,control,0
USR_07219,2026-06-06 19:23:31,control,0
USR_08306,2026-06-06 19:24:05,control,0
USR_07617,2026-06-06 19:24:12,control,0
USR_06002,2026-06-06 19:25:07,control,0
USR_08969,2026-06-06 19:25:11,treatment,0
USR_08687,2026-06-06 19:25:11,control,0
USR_18684,2026-06-06 19:26:08,treatment,0
USR_15069,2026-06-06 19:27:00,treatment,0
USR_05506,2026-06-06 19:30:23,treatment,0
USR_07296,2026-06-06 19:32:57,control,0
USR_05009,2026-06-06 19:33:01,control,0
USR_10599,2026-06-06 19:33:05,control,0
USR_13610,2026-06-06 19:33:35,treatment,0
USR_05493,2026-06-06 19:33:51,treatment,0
USR_06881,2026-06-06 19:34:37,treatment,0
USR_05303,2026-06-06 19:34:50,control,0
USR_12593,2026-06-06 19:35:04,treatment,0
USR_03716,2026-06-06 19:35:25,control,0
USR_00952,2026-06-06 19:35:40,treatment,0
USR_07878,2026-06-06 19:35:58,control,0
USR_18572,2026-06-06 19:40:18,control,1
USR_13464,2026-06-06 19:40:40,control,0
USR_01648,2026-06-06 19:41:13,control,1
USR_05463,2026-06-06 19:41:15,control,0
USR_10066,2026-06-06 19:41:17,control,0
USR_09467,2026-06-06 19:42:49,control,0
USR_01910,2026-06-06 19:43:19,control,0
USR_09107,2026-06-06 19:44:05,treatment,0
USR_11957,2026-06-06 19:44:44,treatment,0
USR_15642,2026-06-06 19:45:42,control,0
USR_12038,2026-06-06 19:47:03,control,0
USR_14934,2026-06-06 19:47:42,control,0
USR_06913,2026-06-06 19:49:04,control,0
USR_07466,2026-06-06 19:49:46,control,0
USR_15280,2026-06-06 19:49:48,treatment,0
USR_12554,2026-06-06 19:50:24,treatment,0
USR_00059,2026-06-06 19:50:36,treatment,0
USR_03864,2026-06-06 19:50:47,treatment,0
USR_02077,2026-06-06 19:51:51,control,0
USR_09776,2026-06-06 19:52:59,treatment,0
USR_06375,2026-06-06 19:58:32,control,0
USR_06579,2026-06-06 20:00:36,treatment,0
USR_16906,2026-06-06 20:01:47,control,0
USR_03011,2026-06-06 20:02:56,control,0
USR_00641,2026-06-06 20:03:36,control,0
USR_13553,2026-06-06 20:04:51,control,0
USR_07946,2026-06-06 20:06:04,control,0
USR_02583,2026-06-06 20:08:09,treatment,0
USR_05120,2026-06-06 20:08:12,treatment,0
USR_05149,2026-06-06 20:09:35,control,0
USR_18553,2026-06-06 20:15:26,treatment,0
USR_15417,2026-06-06 20:15:33,treatment,1
USR_06243,2026-06-06 20:17:53,treatment,0
USR_18952,2026-06-06 20:18:45,treatment,0
USR_19831,2026-06-06 20:21:16,control,0
USR_00896,2026-06-06 20:21:36,control,0
USR_12682,2026-06-06 20:23:02,control,0
USR_11562,2026-06-06 20:23:43,treatment,0
USR_16579,2026-06-06 20:24:08,control,0
USR_02134,2026-06-06 20:24:10,control,1
USR_19144,2026-06-06 20:24:47,control,1
USR_01920,2026-06-06 20:24:51,control,0
USR_17801,2026-06-06 20:25:06,control,0
USR_15121,2026-06-06 20:25:14,treatment,0
USR_08749,2026-06-06 20:26:13,control,0
USR_18721,2026-06-06 20:26:14,treatment,0
USR_15555,2026-06-06 20:26:21,treatment,0
USR_03733,2026-06-06 20:26:23,control,0
USR_17897,2026-06-06 20:26:45,control,0
USR_00568,2026-06-06 20:27:37,control,0
USR_10590,2026-06-06 20:28:30,control,0
USR_14870,2026-06-06 20:29:47,control,0
USR_13786,2026-06-06 20:31:57,control,0
USR_18762,2026-06-06 20:33:20,treatment,0
USR_02183,2026-06-06 20:33:47,control,0
USR_16025,2026-06-06 20:35:28,control,0
USR_01437,2026-06-06 20:37:24,treatment,0
USR_13445,2026-06-06 20:38:48,treatment,0
USR_02348,2026-06-06 20:41:32,treatment,0
USR_15967,2026-06-06 20:44:43,control,0
USR_10216,2026-06-06 20:45:24,control,0
USR_03098,2026-06-06 20:46:44,treatment,0
USR_15071,2026-06-06 20:49:48,treatment,0
USR_09899,2026-06-06 20:49:51,control,0
USR_10482,2026-06-06 20:50:55,treatment,0
USR_05442,2026-06-06 20:51:30,treatment,0
USR_14890,2026-06-06 20:51:52,control,0
USR_08473,2026-06-06 20:53:04,control,0
USR_09194,2026-06-06 20:53:27,treatment,0
USR_18408,2026-06-06 20:53:54,treatment,0
USR_18294,2026-06-06 20:54:40,treatment,0
USR_15733,2026-06-06 20:56:06,treatment,0
USR_01832,2026-06-06 20:57:52,control,0
USR_18077,2026-06-06 21:02:16,treatment,1
USR_03334,2026-06-06 21:03:22,treatment,1
USR_05164,2026-06-06 21:03:25,treatment,0
USR_08710,2026-06-06 21:03:44,control,0
USR_14523,2026-06-06 21:03:46,treatment,0
USR_12832,2026-06-06 21:04:26,control,0
USR_10569,2026-06-06 21:04:51,control,0
USR_17711,2026-06-06 21:05:27,control,0
USR_03671,2026-06-06 21:05:38,treatment,0
USR_05762,2026-06-06 21:06:35,treatment,0
USR_06896,2026-06-06 21:08:13,control,0
USR_08475,2026-06-06 21:08:15,control,1
USR_00673,2026-06-06 21:14:24,treatment,0
USR_08770,2026-06-06 21:15:17,treatment,0
USR_18410,2026-06-06 21:15:56,treatment,0
USR_11586,2026-06-06 21:16:15,treatment,1
USR_17341,2026-06-06 21:19:03,control,0
USR_11354,2026-06-06 21:19:46,treatment,0
USR_13126,2026-06-06 21:20:11,control,0
USR_12017,2026-06-06 21:20:48,control,0
USR_00442,2026-06-06 21:22:17,control,0
USR_12047,2026-06-06 21:23:14,treatment,0
USR_00434,2026-06-06 21:23:58,treatment,0
USR_02422,2026-06-06 21:24:47,treatment,0
USR_05721,2026-06-06 21:24:54,treatment,0
USR_14884,2026-06-06 21:25:02,treatment,0
USR_15157,2026-06-06 21:25:52,control,0
USR_10149,2026-06-06 21:26:29,control,0
USR_08280,2026-06-06 21:26:38,control,1
USR_12845,2026-06-06 21:27:00,treatment,1
USR_09601,2026-06-06 21:29:44,treatment,0
USR_18096,2026-06-06 21:30:04,treatment,1
USR_02775,2026-06-06 21:30:30,treatment,0
USR_10347,2026-06-06 21:31:48,treatment,0
USR_09808,2026-06-06 21:31:57,treatment,0
USR_12185,2026-06-06 21:34:25,control,0
USR_12769,2026-06-06 21:35:34,treatment,0
USR_12565,2026-06-06 21:37:22,treatment,0
USR_19723,2026-06-06 21:38:39,treatment,0
USR_18181,2026-06-06 21:38:44,control,0
USR_05420,2026-06-06 21:39:22,treatment,0
USR_11424,2026-06-06 21:39:33,treatment,0
USR_13066,2026-06-06 21:39:54,treatment,0
USR_00368,2026-06-06 21:40:28,treatment,1
USR_16006,2026-06-06 21:40:35,control,0
USR_10669,2026-06-06 21:40:36,control,0
USR_01187,2026-06-06 21:40:54,treatment,0
USR_11294,2026-06-06 21:41:22,treatment,0
USR_04726,2026-06-06 21:41:30,control,0
USR_12080,2026-06-06 21:42:15,control,0
USR_10389,2026-06-06 21:42:44,control,0
USR_06129,2026-06-06 21:42:50,control,0
USR_03792,2026-06-06 21:48:43,treatment,0
USR_02576,2026-06-06 21:48:45,control,0
USR_15519,2026-06-06 21:50:40,control,0
USR_04112,2026-06-06 21:55:21,treatment,0
USR_05650,2026-06-06 21:55:49,control,0
USR_17127,2026-06-06 21:55:51,control,0
USR_14170,2026-06-06 21:59:18,treatment,0
USR_03366,2026-06-06 21:59:43,treatment,0
USR_01585,2026-06-06 21:59:47,treatment,0
USR_06408,2026-06-06 22:00:29,treatment,0
USR_02931,2026-06-06 22:01:05,treatment,0
USR_16008,2026-06-06 22:01:13,control,0
USR_12163,2026-06-06 22:01:39,treatment,0
USR_19511,2026-06-06 22:02:39,control,0
USR_06383,2026-06-06 22:02:53,treatment,1
USR_08674,2026-06-06 22:04:26,treatment,0
USR_15312,2026-06-06 22:06:23,control,0
USR_14313,2026-06-06 22:07:07,treatment,0
USR_03125,2026-06-06 22:08:10,control,0
USR_07982,2026-06-06 22:10:37,control,0
USR_17264,2026-06-06 22:14:42,control,0
USR_06508,2026-06-06 22:16:03,control,0
USR_07847,2026-06-06 22:17:04,control,0
USR_13768,2026-06-06 22:17:54,treatment,0
USR_15507,2026-06-06 22:18:33,treatment,0
USR_02557,2026-06-06 22:19:55,treatment,1
USR_07413,2026-06-06 22:20:44,treatment,0
USR_00655,2026-06-06 22:21:10,control,0
USR_06722,2026-06-06 22:22:02,treatment,0
USR_04838,2026-06-06 22:22:10,treatment,0
USR_19974,2026-06-06 22:24:32,control,0
USR_10699,2026-06-06 22:24:33,treatment,0
USR_04165,2026-06-06 22:24:37,treatment,0
USR_00408,2026-06-06 22:27:02,treatment,0
USR_07363,2026-06-06 22:28:27,treatment,0
USR_18879,2026-06-06 22:28:43,control,0
USR_19433,2026-06-06 22:29:17,treatment,0
USR_04061,2026-06-06 22:30:45,control,0
USR_04172,2026-06-06 22:31:35,treatment,0
USR_09291,2026-06-06 22:32:48,treatment,0
USR_19436,2026-06-06 22:34:37,treatment,0
USR_02060,2026-06-06 22:38:18,treatment,0
USR_13384,2026-06-06 22:38:41,treatment,0
USR_01954,2026-06-06 22:38:54,control,0
USR_11954,2026-06-06 22:39:18,treatment,0
USR_08070,2026-06-06 22:40:13,treatment,0
USR_08659,2026-06-06 22:42:00,control,0
USR_01123,2026-06-06 22:42:51,control,0
USR_01934,2026-06-06 22:43:35,treatment,0
USR_12994,2026-06-06 22:44:21,control,0
USR_03016,2026-06-06 22:44:33,treatment,0
USR_01326,2026-06-06 22:44:36,control,0
USR_06662,2026-06-06 22:46:12,control,0
USR_14925,2026-06-06 22:46:18,treatment,0
USR_04992,2026-06-06 22:46:25,treatment,0
USR_16621,2026-06-06 22:48:29,control,0
USR_18735,2026-06-06 22:49:14,control,0
USR_12129,2026-06-06 22:49:39,treatment,1
USR_06007,2026-06-06 22:49:50,control,0
USR_05274,2026-06-06 22:50:18,control,0
USR_14029,2026-06-06 22:55:00,treatment,0
USR_08064,2026-06-06 22:55:06,treatment,0
USR_09451,2026-06-06 22:56:32,treatment,0
USR_10525,2026-06-06 22:57:30,control,0
USR_00284,2026-06-06 22:58:23,treatment,0
USR_09073,2026-06-06 22:59:20,control,0
USR_17109,2026-06-06 23:00:13,control,0
USR_05707,2026-06-06 23:00:46,treatment,0
USR_17018,2026-06-06 23:03:27,treatment,0
USR_17529,2026-06-06 23:03:30,treatment,0
USR_13029,2026-06-06 23:03:50,treatment,0
USR_03850,2026-06-06 23:04:17,control,0
USR_12026,2026-06-06 23:04:58,control,0
USR_17221,2026-06-06 23:05:11,control,0
USR_01715,2026-06-06 23:05:51,treatment,0
USR_14100,2026-06-06 23:06:00,control,0
USR_15013,2026-06-06 23:07:04,treatment,0
USR_18330,2026-06-06 23:09:20,treatment,0
USR_06663,2026-06-06 23:09:32,control,1
USR_13228,2026-06-06 23:11:34,treatment,0
USR_16329,2026-06-06 23:11:39,treatment,0
USR_00498,2026-06-06 23:11:43,treatment,0
USR_05242,2026-06-06 23:11:44,control,0
USR_14613,2026-06-06 23:12:21,control,1
USR_03106,2026-06-06 23:14:50,control,1
USR_05972,2026-06-06 23:16:46,treatment,0
USR_03412,2026-06-06 23:17:33,treatment,0
USR_05622,2026-06-06 23:17:40,treatment,0
USR_18046,2026-06-06 23:17:42,control,0
USR_16088,2026-06-06 23:17:43,treatment,0
USR_14794,2026-06-06 23:18:02,treatment,0
USR_05257,2026-06-06 23:18:43,treatment,0
USR_00386,2026-06-06 23:19:18,control,0
USR_06995,2026-06-06 23:21:25,control,0
USR_01083,2026-06-06 23:22:24,control,0
USR_03735,2026-06-06 23:22:57,control,0
USR_14199,2026-06-06 23:24:07,control,0
USR_12928,2026-06-06 23:26:47,treatment,0
USR_05883,2026-06-06 23:26:48,control,0
USR_10517,2026-06-06 23:27:30,control,0
USR_11913,2026-06-06 23:28:16,control,0
USR_04681,2026-06-06 23:29:26,control,0
USR_11671,2026-06-06 23:31:15,treatment,0
USR_05748,2026-06-06 23:31:26,control,0
USR_03662,2026-06-06 23:32:05,treatment,0
USR_01861,2026-06-06 23:32:19,control,0
USR_16779,2026-06-06 23:32:38,treatment,0
USR_04882,2026-06-06 23:33:00,treatment,0
USR_04411,2026-06-06 23:35:02,control,0
USR_04696,2026-06-06 23:35:36,treatment,0
USR_06782,2026-06-06 23:36:16,control,0
USR_01907,2026-06-06 23:38:41,treatment,0
USR_13752,2026-06-06 23:38:50,treatment,0
USR_07598,2026-06-06 23:39:36,treatment,0
USR_19559,2026-06-06 23:40:05,control,0
USR_01567,2026-06-06 23:42:10,control,0
USR_10116,2026-06-06 23:42:39,control,0
USR_00007,2026-06-06 23:44:48,control,0
USR_08673,2026-06-06 23:44:55,treatment,0
USR_13208,2026-06-06 23:45:25,treatment,0
USR_11284,2026-06-06 23:46:27,control,0
USR_06449,2026-06-06 23:46:42,control,0
USR_10005,2026-06-06 23:48:40,treatment,0
USR_07801,2026-06-06 23:51:12,control,1
USR_16546,2026-06-06 23:52:02,control,0
USR_00987,2026-06-06 23:52:28,control,0
USR_00637,2026-06-06 23:53:42,control,0
USR_19590,2026-06-06 23:53:53,control,0
USR_00889,2026-06-06 23:54:14,control,0
USR_00914,2026-06-06 23:54:56,control,0
USR_16482,2026-06-06 23:56:08,treatment,0
USR_13894,2026-06-06 23:58:47,control,0
USR_06352,2026-06-06 23:59:14,control,0
USR_14957,2026-06-07 00:01:54,treatment,0
USR_08228,2026-06-07 00:02:05,treatment,0
USR_12430,2026-06-07 00:03:53,control,0
USR_16223,2026-06-07 00:06:18,control,0
USR_19623,2026-06-07 00:07:48,treatment,0
USR_14349,2026-06-07 00:11:12,control,0
USR_07996,2026-06-07 00:11:49,treatment,0
USR_18780,2026-06-07 00:12:34,treatment,0
USR_19157,2026-06-07 00:13:32,control,0
USR_18201,2026-06-07 00:13:40,treatment,0
USR_04617,2026-06-07 00:16:25,treatment,0
USR_03938,2026-06-07 00:18:00,treatment,0
USR_17791,2026-06-07 00:18:09,treatment,0
USR_06527,2026-06-07 00:19:17,control,0
USR_11044,2026-06-07 00:19:18,treatment,0
USR_12025,2026-06-07 00:19:51,control,0
USR_12842,2026-06-07 00:20:51,treatment,0
USR_12348,2026-06-07 00:21:45,control,0
USR_11343,2026-06-07 00:23:29,control,0
USR_13515,2026-06-07 00:24:17,control,0
USR_08708,2026-06-07 00:25:41,control,0
USR_11141,2026-06-07 00:25:49,control,0
USR_14672,2026-06-07 00:26:53,control,0
USR_14157,2026-06-07 00:28:29,control,0
USR_19633,2026-06-07 00:30:42,control,0
USR_11907,2026-06-07 00:30:49,control,0
USR_09145,2026-06-07 00:34:28,treatment,0
USR_03270,2026-06-07 00:36:24,control,0
USR_14607,2026-06-07 00:36:44,treatment,0
USR_15901,2026-06-07 00:37:34,treatment,0
USR_05623,2026-06-07 00:39:06,treatment,0
USR_14909,2026-06-07 00:39:39,control,0
USR_13376,2026-06-07 00:39:55,control,0
USR_00775,2026-06-07 00:40:23,treatment,0
USR_05566,2026-06-07 00:40:32,treatment,0
USR_09456,2026-06-07 00:40:40,treatment,0
USR_19913,2026-06-07 00:41:23,control,0
USR_06816,2026-06-07 00:41:27,treatment,0
USR_19599,2026-06-07 00:42:01,control,0
USR_06091,2026-06-07 00:43:01,treatment,0
USR_14887,2026-06-07 00:43:12,control,0
USR_04443,2026-06-07 00:44:45,treatment,0
USR_17816,2026-06-07 00:44:59,control,0
USR_19775,2026-06-07 00:46:17,control,0
USR_07152,2026-06-07 00:47:37,control,0
USR_07035,2026-06-07 00:47:50,treatment,0
USR_17950,2026-06-07 00:48:41,control,0
USR_16367,2026-06-07 00:49:05,treatment,0
USR_00194,2026-06-07 00:49:32,treatment,0
USR_17279,2026-06-07 00:49:47,treatment,1
USR_14824,2026-06-07 00:49:58,control,0
USR_10067,2026-06-07 00:51:01,control,0
USR_08901,2026-06-07 00:51:11,treatment,0
USR_01329,2026-06-07 00:51:16,treatment,0
USR_09598,2026-06-07 00:51:24,control,0
USR_07191,2026-06-07 00:51:43,treatment,0
USR_03204,2026-06-07 00:51:49,control,0
USR_04948,2026-06-07 00:52:29,treatment,0
USR_02802,2026-06-07 00:53:06,control,0
USR_14144,2026-06-07 00:53:43,control,0
USR_14938,2026-06-07 00:53:55,control,0
USR_09238,2026-06-07 00:54:04,control,0
USR_03582,2026-06-07 00:54:54,control,0
USR_10725,2026-06-07 00:55:26,control,0
USR_15697,2026-06-07 00:55:55,control,0
USR_04768,2026-06-07 00:56:24,treatment,0
USR_05832,2026-06-07 00:56:34,treatment,0
USR_07360,2026-06-07 00:59:23,control,0
USR_05696,2026-06-07 01:01:29,control,0
USR_00374,2026-06-07 01:01:39,control,0
USR_13108,2026-06-07 01:01:57,treatment,0
USR_16645,2026-06-07 01:02:40,treatment,0
USR_00922,2026-06-07 01:03:01,treatment,0
USR_03456,2026-06-07 01:05:16,control,0
USR_09588,2026-06-07 01:06:14,control,0
USR_12277,2026-06-07 01:06:59,control,0
USR_01019,2026-06-07 01:07:10,treatment,0
USR_11624,2026-06-07 01:08:24,treatment,0
USR_15381,2026-06-07 01:13:32,treatment,0
USR_18002,2026-06-07 01:13:59,control,0
USR_19790,2026-06-07 01:18:05,treatment,0
USR_16022,2026-06-07 01:18:11,treatment,0
USR_10570,2026-06-07 01:19:30,treatment,0
USR_08133,2026-06-07 01:20:30,control,0
USR_05196,2026-06-07 01:24:27,control,0
USR_12817,2026-06-07 01:24:31,control,0
USR_07896,2026-06-07 01:25:09,control,0
USR_13175,2026-06-07 01:25:38,treatment,0
USR_05466,2026-06-07 01:26:27,treatment,0
USR_11431,2026-06-07 01:26:41,control,0
USR_08420,2026-06-07 01:27:07,control,1
USR_14652,2026-06-07 01:27:42,control,0
USR_10185,2026-06-07 01:27:59,treatment,0
USR_05590,2026-06-07 01:29:44,treatment,0
USR_18732,2026-06-07 01:30:24,control,1
USR_04620,2026-06-07 01:30:41,control,0
USR_01274,2026-06-07 01:31:22,treatment,0
USR_03034,2026-06-07 01:32:08,treatment,0
USR_00012,2026-06-07 01:35:45,control,0
USR_07953,2026-06-07 01:36:37,treatment,0
USR_14066,2026-06-07 01:38:13,control,0
USR_07387,2026-06-07 01:38:27,treatment,0
USR_04367,2026-06-07 01:38:55,control,0
USR_00474,2026-06-07 01:39:20,treatment,0
USR_11955,2026-06-07 01:39:26,control,0
USR_03069,2026-06-07 01:39:30,control,0
USR_16599,2026-06-07 01:40:41,control,0
USR_13307,2026-06-07 01:41:37,control,0
USR_02479,2026-06-07 01:41:59,treatment,0
USR_11795,2026-06-07 01:42:37,treatment,0
USR_07091,2026-06-07 01:43:07,control,0
USR_11693,2026-06-07 01:43:33,treatment,0
USR_03548,2026-06-07 01:45:02,treatment,0
USR_05471,2026-06-07 01:45:06,control,0
USR_05459,2026-06-07 01:47:15,control,0
USR_10643,2026-06-07 01:47:21,control,0
USR_05019,2026-06-07 01:47:52,control,0
USR_16914,2026-06-07 01:48:13,treatment,0
USR_12300,2026-06-07 01:48:21,control,0
USR_15858,2026-06-07 01:48:31,treatment,0
USR_16927,2026-06-07 01:48:45,treatment,0
USR_13299,2026-06-07 01:50:35,control,0
USR_02353,2026-06-07 01:50:37,treatment,0
USR_19847,2026-06-07 01:50:38,treatment,0
USR_02724,2026-06-07 01:50:56,control,0
USR_15140,2026-06-07 01:52:55,treatment,0
USR_18474,2026-06-07 01:53:21,treatment,1
USR_00523,2026-06-07 01:54:06,treatment,0
USR_10843,2026-06-07 01:56:02,control,0
USR_11338,2026-06-07 01:57:26,control,0
USR_09427,2026-06-07 01:57:31,control,0
USR_18029,2026-06-07 01:58:17,treatment,0
USR_18703,2026-06-07 01:59:16,control,0
USR_11504,2026-06-07 01:59:28,treatment,0
USR_13117,2026-06-07 02:00:53,control,0
USR_00290,2026-06-07 02:01:04,treatment,0
USR_06611,2026-06-07 02:02:00,control,0
USR_17581,2026-06-07 02:02:52,treatment,0
USR_17809,2026-06-07 02:03:53,control,0
USR_15190,2026-06-07 02:05:24,control,0
USR_02508,2026-06-07 02:09:32,control,0
USR_16556,2026-06-07 02:10:08,control,0
USR_11593,2026-06-07 02:11:40,control,0
USR_08609,2026-06-07 02:11:41,treatment,0
USR_13475,2026-06-07 02:12:38,control,0
USR_14885,2026-06-07 02:13:36,control,0
USR_10636,2026-06-07 02:14:39,treatment,0
USR_07090,2026-06-07 02:14:58,treatment,0
USR_11292,2026-06-07 02:15:25,treatment,0
USR_08712,2026-06-07 02:15:49,control,0
USR_08202,2026-06-07 02:17:45,treatment,0
USR_13502,2026-06-07 02:19:09,control,0
USR_01007,2026-06-07 02:19:57,control,0
USR_08621,2026-06-07 02:21:28,control,0
USR_19518,2026-06-07 02:22:23,control,0
USR_00649,2026-06-07 02:22:31,control,0
USR_06276,2026-06-07 02:23:36,control,0
USR_15144,2026-06-07 02:23:59,control,0
USR_10010,2026-06-07 02:27:30,treatment,0
USR_01430,2026-06-07 02:30:26,treatment,0
USR_10490,2026-06-07 02:31:24,control,0
USR_16226,2026-06-07 02:31:45,treatment,1
USR_03558,2026-06-07 02:34:39,control,0
USR_05659,2026-06-07 02:36:29,treatment,0
USR_09609,2026-06-07 02:39:54,treatment,0
USR_06544,2026-06-07 02:40:59,control,0
USR_04790,2026-06-07 02:42:02,treatment,0
USR_12605,2026-06-07 02:42:52,control,0
USR_09283,2026-06-07 02:43:08,control,1
USR_09139,2026-06-07 02:44:33,treatment,1
USR_08827,2026-06-07 02:45:24,treatment,0
USR_09481,2026-06-07 02:45:35,control,0
USR_18441,2026-06-07 02:47:08,control,0
USR_04779,2026-06-07 02:47:31,treatment,0
USR_02964,2026-06-07 02:49:05,control,0
USR_18587,2026-06-07 02:49:26,treatment,0
USR_08993,2026-06-07 02:51:18,treatment,0
USR_15807,2026-06-07 02:51:34,control,0
USR_16091,2026-06-07 02:51:54,treatment,0
USR_02614,2026-06-07 02:52:52,treatment,0
USR_09465,2026-06-07 02:52:57,control,0
USR_00490,2026-06-07 02:54:01,treatment,0
USR_13991,2026-06-07 02:54:09,treatment,0
USR_13539,2026-06-07 02:54:09,control,0
USR_10681,2026-06-07 02:54:44,control,1
USR_11528,2026-06-07 02:55:05,control,0
USR_15061,2026-06-07 02:55:15,control,0
USR_19734,2026-06-07 02:56:15,control,0
USR_03797,2026-06-07 02:56:36,treatment,0
USR_15974,2026-06-07 02:57:14,treatment,0
USR_17086,2026-06-07 02:57:23,treatment,0
USR_17241,2026-06-07 02:58:29,control,0
USR_19421,2026-06-07 03:01:42,treatment,0
USR_11185,2026-06-07 03:01:57,treatment,0
USR_07481,2026-06-07 03:02:01,control,0
USR_19635,2026-06-07 03:02:30,control,0
USR_13905,2026-06-07 03:02:48,treatment,0
USR_04250,2026-06-07 03:03:34,control,0
USR_00622,2026-06-07 03:03:47,control,0
USR_19302,2026-06-07 03:05:23,control,0
USR_04251,2026-06-07 03:06:32,control,0
USR_09747,2026-06-07 03:07:02,treatment,0
USR_12112,2026-06-07 03:07:18,treatment,0
USR_10920,2026-06-07 03:08:31,control,0
USR_12156,2026-06-07 03:09:52,treatment,0
USR_00766,2026-06-07 03:10:08,control,0
USR_11764,2026-06-07 03:10:11,control,0
USR_03027,2026-06-07 03:10:18,treatment,0
USR_00254,2026-06-07 03:10:41,treatment,0
USR_17219,2026-06-07 03:11:00,treatment,1
USR_15457,2026-06-07 03:12:24,control,0
USR_06939,2026-06-07 03:13:41,treatment,1
USR_14192,2026-06-07 03:13:59,treatment,0
USR_06274,2026-06-07 03:14:13,control,0
USR_04921,2026-06-07 03:15:18,control,0
USR_17080,2026-06-07 03:18:51,treatment,0
USR_07643,2026-06-07 03:19:37,control,0
USR_08731,2026-06-07 03:19:51,treatment,0
USR_09021,2026-06-07 03:20:46,treatment,0
USR_13211,2026-06-07 03:21:07,treatment,0
USR_07048,2026-06-07 03:21:43,treatment,0
USR_04543,2026-06-07 03:23:16,treatment,0
USR_18558,2026-06-07 03:24:29,control,0
USR_19830,2026-06-07 03:25:16,control,0
USR_07435,2026-06-07 03:27:42,control,0
USR_01649,2026-06-07 03:27:59,control,0
USR_08085,2026-06-07 03:28:13,control,0
USR_03971,2026-06-07 03:28:55,control,0
USR_09228,2026-06-07 03:31:05,control,0
USR_09326,2026-06-07 03:32:32,treatment,0
USR_18801,2026-06-07 03:33:00,treatment,0
USR_10772,2026-06-07 03:34:30,control,0
USR_04286,2026-06-07 03:35:18,control,0
USR_06242,2026-06-07 03:36:13,treatment,0
USR_13692,2026-06-07 03:36:26,treatment,0
USR_07019,2026-06-07 03:37:25,control,0
USR_03731,2026-06-07 03:37:44,control,0
USR_00105,2026-06-07 03:37:52,control,0
USR_11406,2026-06-07 03:38:53,control,0
USR_05036,2026-06-07 03:39:56,control,0
USR_14342,2026-06-07 03:40:45,control,0
USR_13883,2026-06-07 03:40:52,treatment,0
USR_12154,2026-06-07 03:41:36,treatment,0
USR_05578,2026-06-07 03:41:52,control,0
USR_09586,2026-06-07 03:43:50,treatment,0
USR_05180,2026-06-07 03:44:08,control,0
USR_14324,2026-06-07 03:44:37,control,0
USR_14291,2026-06-07 03:44:59,control,0
USR_03172,2026-06-07 03:46:52,control,0
USR_12641,2026-06-07 03:46:59,control,0
USR_09998,2026-06-07 03:47:41,control,0
USR_16194,2026-06-07 03:48:25,control,0
USR_10592,2026-06-07 03:50:19,control,0
USR_02305,2026-06-07 03:50:24,control,0
USR_05253,2026-06-07 03:51:24,control,0
USR_12125,2026-06-07 03:52:29,treatment,0
USR_06301,2026-06-07 03:53:54,treatment,0
USR_17970,2026-06-07 03:55:05,treatment,0
USR_17747,2026-06-07 03:56:35,treatment,0
USR_16130,2026-06-07 03:57:25,treatment,0
USR_17628,2026-06-07 03:57:45,control,0
USR_03661,2026-06-07 03:58:16,control,0
USR_03488,2026-06-07 03:58:58,control,0
USR_08067,2026-06-07 03:59:03,treatment,0
USR_16408,2026-06-07 03:59:23,control,0
USR_01355,2026-06-07 04:03:34,treatment,0
USR_01559,2026-06-07 04:04:49,treatment,0
USR_04878,2026-06-07 04:07:12,control,0
USR_17894,2026-06-07 04:07:15,control,0
USR_02930,2026-06-07 04:07:45,control,0
USR_15299,2026-06-07 04:07:52,control,0
USR_04193,2026-06-07 04:08:06,control,0
USR_13444,2026-06-07 04:09:33,treatment,0
USR_04127,2026-06-07 04:10:33,control,0
USR_10651,2026-06-07 04:10:35,control,0
USR_17454,2026-06-07 04:11:01,control,0
USR_11433,2026-06-07 04:12:18,control,0
USR_01693,2026-06-07 04:12:19,control,0
USR_18283,2026-06-07 04:12:47,treatment,0
USR_07106,2026-06-07 04:14:10,treatment,0
USR_13913,2026-06-07 04:14:46,control,0
USR_05994,2026-06-07 04:15:01,control,0
USR_07925,2026-06-07 04:16:47,treatment,0
USR_05611,2026-06-07 04:17:05,control,0
USR_13360,2026-06-07 04:18:41,treatment,0
USR_06429,2026-06-07 04:18:50,control,0
USR_03596,2026-06-07 04:19:10,treatment,0
USR_09824,2026-06-07 04:19:34,treatment,0
USR_16519,2026-06-07 04:21:21,treatment,0
USR_07168,2026-06-07 04:22:29,treatment,0
USR_17954,2026-06-07 04:22:35,control,0
USR_10008,2026-06-07 04:23:07,control,0
USR_19203,2026-06-07 04:23:41,treatment,0
USR_19151,2026-06-07 04:23:57,control,0
USR_17082,2026-06-07 04:24:30,control,0
USR_04914,2026-06-07 04:24:55,control,0
USR_00571,2026-06-07 04:26:18,control,0
USR_10680,2026-06-07 04:26:53,control,0
USR_00240,2026-06-07 04:27:03,control,0
USR_10506,2026-06-07 04:27:34,treatment,0
USR_03278,2026-06-07 04:29:15,control,0
USR_11053,2026-06-07 04:32:14,treatment,0
USR_08023,2026-06-07 04:33:02,control,0
USR_01052,2026-06-07 04:33:30,control,0
USR_10104,2026-06-07 04:33:39,treatment,0
USR_04604,2026-06-07 04:34:16,treatment,0
USR_14847,2026-06-07 04:35:22,treatment,0
USR_03466,2026-06-07 04:36:15,control,0
USR_09449,2026-06-07 04:36:15,control,0
USR_11677,2026-06-07 04:36:23,control,0
USR_19022,2026-06-07 04:38:15,treatment,0
USR_01925,2026-06-07 04:40:07,treatment,0
USR_05007,2026-06-07 04:40:09,treatment,0
USR_13427,2026-06-07 04:40:25,control,0
USR_02611,2026-06-07 04:41:44,treatment,0
USR_04680,2026-06-07 04:41:46,control,0
USR_16267,2026-06-07 04:41:48,control,0
USR_02891,2026-06-07 04:43:43,control,0
USR_02692,2026-06-07 04:45:49,control,0
USR_05537,2026-06-07 04:47:59,control,0
USR_15635,2026-06-07 04:47:59,control,0
USR_06471,2026-06-07 04:48:06,control,0
USR_16882,2026-06-07 04:48:11,treatment,0
USR_09930,2026-06-07 04:50:08,control,0
USR_08700,2026-06-07 04:51:22,treatment,0
USR_06550,2026-06-07 04:51:30,control,0
USR_06927,2026-06-07 04:51:31,control,0
USR_19995,2026-06-07 04:52:44,treatment,0
USR_02658,2026-06-07 04:53:16,treatment,0
USR_05015,2026-06-07 04:53:42,treatment,0
USR_10063,2026-06-07 04:53:44,control,0
USR_10873,2026-06-07 04:54:00,treatment,1
USR_03668,2026-06-07 04:54:41,treatment,0
USR_03868,2026-06-07 04:55:14,treatment,0
USR_05996,2026-06-07 04:56:28,control,0
USR_03439,2026-06-07 04:56:33,control,0
USR_17054,2026-06-07 04:58:42,control,0
USR_14263,2026-06-07 04:58:45,treatment,0
USR_03137,2026-06-07 05:01:26,control,0
USR_00398,2026-06-07 05:01:35,control,0
USR_17379,2026-06-07 05:03:31,treatment,0
USR_13602,2026-06-07 05:04:52,treatment,0
USR_14587,2026-06-07 05:05:56,control,0
USR_17821,2026-06-07 05:08:20,control,0
USR_03474,2026-06-07 05:11:29,treatment,0
USR_02527,2026-06-07 05:11:40,treatment,0
USR_13791,2026-06-07 05:13:02,treatment,0
USR_05388,2026-06-07 05:13:08,treatment,0
USR_15009,2026-06-07 05:14:19,control,0
USR_03300,2026-06-07 05:15:34,control,0
USR_19561,2026-06-07 05:15:44,control,0
USR_17362,2026-06-07 05:16:02,control,0
USR_11329,2026-06-07 05:17:37,control,0
USR_01569,2026-06-07 05:19:43,control,0
USR_03454,2026-06-07 05:20:57,control,0
USR_09553,2026-06-07 05:24:01,treatment,0
USR_12705,2026-06-07 05:24:03,control,0
USR_03276,2026-06-07 05:24:06,control,0
USR_12084,2026-06-07 05:24:22,control,0
USR_04580,2026-06-07 05:25:48,control,0
USR_06160,2026-06-07 05:28:38,control,0
USR_06234,2026-06-07 05:29:17,control,0
USR_02501,2026-06-07 05:29:17,treatment,0
USR_00513,2026-06-07 05:29:41,control,0
USR_04031,2026-06-07 05:29:43,treatment,1
USR_08065,2026-06-07 05:29:54,treatment,0
USR_02050,2026-06-07 05:31:17,control,0
USR_02352,2026-06-07 05:31:36,control,0
USR_09166,2026-06-07 05:33:51,control,0
USR_18909,2026-06-07 05:33:53,treatment,0
USR_04961,2026-06-07 05:34:11,control,0
USR_18511,2026-06-07 05:34:56,treatment,1
USR_14272,2026-06-07 05:35:51,control,0
USR_06705,2026-06-07 05:36:17,treatment,0
USR_08364,2026-06-07 05:37:18,control,0
USR_05107,2026-06-07 05:37:31,treatment,1
USR_03557,2026-06-07 05:39:12,control,0
USR_07783,2026-06-07 05:42:21,treatment,0
USR_09446,2026-06-07 05:43:22,control,0
USR_12909,2026-06-07 05:43:28,control,0
USR_11449,2026-06-07 05:43:54,control,0
USR_03009,2026-06-07 05:44:16,treatment,0
USR_09802,2026-06-07 05:44:37,control,0
USR_17385,2026-06-07 05:49:16,control,0
USR_19493,2026-06-07 05:50:38,treatment,0
USR_12732,2026-06-07 05:50:56,treatment,0
USR_18168,2026-06-07 05:51:08,control,0
USR_05035,2026-06-07 05:53:17,control,0
USR_15884,2026-06-07 05:53:34,treatment,0
USR_07914,2026-06-07 05:54:54,treatment,0
USR_04619,2026-06-07 05:56:07,treatment,0
USR_09233,2026-06-07 05:56:13,control,0
USR_19011,2026-06-07 05:56:33,control,0
USR_09502,2026-06-07 05:58:39,control,0
USR_02509,2026-06-07 06:00:55,treatment,0
USR_08419,2026-06-07 06:01:34,treatment,0
USR_06612,2026-06-07 06:02:16,treatment,0
USR_12843,2026-06-07 06:02:54,treatment,0
USR_07889,2026-06-07 06:03:56,treatment,0
USR_11135,2026-06-07 06:04:48,control,0
USR_05163,2026-06-07 06:07:19,control,0
USR_12991,2026-06-07 06:08:46,control,0
USR_08096,2026-06-07 06:10:09,treatment,0
USR_15516,2026-06-07 06:11:27,treatment,0
USR_08525,2026-06-07 06:11:44,control,0
USR_15486,2026-06-07 06:13:52,control,0
USR_10553,2026-06-07 06:14:36,control,0
USR_07998,2026-06-07 06:15:09,treatment,0
USR_11577,2026-06-07 06:16:02,treatment,0
USR_18617,2026-06-07 06:16:07,treatment,0
USR_10188,2026-06-07 06:16:21,control,0
USR_10974,2026-06-07 06:17:02,control,0
USR_17096,2026-06-07 06:17:45,treatment,0
USR_01269,2026-06-07 06:18:12,treatment,1
USR_11533,2026-06-07 06:18:14,treatment,0
USR_10552,2026-06-07 06:19:15,control,0
USR_02854,2026-06-07 06:20:52,treatment,0
USR_18028,2026-06-07 06:21:41,control,0
USR_03834,2026-06-07 06:21:44,control,0
USR_13437,2026-06-07 06:22:40,control,0
USR_07348,2026-06-07 06:24:07,treatment,0
USR_18392,2026-06-07 06:24:23,control,1
USR_08418,2026-06-07 06:24:59,control,0
USR_02498,2026-06-07 06:27:26,treatment,0
USR_05778,2026-06-07 06:29:55,control,0
USR_04059,2026-06-07 06:34:01,control,0
USR_19263,2026-06-07 06:35:18,treatment,0
USR_12501,2026-06-07 06:35:39,control,0
USR_08675,2026-06-07 06:37:53,treatment,0
USR_19423,2026-06-07 06:38:42,treatment,0
USR_19674,2026-06-07 06:39:07,control,0
USR_11358,2026-06-07 06:40:18,treatment,0
USR_02289,2026-06-07 06:40:25,treatment,0
USR_08594,2026-06-07 06:40:49,control,0
USR_04645,2026-06-07 06:41:09,control,0
USR_06804,2026-06-07 06:41:30,control,0
USR_11012,2026-06-07 06:42:06,control,1
USR_00720,2026-06-07 06:42:35,treatment,0
USR_03927,2026-06-07 06:43:17,treatment,0
USR_07693,2026-06-07 06:44:10,control,0
USR_10477,2026-06-07 06:44:20,control,0
USR_18005,2026-06-07 06:45:55,control,0
USR_05702,2026-06-07 06:46:09,treatment,0
USR_19394,2026-06-07 06:47:37,treatment,0
USR_11750,2026-06-07 06:48:24,control,0
USR_12191,2026-06-07 06:49:21,control,0
USR_19954,2026-06-07 06:49:58,control,0
USR_05153,2026-06-07 06:51:37,control,0
USR_14096,2026-06-07 06:52:31,control,0
USR_11927,2026-06-07 06:52:36,control,1
USR_11272,2026-06-07 06:53:00,treatment,0
USR_04333,2026-06-07 06:53:48,treatment,0
USR_19015,2026-06-07 06:55:00,control,0
USR_15173,2026-06-07 06:56:24,treatment,0
USR_13805,2026-06-07 06:56:33,treatment,0
USR_15348,2026-06-07 06:57:56,control,0
USR_16389,2026-06-07 06:58:46,treatment,0
USR_15985,2026-06-07 06:59:07,control,0
USR_11052,2026-06-07 06:59:47,treatment,0
USR_01055,2026-06-07 06:59:59,control,0
USR_08173,2026-06-07 07:00:23,treatment,0
USR_00757,2026-06-07 07:00:31,control,0
USR_03184,2026-06-07 07:01:19,treatment,0
USR_16796,2026-06-07 07:01:27,treatment,0
USR_07113,2026-06-07 07:02:01,control,0
USR_16961,2026-06-07 07:02:28,treatment,0
USR_02796,2026-06-07 07:03:43,treatment,0
USR_14642,2026-06-07 07:05:29,control,0
USR_08704,2026-06-07 07:06:06,control,0
USR_18205,2026-06-07 07:07:12,control,0
USR_08819,2026-06-07 07:07:18,control,0
USR_16370,2026-06-07 07:08:22,treatment,0
USR_10526,2026-06-07 07:10:17,treatment,0
USR_09636,2026-06-07 07:10:47,treatment,0
USR_13030,2026-06-07 07:10:48,treatment,0
USR_07859,2026-06-07 07:10:53,treatment,1
USR_14261,2026-06-07 07:11:33,treatment,0
USR_14967,2026-06-07 07:11:58,treatment,0
USR_05108,2026-06-07 07:14:34,treatment,0
USR_18280,2026-06-07 07:15:30,control,0
USR_14210,2026-06-07 07:15:35,control,0
USR_07103,2026-06-07 07:16:57,treatment,0
USR_19706,2026-06-07 07:17:22,treatment,0
USR_07861,2026-06-07 07:17:34,treatment,0
USR_11675,2026-06-07 07:17:45,control,0
USR_16858,2026-06-07 07:18:01,treatment,0
USR_10112,2026-06-07 07:18:18,control,0
USR_12778,2026-06-07 07:18:29,treatment,0
USR_10776,2026-06-07 07:20:05,treatment,0
USR_17180,2026-06-07 07:22:17,treatment,0
USR_04894,2026-06-07 07:23:17,control,0
USR_15679,2026-06-07 07:24:02,treatment,0
USR_14739,2026-06-07 07:25:17,control,0
USR_09650,2026-06-07 07:27:25,treatment,0
USR_15240,2026-06-07 07:27:35,treatment,0
USR_03415,2026-06-07 07:28:07,control,0
USR_15571,2026-06-07 07:29:16,treatment,0
USR_00981,2026-06-07 07:30:23,control,0
USR_03545,2026-06-07 07:30:27,treatment,0
USR_08640,2026-06-07 07:31:55,control,0
USR_03495,2026-06-07 07:35:08,treatment,0
USR_19392,2026-06-07 07:35:14,control,0
USR_13207,2026-06-07 07:35:48,treatment,0
USR_00104,2026-06-07 07:37:02,treatment,0
USR_04305,2026-06-07 07:37:09,treatment,0
USR_18716,2026-06-07 07:38:18,treatment,0
USR_02768,2026-06-07 07:40:35,control,0
USR_13449,2026-06-07 07:40:38,treatment,0
USR_08875,2026-06-07 07:40:38,treatment,0
USR_13509,2026-06-07 07:41:01,control,0
USR_07572,2026-06-07 07:41:05,control,0
USR_02327,2026-06-07 07:42:01,control,0
USR_16763,2026-06-07 07:43:55,treatment,0
USR_08207,2026-06-07 07:44:47,control,0
USR_07044,2026-06-07 07:44:55,treatment,0
USR_18788,2026-06-07 07:45:02,control,0
USR_19498,2026-06-07 07:47:05,control,0
USR_06068,2026-06-07 07:50:22,treatment,0
USR_05741,2026-06-07 07:50:56,control,0
USR_16308,2026-06-07 07:51:46,control,0
USR_18401,2026-06-07 07:51:47,control,0
USR_14893,2026-06-07 07:51:51,control,0
USR_11190,2026-06-07 07:53:18,control,0
USR_09710,2026-06-07 07:53:36,treatment,0
USR_14057,2026-06-07 07:55:12,treatment,0
USR_18358,2026-06-07 07:56:29,control,0
USR_15636,2026-06-07 07:57:23,treatment,0
USR_15888,2026-06-07 07:57:23,treatment,0
USR_11428,2026-06-07 07:58:22,control,0
USR_16515,2026-06-07 07:59:03,treatment,0
USR_19748,2026-06-07 08:00:42,control,1
USR_14309,2026-06-07 08:01:07,control,0
USR_13369,2026-06-07 08:03:43,treatment,0
USR_00302,2026-06-07 08:04:33,control,0
USR_19869,2026-06-07 08:04:42,treatment,0
USR_02369,2026-06-07 08:04:44,control,0
USR_01276,2026-06-07 08:04:47,control,0
USR_16125,2026-06-07 08:05:51,control,0
USR_14300,2026-06-07 08:10:07,control,0
USR_02766,2026-06-07 08:14:55,treatment,0
USR_11891,2026-06-07 08:18:27,treatment,0
USR_18082,2026-06-07 08:18:49,treatment,0
USR_14423,2026-06-07 08:19:41,treatment,0
USR_10868,2026-06-07 08:20:09,treatment,0
USR_14549,2026-06-07 08:21:28,treatment,0
USR_12094,2026-06-07 08:22:10,control,0
USR_14233,2026-06-07 08:22:52,treatment,0
USR_03052,2026-06-07 08:24:06,treatment,0
USR_08076,2026-06-07 08:26:07,control,0
USR_12948,2026-06-07 08:26:19,treatment,0
USR_14002,2026-06-07 08:26:45,treatment,0
USR_08627,2026-06-07 08:26:53,control,0
USR_15003,2026-06-07 08:26:55,control,0
USR_02423,2026-06-07 08:28:31,treatment,0
USR_10853,2026-06-07 08:32:39,control,0
USR_17633,2026-06-07 08:32:47,treatment,0
USR_00282,2026-06-07 08:33:48,control,0
USR_05256,2026-06-07 08:33:48,treatment,0
USR_06609,2026-06-07 08:33:50,control,0
USR_16192,2026-06-07 08:34:32,treatment,0
USR_19657,2026-06-07 08:35:50,control,0
USR_07332,2026-06-07 08:38:17,control,0
USR_06483,2026-06-07 08:39:24,control,0
USR_12609,2026-06-07 08:39:52,treatment,0
USR_15286,2026-06-07 08:40:10,control,0
USR_10813,2026-06-07 08:40:16,control,0
USR_04295,2026-06-07 08:40:51,treatment,0
USR_01287,2026-06-07 08:41:41,treatment,0
USR_07458,2026-06-07 08:43:33,treatment,0
USR_09831,2026-06-07 08:45:55,control,0
USR_10731,2026-06-07 08:46:27,control,0
USR_05060,2026-06-07 08:47:40,treatment,0
USR_01045,2026-06-07 08:48:34,treatment,0
USR_01698,2026-06-07 08:49:45,control,0
USR_00205,2026-06-07 08:50:12,treatment,0
USR_02686,2026-06-07 08:51:03,treatment,0
USR_19006,2026-06-07 08:51:37,treatment,0
USR_13070,2026-06-07 08:54:24,control,0
USR_00883,2026-06-07 08:57:16,treatment,0
USR_07142,2026-06-07 08:58:00,control,0
USR_04459,2026-06-07 08:58:10,control,0
USR_02221,2026-06-07 08:58:26,treatment,0
USR_02473,2026-06-07 08:58:48,control,0
USR_11979,2026-06-07 08:59:03,control,0
USR_06814,2026-06-07 08:59:05,control,0
USR_06493,2026-06-07 08:59:47,control,0
USR_02512,2026-06-07 09:01:23,treatment,0
USR_16505,2026-06-07 09:04:30,control,0
USR_02462,2026-06-07 09:06:03,control,0
USR_01964,2026-06-07 09:07:33,control,0
USR_16202,2026-06-07 09:07:33,treatment,0
USR_07696,2026-06-07 09:09:12,treatment,0
USR_08058,2026-06-07 09:13:48,control,1
USR_09867,2026-06-07 09:14:40,treatment,0
USR_07883,2026-06-07 09:14:44,treatment,0
USR_16312,2026-06-07 09:15:07,control,0
USR_05631,2026-06-07 09:15:56,control,1
USR_04327,2026-06-07 09:17:46,control,0
USR_14178,2026-06-07 09:17:46,control,0
USR_16355,2026-06-07 09:18:25,treatment,0
USR_11893,2026-06-07 09:18:26,treatment,0
USR_03977,2026-06-07 09:18:48,treatment,0
USR_16952,2026-06-07 09:20:24,treatment,0
USR_15229,2026-06-07 09:22:17,control,0
USR_09529,2026-06-07 09:22:45,treatment,0
USR_17705,2026-06-07 09:24:15,treatment,0
USR_06973,2026-06-07 09:25:02,control,0
USR_05417,2026-06-07 09:25:50,treatment,0
USR_16422,2026-06-07 09:28:56,control,0
USR_11169,2026-06-07 09:30:44,treatment,0
USR_16390,2026-06-07 09:32:46,control,0
USR_13256,2026-06-07 09:33:01,treatment,0
USR_15316,2026-06-07 09:33:27,treatment,0
USR_15727,2026-06-07 09:35:14,control,0
USR_18588,2026-06-07 09:35:57,treatment,0
USR_06040,2026-06-07 09:36:24,control,0
USR_08913,2026-06-07 09:39:06,treatment,0
USR_01702,2026-06-07 09:39:45,treatment,0
USR_13071,2026-06-07 09:39:47,control,0
USR_02832,2026-06-07 09:40:27,treatment,0
USR_13374,2026-06-07 09:40:28,control,0
USR_15412,2026-06-07 09:41:03,treatment,0
USR_15735,2026-06-07 09:42:49,treatment,0
USR_08856,2026-06-07 09:43:26,treatment,0
USR_19078,2026-06-07 09:43:48,control,0
USR_17682,2026-06-07 09:43:56,treatment,0
USR_11259,2026-06-07 09:45:16,treatment,0
USR_12232,2026-06-07 09:45:20,control,1
USR_05348,2026-06-07 09:45:45,treatment,0
USR_11591,2026-06-07 09:46:15,control,0
USR_11599,2026-06-07 09:46:47,treatment,0
USR_15942,2026-06-07 09:47:13,treatment,0
USR_00800,2026-06-07 09:48:51,treatment,0
USR_00210,2026-06-07 09:49:04,treatment,0
USR_03240,2026-06-07 09:50:15,control,0
USR_13531,2026-06-07 09:51:22,treatment,0
USR_15044,2026-06-07 09:52:44,control,0
USR_16590,2026-06-07 09:53:06,treatment,0
USR_04844,2026-06-07 09:54:39,treatment,0
USR_15362,2026-06-07 09:55:44,treatment,0
USR_07193,2026-06-07 09:57:08,control,0
USR_07032,2026-06-07 09:57:48,control,0
USR_12040,2026-06-07 09:59:28,treatment,0
USR_13796,2026-06-07 10:00:40,treatment,0
USR_08181,2026-06-07 10:01:10,treatment,0
USR_02591,2026-06-07 10:01:42,treatment,0
USR_14605,2026-06-07 10:02:47,control,0
USR_18622,2026-06-07 10:05:00,control,0
USR_00192,2026-06-07 10:07:26,control,0
USR_17703,2026-06-07 10:08:15,control,0
USR_05879,2026-06-07 10:08:57,treatment,1
USR_19726,2026-06-07 10:09:14,treatment,0
USR_19664,2026-06-07 10:09:15,control,0
USR_17742,2026-06-07 10:10:02,treatment,1
USR_03402,2026-06-07 10:10:49,control,0
USR_07064,2026-06-07 10:10:55,control,0
USR_01913,2026-06-07 10:11:00,control,0
USR_10364,2026-06-07 10:12:33,control,0
USR_03123,2026-06-07 10:14:12,control,0
USR_05869,2026-06-07 10:15:51,treatment,0
USR_12652,2026-06-07 10:16:20,treatment,1
USR_18667,2026-06-07 10:20:15,treatment,0
USR_19283,2026-06-07 10:20:34,control,0
USR_10790,2026-06-07 10:22:56,control,0
USR_00043,2026-06-07 10:23:53,control,0
USR_08497,2026-06-07 10:25:24,control,0
USR_00425,2026-06-07 10:26:27,treatment,0
USR_12351,2026-06-07 10:26:37,control,0
USR_00406,2026-06-07 10:27:53,control,0
USR_07188,2026-06-07 10:28:11,control,0
USR_01425,2026-06-07 10:28:37,control,1
USR_04154,2026-06-07 10:32:42,treatment,0
USR_15986,2026-06-07 10:33:12,control,0
USR_10335,2026-06-07 10:35:23,treatment,0
USR_15202,2026-06-07 10:37:12,treatment,0
USR_10302,2026-06-07 10:38:40,treatment,0
USR_11101,2026-06-07 10:42:36,treatment,0
USR_04697,2026-06-07 10:43:45,treatment,0
USR_11251,2026-06-07 10:44:59,control,0
USR_03856,2026-06-07 10:45:11,control,0
USR_19439,2026-06-07 10:45:48,control,0
USR_11858,2026-06-07 10:46:43,treatment,1
USR_02877,2026-06-07 10:47:51,control,0
USR_10696,2026-06-07 10:48:57,treatment,1
USR_12087,2026-06-07 10:49:44,treatment,0
USR_09380,2026-06-07 10:50:24,treatment,0
USR_08565,2026-06-07 10:53:20,control,0
USR_08753,2026-06-07 10:53:21,treatment,0
USR_14525,2026-06-07 10:53:38,control,0
USR_15478,2026-06-07 10:55:21,control,0
USR_00849,2026-06-07 10:59:08,treatment,1
USR_17659,2026-06-07 10:59:14,treatment,0
USR_07930,2026-06-07 11:01:01,treatment,0
USR_10488,2026-06-07 11:01:03,treatment,0
USR_12954,2026-06-07 11:01:22,treatment,0
USR_13252,2026-06-07 11:07:41,control,0
USR_11972,2026-06-07 11:08:37,treatment,0
USR_08001,2026-06-07 11:11:16,treatment,0
USR_17853,2026-06-07 11:14:36,treatment,0
USR_10628,2026-06-07 11:15:00,control,0
USR_13183,2026-06-07 11:15:18,control,0
USR_09925,2026-06-07 11:16:01,control,0
USR_18824,2026-06-07 11:16:21,treatment,0
USR_05283,2026-06-07 11:16:21,control,0
USR_03462,2026-06-07 11:16:54,control,0
USR_03422,2026-06-07 11:17:08,treatment,0
USR_11437,2026-06-07 11:17:31,control,0
USR_10303,2026-06-07 11:19:05,treatment,0
USR_11640,2026-06-07 11:20:00,treatment,0
USR_04278,2026-06-07 11:20:25,treatment,0
USR_02730,2026-06-07 11:20:28,control,0
USR_12546,2026-06-07 11:24:13,control,0
USR_07139,2026-06-07 11:24:31,treatment,0
USR_07290,2026-06-07 11:24:58,control,0
USR_17470,2026-06-07 11:27:30,treatment,0
USR_08697,2026-06-07 11:27:39,treatment,0
USR_05389,2026-06-07 11:30:11,control,0
USR_14530,2026-06-07 11:30:28,treatment,0
USR_18686,2026-06-07 11:31:01,treatment,0
USR_05656,2026-06-07 11:34:31,treatment,0
USR_07867,2026-06-07 11:34:39,treatment,0
USR_14197,2026-06-07 11:38:03,control,0
USR_11536,2026-06-07 11:38:10,control,0
USR_18621,2026-06-07 11:38:40,treatment,0
USR_19293,2026-06-07 11:39:02,control,0
USR_09542,2026-06-07 11:39:54,treatment,0
USR_17461,2026-06-07 11:40:07,control,1
USR_06787,2026-06-07 11:41:22,treatment,0
USR_05904,2026-06-07 11:42:01,treatment,0
USR_12392,2026-06-07 11:42:52,treatment,0
USR_19440,2026-06-07 11:44:24,treatment,0
USR_09202,2026-06-07 11:44:28,treatment,0
USR_08905,2026-06-07 11:47:01,control,0
USR_05266,2026-06-07 11:47:12,treatment,1
USR_18219,2026-06-07 11:51:05,control,0
USR_19395,2026-06-07 11:51:11,treatment,0
USR_07038,2026-06-07 11:53:07,control,0
USR_09715,2026-06-07 11:53:10,control,0
USR_06370,2026-06-07 11:53:49,treatment,0
USR_05277,2026-06-07 11:54:32,control,0
USR_07672,2026-06-07 11:55:02,treatment,0
USR_06478,2026-06-07 11:55:57,control,0
USR_10220,2026-06-07 11:56:26,treatment,0
USR_05103,2026-06-07 11:57:33,control,0
USR_16238,2026-06-07 11:58:46,treatment,0
USR_19576,2026-06-07 11:59:02,treatment,0
USR_06760,2026-06-07 11:59:09,control,0
USR_02737,2026-06-07 12:02:51,treatment,0
USR_19349,2026-06-07 12:03:03,control,0
USR_07940,2026-06-07 12:03:47,treatment,0
USR_03463,2026-06-07 12:05:54,control,0
USR_04223,2026-06-07 12:06:55,control,0
USR_13794,2026-06-07 12:08:28,control,0
USR_04646,2026-06-07 12:09:24,control,0
USR_16632,2026-06-07 12:09:27,control,0
USR_08238,2026-06-07 12:16:02,control,0
USR_08029,2026-06-07 12:16:30,control,0
USR_09256,2026-06-07 12:16:32,control,0
USR_05480,2026-06-07 12:18:02,treatment,0
USR_17403,2026-06-07 12:18:05,control,0
USR_01257,2026-06-07 12:18:56,treatment,1
USR_03289,2026-06-07 12:19:05,control,0
USR_19578,2026-06-07 12:19:09,treatment,0
USR_05383,2026-06-07 12:21:05,control,1
USR_19836,2026-06-07 12:21:13,control,0
USR_05092,2026-06-07 12:22:07,treatment,0
USR_13643,2026-06-07 12:23:32,treatment,0
USR_17386,2026-06-07 12:23:47,treatment,0
USR_08603,2026-06-07 12:25:12,control,0
USR_03916,2026-06-07 12:26:27,control,0
USR_07707,2026-06-07 12:26:48,control,0
USR_04339,2026-06-07 12:27:01,treatment,0
USR_12066,2026-06-07 12:27:05,control,0
USR_18921,2026-06-07 12:28:00,treatment,0
USR_12389,2026-06-07 12:28:42,control,0
USR_05318,2026-06-07 12:30:16,treatment,0
USR_01610,2026-06-07 12:32:36,control,0
USR_00665,2026-06-07 12:33:46,control,0
USR_08160,2026-06-07 12:33:50,control,0
USR_12199,2026-06-07 12:34:27,control,1
USR_03757,2026-06-07 12:35:03,treatment,0
USR_16947,2026-06-07 12:35:55,control,0
USR_07597,2026-06-07 12:36:26,control,0
USR_05682,2026-06-07 12:36:40,control,0
USR_07052,2026-06-07 12:38:14,treatment,0
USR_08516,2026-06-07 12:40:12,treatment,0
USR_07389,2026-06-07 12:40:23,control,0
USR_12273,2026-06-07 12:40:52,control,0
USR_03514,2026-06-07 12:42:51,treatment,0
USR_16893,2026-06-07 12:43:15,treatment,0
USR_04188,2026-06-07 12:43:40,treatment,0
USR_15214,2026-06-07 12:44:18,treatment,1
USR_18547,2026-06-07 12:46:00,treatment,0
USR_10650,2026-06-07 12:46:31,treatment,0
USR_13893,2026-06-07 12:49:00,treatment,0
USR_04306,2026-06-07 12:50:14,control,0
USR_01489,2026-06-07 12:52:40,control,0
USR_13813,2026-06-07 12:53:17,treatment,0
USR_11743,2026-06-07 12:53:52,control,0
USR_05221,2026-06-07 12:53:52,treatment,0
USR_10736,2026-06-07 12:54:33,control,0
USR_02033,2026-06-07 12:55:56,treatment,0
USR_12377,2026-06-07 12:56:51,treatment,0
USR_02169,2026-06-07 12:57:48,control,0
USR_01237,2026-06-07 12:58:30,treatment,0
USR_01673,2026-06-07 12:59:05,control,0
USR_14943,2026-06-07 12:59:44,treatment,0
USR_13577,2026-06-07 13:00:42,control,0
USR_04949,2026-06-07 13:01:34,treatment,0
USR_10819,2026-06-07 13:01:54,control,0
USR_07190,2026-06-07 13:01:58,control,0
USR_09517,2026-06-07 13:02:01,control,0
USR_05535,2026-06-07 13:02:40,treatment,0
USR_05210,2026-06-07 13:02:41,control,0
USR_15810,2026-06-07 13:04:29,treatment,0
USR_05091,2026-06-07 13:05:16,treatment,0
USR_18699,2026-06-07 13:06:01,treatment,0
USR_03397,2026-06-07 13:07:22,control,0
USR_07705,2026-06-07 13:08:19,treatment,0
USR_08942,2026-06-07 13:09:34,treatment,0
USR_01674,2026-06-07 13:11:00,control,0
USR_03015,2026-06-07 13:11:48,treatment,0
USR_08936,2026-06-07 13:12:16,treatment,0
USR_05627,2026-06-07 13:13:07,control,0
USR_09754,2026-06-07 13:14:32,control,0
USR_00391,2026-06-07 13:15:26,treatment,0
USR_12804,2026-06-07 13:17:32,treatment,0
USR_18352,2026-06-07 13:19:07,control,0
USR_19476,2026-06-07 13:21:06,treatment,0
USR_16820,2026-06-07 13:22:58,control,0
USR_17948,2026-06-07 13:23:09,treatment,0
USR_11673,2026-06-07 13:29:39,control,0
USR_02024,2026-06-07 13:29:45,treatment,0
USR_08431,2026-06-07 13:29:54,treatment,0
USR_01802,2026-06-07 13:34:36,control,0
USR_01840,2026-06-07 13:34:39,control,0
USR_02632,2026-06-07 13:35:16,treatment,0
USR_02343,2026-06-07 13:35:30,control,0
USR_14637,2026-06-07 13:35:42,treatment,0
USR_02456,2026-06-07 13:36:24,treatment,0
USR_09044,2026-06-07 13:38:19,treatment,0
USR_09579,2026-06-07 13:38:40,treatment,0
USR_05321,2026-06-07 13:39:48,treatment,0
USR_18778,2026-06-07 13:39:59,control,0
USR_17081,2026-06-07 13:40:48,treatment,0
USR_16542,2026-06-07 13:41:05,treatment,0
USR_10775,2026-06-07 13:41:25,treatment,0
USR_09507,2026-06-07 13:43:26,control,0
USR_10674,2026-06-07 13:44:01,treatment,0
USR_18654,2026-06-07 13:44:23,treatment,0
USR_15752,2026-06-07 13:47:16,control,0
USR_07973,2026-06-07 13:47:18,treatment,0
USR_07016,2026-06-07 13:47:34,treatment,0
USR_06999,2026-06-07 13:49:08,treatment,0
USR_09282,2026-06-07 13:49:20,control,0
USR_14354,2026-06-07 13:49:58,control,0
USR_15677,2026-06-07 13:50:40,control,0
USR_06691,2026-06-07 13:51:35,treatment,0
USR_06387,2026-06-07 13:51:41,treatment,0
USR_08732,2026-06-07 13:52:40,treatment,0
USR_14559,2026-06-07 13:54:21,treatment,0
USR_07803,2026-06-07 13:55:47,treatment,0
USR_10161,2026-06-07 13:57:10,treatment,0
USR_18652,2026-06-07 13:57:25,control,0
USR_03950,2026-06-07 13:57:30,treatment,0
USR_00193,2026-06-07 13:59:25,control,1
USR_15275,2026-06-07 14:00:24,control,0
USR_18713,2026-06-07 14:00:57,treatment,0
USR_01784,2026-06-07 14:01:05,treatment,0
USR_10609,2026-06-07 14:01:45,control,0
USR_02902,2026-06-07 14:01:51,treatment,0
USR_07528,2026-06-07 14:02:03,treatment,1
USR_16816,2026-06-07 14:03:41,control,0
USR_14169,2026-06-07 14:04:26,treatment,0
USR_06786,2026-06-07 14:07:07,treatment,0
USR_18513,2026-06-07 14:10:22,control,0
USR_11802,2026-06-07 14:11:19,treatment,0
USR_02212,2026-06-07 14:11:24,treatment,0
USR_08217,2026-06-07 14:12:13,treatment,0
USR_05333,2026-06-07 14:14:32,treatment,0
USR_01413,2026-06-07 14:17:37,control,0
USR_04035,2026-06-07 14:17:45,control,0
USR_11116,2026-06-07 14:18:36,control,0
USR_05533,2026-06-07 14:18:46,control,0
USR_02121,2026-06-07 14:19:11,treatment,0
USR_12028,2026-06-07 14:22:04,treatment,0
USR_18378,2026-06-07 14:22:31,treatment,0
USR_15714,2026-06-07 14:24:15,control,0
USR_05278,2026-06-07 14:25:11,treatment,0
USR_02048,2026-06-07 14:28:03,treatment,0
USR_06890,2026-06-07 14:29:12,control,1
USR_18371,2026-06-07 14:29:13,treatment,0
USR_10825,2026-06-07 14:31:50,treatment,0
USR_17606,2026-06-07 14:32:45,treatment,0
USR_17503,2026-06-07 14:32:55,treatment,0
USR_09230,2026-06-07 14:34:15,control,0
USR_09232,2026-06-07 14:34:33,treatment,0
USR_05026,2026-06-07 14:34:52,treatment,0
USR_14740,2026-06-07 14:35:08,control,0
USR_08386,2026-06-07 14:36:20,control,0
USR_15741,2026-06-07 14:38:06,control,0
USR_18234,2026-06-07 14:41:58,treatment,0
USR_00106,2026-06-07 14:42:46,control,0
USR_17130,2026-06-07 14:44:45,control,0
USR_09078,2026-06-07 14:45:50,treatment,0
USR_11959,2026-06-07 14:47:11,control,0
USR_17974,2026-06-07 14:47:18,treatment,0
USR_05835,2026-06-07 14:47:58,treatment,0
USR_00947,2026-06-07 14:48:25,control,0
USR_05833,2026-06-07 14:48:42,control,0
USR_04054,2026-06-07 14:51:42,treatment,0
USR_19627,2026-06-07 14:52:02,control,0
USR_02960,2026-06-07 14:52:03,treatment,0
USR_08537,2026-06-07 14:52:15,treatment,0
USR_16317,2026-06-07 14:53:12,treatment,0
USR_04302,2026-06-07 14:54:18,control,0
USR_06373,2026-06-07 14:56:02,treatment,0
USR_15728,2026-06-07 15:00:07,control,0
USR_09879,2026-06-07 15:03:46,treatment,0
USR_09657,2026-06-07 15:06:03,treatment,0
USR_14294,2026-06-07 15:07:44,treatment,0
USR_15461,2026-06-07 15:09:50,control,0
USR_03357,2026-06-07 15:12:15,control,0
USR_09395,2026-06-07 15:16:17,treatment,0
USR_03409,2026-06-07 15:17:14,treatment,0
USR_01081,2026-06-07 15:18:31,control,0
USR_11122,2026-06-07 15:19:56,control,0
USR_13212,2026-06-07 15:20:22,treatment,0
USR_18023,2026-06-07 15:21:10,treatment,0
USR_12200,2026-06-07 15:21:29,treatment,0
USR_13937,2026-06-07 15:21:57,treatment,0
USR_01238,2026-06-07 15:23:42,treatment,0
USR_15998,2026-06-07 15:23:52,treatment,0
USR_02076,2026-06-07 15:25:27,control,0
USR_14883,2026-06-07 15:26:07,treatment,0
USR_19978,2026-06-07 15:26:12,treatment,0
USR_03709,2026-06-07 15:28:00,treatment,0
USR_19138,2026-06-07 15:28:03,control,0
USR_04002,2026-06-07 15:31:17,treatment,0
USR_13057,2026-06-07 15:31:27,control,0
USR_12877,2026-06-07 15:31:37,control,0
USR_03281,2026-06-07 15:32:51,treatment,0
USR_07903,2026-06-07 15:33:15,control,0
USR_06965,2026-06-07 15:33:21,treatment,1
USR_17862,2026-06-07 15:33:55,control,0
USR_06730,2026-06-07 15:35:16,treatment,0
USR_16492,2026-06-07 15:35:36,treatment,0
USR_14999,2026-06-07 15:36:24,treatment,0
USR_05145,2026-06-07 15:37:30,control,0
USR_09013,2026-06-07 15:37:36,treatment,0
USR_18262,2026-06-07 15:38:38,treatment,0
USR_10953,2026-06-07 15:39:13,treatment,0
USR_16453,2026-06-07 15:40:27,control,0
USR_02764,2026-06-07 15:41:46,control,0
USR_06492,2026-06-07 15:45:05,control,0
USR_02874,2026-06-07 15:46:17,treatment,0
USR_12198,2026-06-07 15:46:48,control,0
USR_13754,2026-06-07 15:46:49,treatment,0
USR_04394,2026-06-07 15:47:05,control,0
USR_04773,2026-06-07 15:48:34,control,0
USR_09755,2026-06-07 15:49:55,control,0
USR_19614,2026-06-07 15:49:56,control,0
USR_13194,2026-06-07 15:50:19,treatment,0
USR_05844,2026-06-07 15:50:29,control,0
USR_04891,2026-06-07 15:50:37,control,0
USR_06323,2026-06-07 15:51:46,treatment,0
USR_19030,2026-06-07 15:52:07,treatment,0
USR_13757,2026-06-07 15:54:24,treatment,0
USR_02961,2026-06-07 15:55:05,control,1
USR_16014,2026-06-07 15:55:09,treatment,0
USR_11130,2026-06-07 15:55:30,control,0
USR_14162,2026-06-07 15:55:57,treatment,0
USR_19679,2026-06-07 15:56:57,control,0
USR_09149,2026-06-07 15:59:22,treatment,0
USR_15231,2026-06-07 15:59:26,control,0
USR_00295,2026-06-07 16:00:07,treatment,0
USR_17833,2026-06-07 16:00:42,control,0
USR_12898,2026-06-07 16:01:05,treatment,0
USR_19426,2026-06-07 16:01:21,control,0
USR_12013,2026-06-07 16:02:00,control,0
USR_17683,2026-06-07 16:03:50,control,0
USR_07365,2026-06-07 16:04:56,control,0
USR_14965,2026-06-07 16:04:57,treatment,0
USR_17473,2026-06-07 16:06:23,treatment,0
USR_09774,2026-06-07 16:09:03,treatment,0
USR_05989,2026-06-07 16:10:02,treatment,0
USR_06727,2026-06-07 16:12:02,treatment,0
USR_18633,2026-06-07 16:14:27,treatment,0
USR_00646,2026-06-07 16:16:55,treatment,0
USR_06439,2026-06-07 16:17:22,treatment,0
USR_05434,2026-06-07 16:21:41,treatment,0
USR_12837,2026-06-07 16:21:55,control,0
USR_19213,2026-06-07 16:22:22,treatment,0
USR_08428,2026-06-07 16:24:14,control,0
USR_19310,2026-06-07 16:25:17,control,0
USR_07906,2026-06-07 16:25:34,control,0
USR_08290,2026-06-07 16:25:46,treatment,0
USR_19883,2026-06-07 16:26:40,control,0
USR_15644,2026-06-07 16:27:17,control,0
USR_10502,2026-06-07 16:27:39,treatment,0
USR_06012,2026-06-07 16:29:27,treatment,0
USR_19360,2026-06-07 16:30:01,control,0
USR_07872,2026-06-07 16:31:24,treatment,0
USR_04000,2026-06-07 16:35:10,control,0
USR_09810,2026-06-07 16:38:33,treatment,0
USR_00499,2026-06-07 16:39:57,control,0
USR_04982,2026-06-07 16:41:27,control,0
USR_17269,2026-06-07 16:41:51,treatment,0
USR_13548,2026-06-07 16:44:37,control,0
USR_10293,2026-06-07 16:46:55,treatment,0
USR_13471,2026-06-07 16:49:21,control,0
USR_13380,2026-06-07 16:51:13,treatment,0
USR_05780,2026-06-07 16:53:38,treatment,0
USR_18430,2026-06-07 16:54:10,treatment,0
USR_04301,2026-06-07 16:56:28,control,0
USR_13542,2026-06-07 16:56:35,treatment,0
USR_04900,2026-06-07 16:57:23,control,0
USR_09095,2026-06-07 16:59:24,control,0
USR_15643,2026-06-07 17:00:18,treatment,0
USR_02194,2026-06-07 17:00:37,treatment,0
USR_03476,2026-06-07 17:01:45,treatment,0
USR_09343,2026-06-07 17:04:33,control,0
USR_11780,2026-06-07 17:04:38,control,0
USR_18932,2026-06-07 17:06:46,control,0
USR_13767,2026-06-07 17:07:44,control,0
USR_16465,2026-06-07 17:09:25,treatment,0
USR_07069,2026-06-07 17:10:23,treatment,0
USR_09946,2026-06-07 17:10:34,treatment,0
USR_13628,2026-06-07 17:12:05,treatment,1
USR_15265,2026-06-07 17:13:05,treatment,0
USR_08935,2026-06-07 17:13:49,control,0
USR_11714,2026-06-07 17:13:53,control,0
USR_09329,2026-06-07 17:16:36,treatment,0
USR_00056,2026-06-07 17:17:03,treatment,0
USR_15630,2026-06-07 17:22:23,treatment,0
USR_13933,2026-06-07 17:22:30,treatment,0
USR_16007,2026-06-07 17:22:57,treatment,1
USR_08908,2026-06-07 17:23:31,control,0
USR_19221,2026-06-07 17:23:37,treatment,0
USR_19012,2026-06-07 17:23:39,treatment,0
USR_04400,2026-06-07 17:23:42,treatment,0
USR_19656,2026-06-07 17:24:32,control,0
USR_13050,2026-06-07 17:24:49,treatment,0
USR_13748,2026-06-07 17:24:56,treatment,1
USR_11163,2026-06-07 17:26:37,treatment,0
USR_04315,2026-06-07 17:27:25,treatment,0
USR_18920,2026-06-07 17:30:31,control,0
USR_19060,2026-06-07 17:30:34,control,0
USR_14269,2026-06-07 17:31:53,treatment,0
USR_12766,2026-06-07 17:32:51,treatment,0
USR_09212,2026-06-07 17:35:16,control,0
USR_09633,2026-06-07 17:35:38,control,0
USR_16868,2026-06-07 17:38:07,treatment,0
USR_16665,2026-06-07 17:38:17,control,0
USR_16486,2026-06-07 17:40:06,treatment,0
USR_12854,2026-06-07 17:40:33,treatment,0
USR_16069,2026-06-07 17:41:21,treatment,0
USR_16215,2026-06-07 17:41:40,control,0
USR_03480,2026-06-07 17:41:57,control,0
USR_19876,2026-06-07 17:47:09,treatment,0
USR_14433,2026-06-07 17:47:28,treatment,0
USR_07902,2026-06-07 17:48:01,control,0
USR_16178,2026-06-07 17:48:15,treatment,0
USR_13896,2026-06-07 17:48:22,control,0
USR_18272,2026-06-07 17:48:43,control,0
USR_11566,2026-06-07 17:49:59,treatment,0
USR_10486,2026-06-07 17:50:06,treatment,0
USR_14352,2026-06-07 17:50:41,treatment,0
USR_15329,2026-06-07 17:53:54,control,0
USR_00198,2026-06-07 17:59:10,control,0
USR_18548,2026-06-07 17:59:24,control,0
USR_16721,2026-06-07 18:00:16,control,0
USR_07109,2026-06-07 18:00:40,treatment,0
USR_14819,2026-06-07 18:01:24,control,0
USR_13403,2026-06-07 18:02:24,control,0
USR_07102,2026-06-07 18:03:31,control,0
USR_17800,2026-06-07 18:04:39,control,0
USR_06557,2026-06-07 18:07:22,control,0
USR_17996,2026-06-07 18:10:55,control,0
USR_11583,2026-06-07 18:11:32,treatment,0
USR_15510,2026-06-07 18:12:25,control,0
USR_04087,2026-06-07 18:12:28,control,0
USR_01706,2026-06-07 18:14:33,treatment,0
USR_05857,2026-06-07 18:14:47,treatment,0
USR_05592,2026-06-07 18:15:32,treatment,0
USR_10050,2026-06-07 18:15:41,control,1
USR_09758,2026-06-07 18:15:45,treatment,0
USR_05005,2026-06-07 18:15:56,treatment,0
USR_16082,2026-06-07 18:16:39,control,0
USR_15962,2026-06-07 18:18:22,control,0
USR_15707,2026-06-07 18:19:16,treatment,0
USR_16526,2026-06-07 18:19:34,treatment,0
USR_01244,2026-06-07 18:20:19,control,0
USR_14931,2026-06-07 18:21:24,control,0
USR_03017,2026-06-07 18:21:38,control,0
USR_17464,2026-06-07 18:21:43,treatment,0
USR_04005,2026-06-07 18:22:13,control,0
USR_01133,2026-06-07 18:22:33,treatment,0
USR_15640,2026-06-07 18:24:40,treatment,0
USR_13884,2026-06-07 18:27:55,treatment,0
USR_15787,2026-06-07 18:28:32,control,0
USR_07772,2026-06-07 18:32:23,treatment,1
USR_12645,2026-06-07 18:34:37,treatment,0
USR_19932,2026-06-07 18:35:33,control,0
USR_14987,2026-06-07 18:38:47,treatment,0
USR_16616,2026-06-07 18:39:13,control,0
USR_06200,2026-06-07 18:39:30,control,0
USR_02277,2026-06-07 18:39:39,control,0
USR_14706,2026-06-07 18:39:40,treatment,0
USR_16633,2026-06-07 18:40:41,treatment,0
USR_07764,2026-06-07 18:41:50,treatment,0
USR_02623,2026-06-07 18:42:13,control,0
USR_05698,2026-06-07 18:42:34,control,0
USR_00759,2026-06-07 18:42:41,control,0
USR_12530,2026-06-07 18:44:16,control,0
USR_13216,2026-06-07 18:46:28,treatment,0
USR_13333,2026-06-07 18:46:47,control,0
USR_12108,2026-06-07 18:47:13,control,0
USR_04284,2026-06-07 18:50:45,control,0
USR_16056,2026-06-07 18:51:04,control,0
USR_05479,2026-06-07 18:51:08,control,0
USR_04649,2026-06-07 18:52:02,treatment,1
USR_17102,2026-06-07 18:52:39,control,0
USR_05505,2026-06-07 18:53:22,control,0
USR_08193,2026-06-07 18:53:24,treatment,0
USR_06742,2026-06-07 18:54:13,treatment,0
USR_07582,2026-06-07 18:54:37,control,0
USR_19981,2026-06-07 18:57:54,treatment,0
USR_18662,2026-06-07 18:58:38,treatment,0
USR_13399,2026-06-07 18:59:17,control,0
USR_16833,2026-06-07 18:59:30,treatment,0
USR_11439,2026-06-07 19:00:03,control,0
USR_02167,2026-06-07 19:02:56,treatment,0
USR_06259,2026-06-07 19:03:34,treatment,1
USR_03851,2026-06-07 19:04:22,control,0
USR_18827,2026-06-07 19:04:32,treatment,0
USR_17568,2026-06-07 19:05:19,control,0
USR_11915,2026-06-07 19:07:07,treatment,0
USR_04431,2026-06-07 19:07:10,control,0
USR_13474,2026-06-07 19:08:49,treatment,0
USR_01893,2026-06-07 19:10:48,control,1
USR_05688,2026-06-07 19:11:06,control,0
USR_14146,2026-06-07 19:11:10,treatment,0
USR_13660,2026-06-07 19:11:39,control,0
USR_08735,2026-06-07 19:11:48,treatment,0
USR_03105,2026-06-07 19:12:44,control,0
USR_07399,2026-06-07 19:12:54,treatment,0
USR_06044,2026-06-07 19:13:03,control,0
USR_01951,2026-06-07 19:13:26,treatment,0
USR_13653,2026-06-07 19:14:57,control,0
USR_02283,2026-06-07 19:15:15,treatment,0
USR_08440,2026-06-07 19:16:05,control,0
USR_13546,2026-06-07 19:16:21,control,0
USR_00074,2026-06-07 19:16:51,treatment,0
USR_02885,2026-06-07 19:17:34,treatment,0
USR_17220,2026-06-07 19:19:37,treatment,0
USR_15836,2026-06-07 19:20:01,treatment,0
USR_11723,2026-06-07 19:21:19,treatment,0
USR_13481,2026-06-07 19:21:23,control,0
USR_04009,2026-06-07 19:21:35,control,0
USR_13440,2026-06-07 19:24:05,control,0
USR_03944,2026-06-07 19:24:16,control,0
USR_15441,2026-06-07 19:24:23,treatment,0
USR_10026,2026-06-07 19:25:38,treatment,0
USR_17382,2026-06-07 19:26:10,control,0
USR_09651,2026-06-07 19:26:49,treatment,1
USR_04867,2026-06-07 19:27:24,treatment,1
USR_11597,2026-06-07 19:27:40,treatment,0
USR_14848,2026-06-07 19:29:24,treatment,0
USR_07235,2026-06-07 19:31:40,control,0
USR_04220,2026-06-07 19:31:58,control,0
USR_06555,2026-06-07 19:35:07,control,0
USR_04323,2026-06-07 19:35:34,control,1
USR_16558,2026-06-07 19:37:07,treatment,0
USR_18225,2026-06-07 19:40:47,control,0
USR_13568,2026-06-07 19:42:54,treatment,0
USR_17063,2026-06-07 19:43:16,treatment,0
USR_14804,2026-06-07 19:43:17,control,0
USR_09352,2026-06-07 19:44:06,control,0
USR_06678,2026-06-07 19:44:18,treatment,0
USR_01313,2026-06-07 19:44:50,control,0
USR_09038,2026-06-07 19:46:11,treatment,0
USR_11065,2026-06-07 19:47:14,treatment,0
USR_16129,2026-06-07 19:47:59,treatment,0
USR_17028,2026-06-07 19:49:54,control,0
USR_01525,2026-06-07 19:51:15,control,0
USR_04222,2026-06-07 19:52:25,treatment,0
USR_16313,2026-06-07 19:53:09,control,0
USR_08975,2026-06-07 19:54:31,treatment,0
USR_03435,2026-06-07 19:55:25,control,0
USR_13381,2026-06-07 19:55:41,control,0
USR_16797,2026-06-07 19:55:48,control,0
USR_11924,2026-06-07 19:55:53,control,0
USR_19983,2026-06-07 19:56:41,control,0
USR_02267,2026-06-07 19:56:51,control,0
USR_16296,2026-06-07 19:56:51,control,1
USR_16343,2026-06-07 19:58:37,control,0
USR_03047,2026-06-07 20:01:09,control,0
USR_14333,2026-06-07 20:01:20,treatment,0
USR_13025,2026-06-07 20:01:23,treatment,0
USR_10102,2026-06-07 20:01:41,treatment,0
USR_12870,2026-06-07 20:02:29,treatment,0
USR_04018,2026-06-07 20:02:48,control,0
USR_08000,2026-06-07 20:05:01,control,0
USR_12236,2026-06-07 20:05:36,control,0
USR_09762,2026-06-07 20:07:51,control,0
USR_06603,2026-06-07 20:12:00,treatment,0
USR_00036,2026-06-07 20:13:07,treatment,0
USR_01829,2026-06-07 20:13:55,control,0
USR_02987,2026-06-07 20:15:22,treatment,0
USR_01669,2026-06-07 20:22:16,control,0
USR_13572,2026-06-07 20:24:53,treatment,0
USR_06447,2026-06-07 20:29:27,treatment,0
USR_14648,2026-06-07 20:30:01,control,0
USR_09665,2026-06-07 20:30:58,control,0
USR_13133,2026-06-07 20:31:56,treatment,1
USR_18057,2026-06-07 20:32:55,treatment,0
USR_03925,2026-06-07 20:34:08,control,0
USR_09509,2026-06-07 20:36:39,control,0
USR_10202,2026-06-07 20:39:23,treatment,1
USR_03526,2026-06-07 20:40:13,control,0
USR_12777,2026-06-07 20:42:27,control,0
USR_17497,2026-06-07 20:43:29,treatment,0
USR_17260,2026-06-07 20:45:20,control,0
USR_06543,2026-06-07 20:45:35,control,0
USR_08399,2026-06-07 20:45:49,treatment,0
USR_18285,2026-06-07 20:46:35,treatment,1
USR_19854,2026-06-07 20:48:30,control,0
USR_10242,2026-06-07 20:50:21,control,0
USR_05195,2026-06-07 20:51:41,treatment,0
USR_02168,2026-06-07 20:52:14,treatment,0
USR_14674,2026-06-07 20:55:44,control,0
USR_00274,2026-06-07 20:55:47,control,0
USR_10902,2026-06-07 20:59:10,control,0
USR_13662,2026-06-07 21:00:18,control,0
USR_15426,2026-06-07 21:00:27,treatment,0
USR_18365,2026-06-07 21:02:15,treatment,0
USR_05531,2026-06-07 21:03:22,treatment,0
USR_13806,2026-06-07 21:05:45,treatment,0
USR_10414,2026-06-07 21:06:02,control,0
USR_13858,2026-06-07 21:08:50,treatment,0
USR_05246,2026-06-07 21:09:02,treatment,0
USR_03609,2026-06-07 21:13:27,treatment,0
USR_10854,2026-06-07 21:13:39,control,0
USR_09306,2026-06-07 21:15:57,treatment,0
USR_00692,2026-06-07 21:16:04,treatment,0
USR_11660,2026-06-07 21:17:17,treatment,0
USR_12072,2026-06-07 21:17:59,control,0
USR_00602,2026-06-07 21:18:16,treatment,0
USR_11396,2026-06-07 21:18:55,control,0
USR_17255,2026-06-07 21:19:18,treatment,0
USR_16413,2026-06-07 21:20:01,treatment,0
USR_07129,2026-06-07 21:20:31,control,1
USR_19141,2026-06-07 21:20:58,treatment,0
USR_04742,2026-06-07 21:23:40,control,0
USR_14752,2026-06-07 21:24:28,control,0
USR_12942,2026-06-07 21:25:57,treatment,0
USR_14937,2026-06-07 21:27:26,control,0
USR_03789,2026-06-07 21:27:27,control,0
USR_07350,2026-06-07 21:27:56,control,0
USR_00627,2026-06-07 21:28:39,control,0
USR_07240,2026-06-07 21:29:09,control,0
USR_19994,2026-06-07 21:30:53,treatment,0
USR_09766,2026-06-07 21:31:16,treatment,0
USR_19721,2026-06-07 21:31:54,treatment,0
USR_09196,2026-06-07 21:32:32,treatment,1
USR_15081,2026-06-07 21:32:47,control,0
USR_06161,2026-06-07 21:33:44,control,0
USR_09606,2026-06-07 21:34:27,treatment,0
USR_13015,2026-06-07 21:34:58,control,0
USR_08971,2026-06-07 21:35:00,control,0
USR_00949,2026-06-07 21:35:56,treatment,0
USR_14954,2026-06-07 21:36:15,control,0
USR_03189,2026-06-07 21:36:27,treatment,0
USR_18912,2026-06-07 21:38:26,treatment,0
USR_06174,2026-06-07 21:38:41,treatment,1
USR_01293,2026-06-07 21:39:59,control,0
USR_03584,2026-06-07 21:40:01,control,0
USR_13941,2026-06-07 21:44:31,treatment,0
USR_10797,2026-06-07 21:46:02,treatment,0
USR_01463,2026-06-07 21:48:06,control,0
USR_08216,2026-06-07 21:48:07,control,0
USR_03902,2026-06-07 21:49:19,treatment,0
USR_01017,2026-06-07 21:49:20,treatment,0
USR_05059,2026-06-07 21:49:30,treatment,0
USR_02157,2026-06-07 21:50:43,treatment,0
USR_08789,2026-06-07 21:53:19,treatment,0
USR_05193,2026-06-07 21:56:55,control,0
USR_01247,2026-06-07 21:56:57,treatment,0
USR_01487,2026-06-07 21:57:02,control,0
USR_07067,2026-06-07 21:57:11,treatment,0
USR_11302,2026-06-07 21:57:12,control,0
USR_18171,2026-06-07 22:00:24,control,0
USR_11374,2026-06-07 22:03:03,control,0
USR_05560,2026-06-07 22:03:40,treatment,0
USR_09140,2026-06-07 22:04:30,treatment,0
USR_18037,2026-06-07 22:05:15,control,0
USR_00492,2026-06-07 22:05:46,control,0
USR_13565,2026-06-07 22:07:43,treatment,0
USR_01990,2026-06-07 22:07:43,treatment,0
USR_12487,2026-06-07 22:11:21,control,0
USR_07524,2026-06-07 22:12:58,control,0
USR_18236,2026-06-07 22:13:52,control,1
USR_06989,2026-06-07 22:14:13,control,0
USR_04200,2026-06-07 22:14:26,control,0
USR_08818,2026-06-07 22:14:29,treatment,0
USR_16735,2026-06-07 22:16:37,treatment,0
USR_07981,2026-06-07 22:18:13,control,0
USR_12227,2026-06-07 22:18:41,treatment,0
USR_09094,2026-06-07 22:21:27,control,0
USR_19672,2026-06-07 22:21:41,treatment,0
USR_15432,2026-06-07 22:22:27,control,0
USR_11514,2026-06-07 22:23:55,treatment,0
USR_07161,2026-06-07 22:24:25,control,0
USR_11998,2026-06-07 22:27:19,control,0
USR_13586,2026-06-07 22:28:29,treatment,0
USR_16212,2026-06-07 22:29:00,treatment,0
USR_04665,2026-06-07 22:32:21,treatment,0
USR_19709,2026-06-07 22:32:43,treatment,0
USR_02921,2026-06-07 22:32:48,control,0
USR_15304,2026-06-07 22:33:06,control,0
USR_11432,2026-06-07 22:33:38,treatment,0
USR_02211,2026-06-07 22:35:35,control,0
USR_02723,2026-06-07 22:35:47,control,0
USR_08396,2026-06-07 22:36:17,control,0
USR_02707,2026-06-07 22:36:25,treatment,0
USR_11684,2026-06-07 22:37:10,treatment,0
USR_06588,2026-06-07 22:43:59,treatment,0
USR_06465,2026-06-07 22:45:57,control,0
USR_05990,2026-06-07 22:46:51,control,0
USR_02069,2026-06-07 22:47:27,treatment,0
USR_16639,2026-06-07 22:48:56,control,0
USR_03408,2026-06-07 22:49:33,control,0
USR_15227,2026-06-07 22:52:00,control,0
USR_00376,2026-06-07 22:53:45,control,1
USR_00588,2026-06-07 22:54:42,treatment,0
USR_06378,2026-06-07 22:54:58,treatment,0
USR_19175,2026-06-07 22:55:54,treatment,0
USR_11231,2026-06-07 22:55:56,control,0
USR_18316,2026-06-07 22:59:08,control,0
USR_05083,2026-06-07 22:59:09,treatment,0
USR_13280,2026-06-07 23:00:30,control,0
USR_02680,2026-06-07 23:00:43,treatment,0
USR_10857,2026-06-07 23:01:26,treatment,0
USR_16567,2026-06-07 23:01:34,control,0
USR_04282,2026-06-07 23:01:54,treatment,0
USR_18629,2026-06-07 23:06:47,treatment,0
USR_05004,2026-06-07 23:07:03,treatment,1
USR_04503,2026-06-07 23:08:19,control,0
USR_19826,2026-06-07 23:08:45,treatment,0
USR_14764,2026-06-07 23:08:45,control,0
USR_08013,2026-06-07 23:09:32,treatment,0
USR_16163,2026-06-07 23:09:58,control,0
USR_11216,2026-06-07 23:10:03,control,0
USR_03053,2026-06-07 23:10:29,treatment,0
USR_04460,2026-06-07 23:11:13,treatment,0
USR_19201,2026-06-07 23:12:22,control,0
USR_16863,2026-06-07 23:14:17,treatment,0
USR_15940,2026-06-07 23:14:38,treatment,0
USR_10099,2026-06-07 23:14:52,control,0
USR_16030,2026-06-07 23:15:01,treatment,1
USR_17914,2026-06-07 23:17:33,treatment,0
USR_08109,2026-06-07 23:18:01,treatment,0
USR_06977,2026-06-07 23:19:00,treatment,1
USR_15011,2026-06-07 23:19:22,control,0
USR_00226,2026-06-07 23:19:49,control,0
USR_08350,2026-06-07 23:19:50,treatment,0
USR_17340,2026-06-07 23:19:55,control,0
USR_16646,2026-06-07 23:21:24,control,0
USR_12558,2026-06-07 23:23:28,treatment,1
USR_12882,2026-06-07 23:24:35,control,0
USR_10057,2026-06-07 23:26:18,treatment,0
USR_19553,2026-06-07 23:28:06,control,0
USR_07431,2026-06-07 23:32:08,treatment,0
USR_10175,2026-06-07 23:33:15,treatment,0
USR_06452,2026-06-07 23:34:44,control,0
USR_14828,2026-06-07 23:35:16,treatment,0
USR_14338,2026-06-07 23:36:40,control,0
USR_15234,2026-06-07 23:37:31,treatment,0
USR_11863,2026-06-07 23:39:07,treatment,0
USR_13536,2026-06-07 23:39:09,control,0
USR_18400,2026-06-07 23:39:21,treatment,0
USR_11500,2026-06-07 23:40:56,control,0
USR_18336,2026-06-07 23:41:20,treatment,0
USR_16038,2026-06-07 23:42:26,treatment,0
USR_12166,2026-06-07 23:42:36,treatment,0
USR_15725,2026-06-07 23:42:45,treatment,0
USR_17571,2026-06-07 23:44:30,treatment,0
USR_12173,2026-06-07 23:45:01,treatment,0
USR_00798,2026-06-07 23:45:22,treatment,0
USR_17641,2026-06-07 23:46:50,control,0
USR_06854,2026-06-07 23:47:15,control,0
USR_16535,2026-06-07 23:49:50,control,0
USR_16138,2026-06-07 23:53:07,control,0
USR_14653,2026-06-07 23:53:24,control,0
USR_10246,2026-06-07 23:55:00,control,0
USR_13186,2026-06-07 23:56:18,control,0
USR_07345,2026-06-07 23:56:58,treatment,0
USR_13656,2026-06-07 23:57:27,control,0
USR_15260,2026-06-08 00:00:55,control,0
USR_00483,2026-06-08 00:01:58,control,0
USR_17592,2026-06-08 00:02:16,treatment,0
USR_10031,2026-06-08 00:03:47,control,0
USR_10928,2026-06-08 00:04:49,treatment,0
USR_02080,2026-06-08 00:05:19,control,0
USR_03153,2026-06-08 00:05:20,treatment,0
USR_00576,2026-06-08 00:06:22,treatment,0
USR_01634,2026-06-08 00:07:25,control,0
USR_06265,2026-06-08 00:07:59,control,0
USR_19097,2026-06-08 00:09:40,control,0
USR_19667,2026-06-08 00:10:01,treatment,0
USR_03536,2026-06-08 00:10:51,control,1
USR_05509,2026-06-08 00:11:21,control,0
USR_14869,2026-06-08 00:11:38,control,0
USR_15988,2026-06-08 00:11:54,treatment,0
USR_10449,2026-06-08 00:12:42,control,0
USR_17899,2026-06-08 00:14:11,treatment,0
USR_17235,2026-06-08 00:17:35,control,0
USR_01291,2026-06-08 00:18:25,treatment,0
USR_01362,2026-06-08 00:19:30,control,0
USR_04690,2026-06-08 00:20:02,control,0
USR_10804,2026-06-08 00:20:14,control,0
USR_17389,2026-06-08 00:20:42,control,0
USR_01192,2026-06-08 00:25:04,control,0
USR_06496,2026-06-08 00:25:17,treatment,0
USR_19075,2026-06-08 00:27:54,control,0
USR_19092,2026-06-08 00:31:11,treatment,0
USR_16248,2026-06-08 00:32:11,treatment,0
USR_04996,2026-06-08 00:33:50,control,0
USR_10034,2026-06-08 00:34:26,control,0
USR_02665,2026-06-08 00:37:23,control,0
USR_17796,2026-06-08 00:39:11,control,0
USR_18114,2026-06-08 00:39:52,control,0
USR_10942,2026-06-08 00:41:46,control,0
USR_15820,2026-06-08 00:41:56,treatment,1
USR_00246,2026-06-08 00:43:00,treatment,1
USR_17087,2026-06-08 00:43:35,treatment,0
USR_06713,2026-06-08 00:44:08,treatment,0
USR_17094,2026-06-08 00:44:24,treatment,1
USR_08461,2026-06-08 00:45:25,treatment,0
USR_12893,2026-06-08 00:45:46,control,1
USR_14346,2026-06-08 00:45:59,control,0
USR_10211,2026-06-08 00:47:34,control,0
USR_04916,2026-06-08 00:49:47,control,0
USR_17940,2026-06-08 00:50:23,control,0
USR_15849,2026-06-08 00:51:38,treatment,0
USR_04355,2026-06-08 00:51:43,treatment,0
USR_04722,2026-06-08 00:55:22,treatment,0
USR_11672,2026-06-08 00:58:20,control,0
USR_09108,2026-06-08 00:59:21,control,0
USR_11419,2026-06-08 00:59:27,control,0
USR_09460,2026-06-08 01:00:10,treatment,0
USR_11215,2026-06-08 01:02:42,control,0
USR_19889,2026-06-08 01:04:05,control,0
USR_03096,2026-06-08 01:04:25,control,0
USR_03410,2026-06-08 01:05:00,control,0
USR_13433,2026-06-08 01:07:23,treatment,0
USR_18591,2026-06-08 01:08:54,treatment,0
USR_09017,2026-06-08 01:09:40,control,0
USR_05884,2026-06-08 01:09:49,control,0
USR_08101,2026-06-08 01:09:59,treatment,0
USR_12571,2026-06-08 01:10:45,control,0
USR_18524,2026-06-08 01:11:29,control,0
USR_19128,2026-06-08 01:12:23,control,0
USR_03787,2026-06-08 01:14:45,treatment,0
USR_06654,2026-06-08 01:17:28,control,0
USR_18619,2026-06-08 01:18:59,control,0
USR_03690,2026-06-08 01:20:19,treatment,0
USR_02108,2026-06-08 01:20:28,control,0
USR_17314,2026-06-08 01:20:36,control,0
USR_00929,2026-06-08 01:21:23,control,0
USR_13633,2026-06-08 01:21:53,treatment,1
USR_16196,2026-06-08 01:25:42,control,0
USR_15180,2026-06-08 01:28:41,treatment,0
USR_17042,2026-06-08 01:29:10,control,0
USR_08907,2026-06-08 01:31:57,treatment,1
USR_04504,2026-06-08 01:33:53,treatment,0
USR_19502,2026-06-08 01:35:33,control,0
USR_08889,2026-06-08 01:35:45,control,0
USR_07606,2026-06-08 01:37:20,control,0
USR_07574,2026-06-08 01:38:35,control,0
USR_12069,2026-06-08 01:39:57,control,0
USR_16361,2026-06-08 01:43:31,control,0
USR_15223,2026-06-08 01:43:42,treatment,0
USR_05469,2026-06-08 01:43:58,treatment,0
USR_03442,2026-06-08 01:44:13,control,0
USR_18277,2026-06-08 01:46:42,treatment,0
USR_11961,2026-06-08 01:49:07,treatment,0
USR_01268,2026-06-08 01:49:18,treatment,0
USR_18493,2026-06-08 01:50:30,treatment,0
USR_01578,2026-06-08 01:50:46,treatment,0
USR_07757,2026-06-08 01:50:53,treatment,0
USR_11414,2026-06-08 01:51:03,treatment,1
USR_19280,2026-06-08 01:52:11,control,0
USR_02380,2026-06-08 01:52:27,treatment,0
USR_12696,2026-06-08 01:56:10,control,0
USR_17824,2026-06-08 01:56:24,control,0
USR_18744,2026-06-08 01:56:40,treatment,0
USR_19523,2026-06-08 01:56:43,control,0
USR_09661,2026-06-08 01:56:53,treatment,0
USR_06529,2026-06-08 01:59:34,control,0
USR_12768,2026-06-08 02:01:02,treatment,0
USR_03390,2026-06-08 02:01:05,treatment,0
USR_04309,2026-06-08 02:01:31,control,0
USR_06258,2026-06-08 02:02:30,treatment,0
USR_13382,2026-06-08 02:03:34,treatment,0
USR_00138,2026-06-08 02:06:35,control,0
USR_01168,2026-06-08 02:09:32,treatment,0
USR_13385,2026-06-08 02:10:41,control,0
USR_16652,2026-06-08 02:10:50,treatment,0
USR_10711,2026-06-08 02:11:13,control,1
USR_00789,2026-06-08 02:11:20,treatment,1
USR_03219,2026-06-08 02:12:34,control,0
USR_12799,2026-06-08 02:14:12,control,0
USR_04075,2026-06-08 02:17:33,control,0
USR_04854,2026-06-08 02:18:31,treatment,0
USR_12465,2026-06-08 02:21:20,treatment,0
USR_14860,2026-06-08 02:22:30,control,0
USR_03934,2026-06-08 02:22:48,control,0
USR_17822,2026-06-08 02:23:33,treatment,0
USR_14633,2026-06-08 02:25:05,control,0
USR_15776,2026-06-08 02:25:20,treatment,0
USR_18190,2026-06-08 02:25:49,control,0
USR_11090,2026-06-08 02:27:49,control,0
USR_09448,2026-06-08 02:28:01,control,0
USR_12614,2026-06-08 02:28:29,control,0
USR_15178,2026-06-08 02:29:12,control,0
USR_04296,2026-06-08 02:29:30,treatment,0
USR_04413,2026-06-08 02:29:31,treatment,0
USR_03169,2026-06-08 02:29:33,control,1
USR_07802,2026-06-08 02:29:49,treatment,0
USR_16594,2026-06-08 02:31:10,control,0
USR_00944,2026-06-08 02:32:20,control,0
USR_00008,2026-06-08 02:32:25,control,0
USR_01080,2026-06-08 02:33:21,control,0
USR_08354,2026-06-08 02:34:00,treatment,0
USR_18249,2026-06-08 02:35:20,control,0
USR_19018,2026-06-08 02:36:24,control,0
USR_10583,2026-06-08 02:36:31,control,0
USR_11719,2026-06-08 02:37:10,treatment,0
USR_05395,2026-06-08 02:37:47,control,0
USR_15798,2026-06-08 02:38:20,treatment,0
USR_16183,2026-06-08 02:39:48,control,0
USR_08894,2026-06-08 02:39:59,treatment,0
USR_00324,2026-06-08 02:40:05,control,0
USR_14499,2026-06-08 02:40:35,treatment,0
USR_08613,2026-06-08 02:40:38,control,0
USR_15818,2026-06-08 02:41:38,treatment,0
USR_18681,2026-06-08 02:42:17,treatment,0
USR_04440,2026-06-08 02:42:41,treatment,0
USR_00979,2026-06-08 02:43:00,control,0
USR_17916,2026-06-08 02:43:42,control,0
USR_03655,2026-06-08 02:46:07,treatment,1
USR_17697,2026-06-08 02:46:43,treatment,1
USR_01952,2026-06-08 02:49:34,control,0
USR_01760,2026-06-08 02:52:15,treatment,0
USR_10186,2026-06-08 02:52:50,treatment,0
USR_00382,2026-06-08 02:52:51,control,0
USR_18102,2026-06-08 02:52:55,treatment,0
USR_14095,2026-06-08 02:54:26,treatment,1
USR_15252,2026-06-08 02:54:28,control,0
USR_15808,2026-06-08 02:54:52,treatment,0
USR_05664,2026-06-08 02:56:00,treatment,0
USR_16203,2026-06-08 02:56:54,treatment,0
USR_01536,2026-06-08 02:57:44,treatment,0
USR_07128,2026-06-08 02:58:24,control,0
USR_05462,2026-06-08 03:00:18,treatment,0
USR_15719,2026-06-08 03:01:24,control,0
USR_12029,2026-06-08 03:02:39,control,0
USR_19609,2026-06-08 03:02:39,treatment,0
USR_19977,2026-06-08 03:03:25,control,0
USR_15674,2026-06-08 03:03:43,treatment,0
USR_10367,2026-06-08 03:03:49,treatment,0
USR_09784,2026-06-08 03:03:54,treatment,0
USR_12261,2026-06-08 03:07:45,control,0
USR_10750,2026-06-08 03:09:32,treatment,0
USR_05067,2026-06-08 03:11:12,treatment,0
USR_11781,2026-06-08 03:12:32,treatment,0
USR_12914,2026-06-08 03:12:47,control,0
USR_18172,2026-06-08 03:13:27,treatment,0
USR_08514,2026-06-08 03:15:03,treatment,0
USR_09853,2026-06-08 03:15:15,control,0
USR_16446,2026-06-08 03:15:33,treatment,0
USR_01410,2026-06-08 03:16:04,treatment,0
USR_14582,2026-06-08 03:18:27,treatment,0
USR_07324,2026-06-08 03:21:14,control,0
USR_19550,2026-06-08 03:22:15,control,0
USR_02105,2026-06-08 03:22:56,control,0
USR_10499,2026-06-08 03:23:08,control,1
USR_03244,2026-06-08 03:24:03,control,0
USR_13957,2026-06-08 03:25:43,control,0
USR_15662,2026-06-08 03:26:18,control,0
USR_01484,2026-06-08 03:27:18,control,0
USR_11705,2026-06-08 03:28:12,control,0
USR_06224,2026-06-08 03:28:30,treatment,0
USR_00903,2026-06-08 03:29:17,control,0
USR_05159,2026-06-08 03:30:13,control,1
USR_12355,2026-06-08 03:30:24,treatment,0
USR_04114,2026-06-08 03:30:52,treatment,0
USR_01304,2026-06-08 03:31:58,control,0
USR_00769,2026-06-08 03:32:11,control,0
USR_10023,2026-06-08 03:32:20,treatment,0
USR_07658,2026-06-08 03:33:11,treatment,0
USR_01857,2026-06-08 03:33:19,control,0
USR_09050,2026-06-08 03:33:32,control,1
USR_11368,2026-06-08 03:34:01,control,0
USR_15089,2026-06-08 03:34:59,control,0
USR_04128,2026-06-08 03:35:03,control,0
USR_11524,2026-06-08 03:35:34,treatment,0
USR_18555,2026-06-08 03:40:12,control,0
USR_08678,2026-06-08 03:42:09,control,0
USR_07030,2026-06-08 03:42:41,control,0
USR_11193,2026-06-08 03:43:12,control,0
USR_10635,2026-06-08 03:44:24,treatment,0
USR_11327,2026-06-08 03:44:27,treatment,0
USR_06695,2026-06-08 03:44:48,treatment,0
USR_01435,2026-06-08 03:45:23,control,0
USR_17663,2026-06-08 03:47:06,treatment,0
USR_10730,2026-06-08 03:47:22,control,0
USR_05558,2026-06-08 03:48:56,control,0
USR_01780,2026-06-08 03:49:05,control,0
USR_10159,2026-06-08 03:49:51,treatment,0
USR_17189,2026-06-08 03:50:52,control,0
USR_14477,2026-06-08 03:51:04,treatment,0
USR_10350,2026-06-08 03:51:38,control,0
USR_15373,2026-06-08 03:53:11,treatment,0
USR_19316,2026-06-08 03:53:30,treatment,0
USR_07163,2026-06-08 03:56:57,control,0
USR_14508,2026-06-08 03:57:34,control,0
USR_05336,2026-06-08 04:02:06,treatment,0
USR_07088,2026-06-08 04:03:47,treatment,0
USR_16321,2026-06-08 04:04:14,control,0
USR_16110,2026-06-08 04:06:13,control,0
USR_17371,2026-06-08 04:07:18,control,0
USR_00089,2026-06-08 04:08:21,control,0
USR_05787,2026-06-08 04:10:04,treatment,0
USR_08126,2026-06-08 04:10:42,control,0
USR_04370,2026-06-08 04:11:24,control,0
USR_00306,2026-06-08 04:13:44,treatment,0
USR_17419,2026-06-08 04:13:50,control,0
USR_16133,2026-06-08 04:14:20,treatment,0
USR_17718,2026-06-08 04:15:09,treatment,0
USR_18478,2026-06-08 04:15:35,control,0
USR_05602,2026-06-08 04:16:57,treatment,0
USR_01493,2026-06-08 04:17:51,control,0
USR_19927,2026-06-08 04:18:11,control,1
USR_00159,2026-06-08 04:19:29,control,0
USR_18844,2026-06-08 04:21:28,treatment,0
USR_19996,2026-06-08 04:22:07,treatment,0
USR_17076,2026-06-08 04:22:52,treatment,0
USR_08345,2026-06-08 04:27:21,treatment,0
USR_18337,2026-06-08 04:27:41,control,0
USR_02848,2026-06-08 04:28:10,control,0
USR_00526,2026-06-08 04:28:57,control,0
USR_06981,2026-06-08 04:29:34,control,0
USR_16743,2026-06-08 04:30:14,control,0
USR_15270,2026-06-08 04:31:11,control,0
USR_03304,2026-06-08 04:31:19,treatment,0
USR_09192,2026-06-08 04:32:40,control,0
USR_08864,2026-06-08 04:34:49,treatment,0
USR_01558,2026-06-08 04:39:20,control,0
USR_05341,2026-06-08 04:39:53,control,0
USR_03721,2026-06-08 04:40:21,treatment,1
USR_13859,2026-06-08 04:42:41,control,0
USR_11350,2026-06-08 04:42:57,control,1
USR_06505,2026-06-08 04:43:28,control,0
USR_08485,2026-06-08 04:44:05,treatment,1
USR_19540,2026-06-08 04:44:06,control,0
USR_05842,2026-06-08 04:44:13,control,0
USR_04753,2026-06-08 04:44:17,treatment,0
USR_01688,2026-06-08 04:45:39,control,0
USR_10612,2026-06-08 04:50:30,treatment,0
USR_13044,2026-06-08 04:50:57,treatment,0
USR_14785,2026-06-08 04:51:11,treatment,0
USR_17417,2026-06-08 04:53:27,control,0
USR_05410,2026-06-08 04:56:22,treatment,0
USR_12504,2026-06-08 04:57:15,control,0
USR_04292,2026-06-08 04:57:44,control,0
USR_02872,2026-06-08 04:58:01,treatment,0
USR_09471,2026-06-08 04:58:25,control,0
USR_17175,2026-06-08 05:00:21,control,0
USR_05956,2026-06-08 05:00:52,treatment,0
USR_12974,2026-06-08 05:01:00,treatment,0
USR_12712,2026-06-08 05:02:26,control,0
USR_12728,2026-06-08 05:03:10,control,0
USR_08555,2026-06-08 05:03:19,treatment,0
USR_07793,2026-06-08 05:03:24,control,0
USR_05143,2026-06-08 05:05:03,treatment,0
USR_01890,2026-06-08 05:05:49,control,0
USR_14827,2026-06-08 05:05:52,control,0
USR_02336,2026-06-08 05:06:39,control,0
USR_09141,2026-06-08 05:10:25,control,0
USR_19342,2026-06-08 05:11:11,treatment,0
USR_17246,2026-06-08 05:12:52,treatment,0
USR_18105,2026-06-08 05:13:01,control,0
USR_10319,2026-06-08 05:15:16,treatment,0
USR_04500,2026-06-08 05:15:36,treatment,0
USR_08463,2026-06-08 05:17:33,treatment,0
USR_00535,2026-06-08 05:18:11,control,0
USR_17793,2026-06-08 05:18:30,treatment,0
USR_14054,2026-06-08 05:19:16,treatment,0
USR_08351,2026-06-08 05:19:23,control,0
USR_13377,2026-06-08 05:19:33,treatment,0
USR_02694,2026-06-08 05:19:39,control,0
USR_14888,2026-06-08 05:19:47,treatment,0
USR_08774,2026-06-08 05:20:02,treatment,0
USR_01815,2026-06-08 05:20:40,control,0
USR_11172,2026-06-08 05:21:17,control,0
USR_08871,2026-06-08 05:21:26,treatment,0
USR_01796,2026-06-08 05:22:37,treatment,0
USR_00155,2026-06-08 05:23:14,treatment,0
USR_09254,2026-06-08 05:23:42,control,0
USR_05114,2026-06-08 05:24:51,treatment,0
USR_13853,2026-06-08 05:25:14,treatment,0
USR_12030,2026-06-08 05:25:52,control,0
USR_03951,2026-06-08 05:27:13,control,0
USR_10728,2026-06-08 05:27:23,treatment,0
USR_09834,2026-06-08 05:27:25,control,0
USR_05970,2026-06-08 05:28:06,treatment,0
USR_09880,2026-06-08 05:31:17,treatment,0
USR_08619,2026-06-08 05:34:14,control,0
USR_02251,2026-06-08 05:34:24,treatment,0
USR_07969,2026-06-08 05:35:28,treatment,0
USR_18763,2026-06-08 05:37:22,treatment,1
USR_09377,2026-06-08 05:37:57,control,0
USR_17880,2026-06-08 05:40:20,treatment,0
USR_04993,2026-06-08 05:40:45,control,0
USR_04983,2026-06-08 05:41:10,treatment,0
USR_01327,2026-06-08 05:42:20,control,0
USR_07224,2026-06-08 05:42:21,control,0
USR_15765,2026-06-08 05:42:30,treatment,0
USR_05791,2026-06-08 05:43:28,treatment,0
USR_17893,2026-06-08 05:43:36,treatment,0
USR_06205,2026-06-08 05:45:12,control,0
USR_13878,2026-06-08 05:45:50,control,0
USR_13014,2026-06-08 05:46:26,control,0
USR_11442,2026-06-08 05:46:48,control,0
USR_01737,2026-06-08 05:48:09,control,0
USR_07855,2026-06-08 05:48:28,treatment,0
USR_10128,2026-06-08 05:48:37,control,0
USR_19957,2026-06-08 05:48:55,control,0
USR_04994,2026-06-08 05:49:02,treatment,0
USR_08135,2026-06-08 05:49:20,treatment,0
USR_00648,2026-06-08 05:49:58,control,0
USR_17818,2026-06-08 05:50:46,control,0
USR_09872,2026-06-08 05:51:18,treatment,0
USR_03923,2026-06-08 05:53:02,control,0
USR_03114,2026-06-08 05:54:12,control,0
USR_07544,2026-06-08 05:54:29,control,0
USR_17759,2026-06-08 05:54:49,control,0
USR_06823,2026-06-08 05:56:55,treatment,0
USR_00933,2026-06-08 06:00:00,control,0
USR_19242,2026-06-08 06:01:44,treatment,0
USR_11620,2026-06-08 06:02:08,treatment,0
USR_01987,2026-06-08 06:02:31,treatment,0
USR_11418,2026-06-08 06:03:13,treatment,0
USR_10478,2026-06-08 06:03:26,control,0
USR_01364,2026-06-08 06:04:53,treatment,0
USR_00640,2026-06-08 06:05:27,control,0
USR_04461,2026-06-08 06:06:46,control,0
USR_05677,2026-06-08 06:07:03,control,0
USR_03846,2026-06-08 06:08:13,control,0
USR_07586,2026-06-08 06:10:31,treatment,0
USR_16998,2026-06-08 06:12:36,control,0
USR_02525,2026-06-08 06:13:28,treatment,0
USR_14289,2026-06-08 06:13:49,treatment,0
USR_06979,2026-06-08 06:14:22,control,0
USR_11372,2026-06-08 06:15:44,treatment,0
USR_15104,2026-06-08 06:16:01,control,0
USR_16425,2026-06-08 06:18:49,treatment,0
USR_16397,2026-06-08 06:21:51,control,0
USR_17518,2026-06-08 06:23:27,control,0
USR_06266,2026-06-08 06:23:30,control,0
USR_08642,2026-06-08 06:23:31,control,0
USR_01134,2026-06-08 06:26:07,control,0
USR_12130,2026-06-08 06:26:17,treatment,0
USR_04162,2026-06-08 06:30:28,treatment,0
USR_12678,2026-06-08 06:30:52,control,0
USR_11362,2026-06-08 06:30:58,treatment,0
USR_13638,2026-06-08 06:35:53,treatment,0
USR_17971,2026-06-08 06:35:59,treatment,0
USR_02174,2026-06-08 06:36:31,treatment,0
USR_04559,2026-06-08 06:37:02,treatment,0
USR_17275,2026-06-08 06:37:17,control,0
USR_13775,2026-06-08 06:37:24,treatment,0
USR_08625,2026-06-08 06:40:22,control,0
USR_08195,2026-06-08 06:41:46,control,0
USR_04641,2026-06-08 06:43:19,control,0
USR_13438,2026-06-08 06:43:30,treatment,0
USR_09205,2026-06-08 06:43:30,treatment,1
USR_04369,2026-06-08 06:43:33,treatment,0
USR_08198,2026-06-08 06:44:10,treatment,0
USR_12961,2026-06-08 06:45:23,control,0
USR_08761,2026-06-08 06:47:00,control,0
USR_10860,2026-06-08 06:47:04,control,0
USR_10061,2026-06-08 06:48:18,treatment,0
USR_14610,2026-06-08 06:48:37,treatment,0
USR_19567,2026-06-08 06:49:25,control,0
USR_17813,2026-06-08 06:49:52,treatment,0
USR_18799,2026-06-08 06:49:59,control,0
USR_10948,2026-06-08 06:50:27,control,0
USR_18292,2026-06-08 06:50:30,control,0
USR_10655,2026-06-08 06:50:40,control,0
USR_16140,2026-06-08 06:56:07,control,0
USR_05708,2026-06-08 06:56:56,control,0
USR_12362,2026-06-08 06:59:26,control,0
USR_10908,2026-06-08 07:00:22,control,0
USR_18522,2026-06-08 07:02:56,control,0
USR_19000,2026-06-08 07:03:00,treatment,0
USR_17755,2026-06-08 07:03:05,treatment,0
USR_14755,2026-06-08 07:04:01,treatment,0
USR_06637,2026-06-08 07:04:07,control,0
USR_19003,2026-06-08 07:05:11,treatment,0
USR_07092,2026-06-08 07:07:03,control,0
USR_08548,2026-06-08 07:08:21,treatment,0
USR_06676,2026-06-08 07:08:42,control,0
USR_13359,2026-06-08 07:09:13,control,0
USR_04268,2026-06-08 07:10:13,control,0
USR_14012,2026-06-08 07:10:19,treatment,0
USR_11885,2026-06-08 07:10:20,treatment,0
USR_17152,2026-06-08 07:10:46,treatment,0
USR_14574,2026-06-08 07:10:57,treatment,0
USR_04073,2026-06-08 07:11:11,treatment,1
USR_04699,2026-06-08 07:13:55,treatment,0
USR_10675,2026-06-08 07:15:27,control,0
USR_09267,2026-06-08 07:15:35,control,0
USR_12245,2026-06-08 07:15:49,treatment,1
USR_08291,2026-06-08 07:18:21,control,0
USR_19413,2026-06-08 07:20:28,control,0
USR_08531,2026-06-08 07:20:55,treatment,0
USR_13274,2026-06-08 07:21:03,control,0
USR_15220,2026-06-08 07:22:59,treatment,0
USR_06188,2026-06-08 07:23:15,control,0
USR_03091,2026-06-08 07:23:56,control,0
USR_06985,2026-06-08 07:24:39,control,0
USR_19644,2026-06-08 07:24:45,control,0
USR_08858,2026-06-08 07:27:46,control,0
USR_07599,2026-06-08 07:32:00,treatment,0
USR_16102,2026-06-08 07:32:20,treatment,0
USR_17052,2026-06-08 07:32:24,control,0
USR_11140,2026-06-08 07:33:20,treatment,0
USR_16239,2026-06-08 07:34:15,treatment,1
USR_00575,2026-06-08 07:34:51,treatment,0
USR_09929,2026-06-08 07:36:36,control,0
USR_12866,2026-06-08 07:36:43,control,0
USR_06428,2026-06-08 07:38:58,control,1
USR_00846,2026-06-08 07:41:13,control,0
USR_07220,2026-06-08 07:42:37,control,0
USR_05964,2026-06-08 07:42:51,control,0
USR_09532,2026-06-08 07:43:58,control,0
USR_10707,2026-06-08 07:45:02,control,0
USR_11836,2026-06-08 07:45:55,control,0
USR_14125,2026-06-08 07:47:21,control,0
USR_18150,2026-06-08 07:47:24,treatment,0
USR_00266,2026-06-08 07:47:53,treatment,0
USR_15162,2026-06-08 07:48:15,treatment,0
USR_11269,2026-06-08 07:48:26,control,0
USR_03708,2026-06-08 07:49:01,control,0
USR_18093,2026-06-08 07:51:39,treatment,0
USR_00457,2026-06-08 07:52:31,treatment,0
USR_08600,2026-06-08 07:52:40,treatment,0
USR_03346,2026-06-08 07:53:52,treatment,0
USR_04069,2026-06-08 07:54:44,control,0
USR_04876,2026-06-08 07:55:25,control,0
USR_19853,2026-06-08 07:57:30,treatment,0
USR_06226,2026-06-08 07:58:47,control,0
USR_11155,2026-06-08 07:59:41,control,0
USR_05043,2026-06-08 07:59:56,treatment,0
USR_10627,2026-06-08 08:00:52,treatment,0
USR_03725,2026-06-08 08:02:06,treatment,0
USR_12259,2026-06-08 08:02:06,treatment,0
USR_19794,2026-06-08 08:04:39,control,0
USR_02747,2026-06-08 08:04:50,control,0
USR_13048,2026-06-08 08:07:16,control,0
USR_00534,2026-06-08 08:07:24,treatment,0
USR_13268,2026-06-08 08:08:17,control,0
USR_09129,2026-06-08 08:10:29,control,0
USR_06920,2026-06-08 08:11:48,treatment,0
USR_05607,2026-06-08 08:12:37,treatment,0
USR_12597,2026-06-08 08:12:47,treatment,0
USR_08978,2026-06-08 08:12:51,treatment,0
USR_01658,2026-06-08 08:13:58,treatment,0
USR_15759,2026-06-08 08:14:18,treatment,0
USR_14091,2026-06-08 08:16:08,treatment,0
USR_18024,2026-06-08 08:18:32,treatment,0
USR_14667,2026-06-08 08:19:03,control,0
USR_13202,2026-06-08 08:20:52,treatment,0
USR_19619,2026-06-08 08:21:29,control,0
USR_08778,2026-06-08 08:22:01,control,0
USR_08289,2026-06-08 08:24:53,control,0
USR_09996,2026-06-08 08:25:02,treatment,0
USR_07977,2026-06-08 08:25:13,treatment,1
USR_03746,2026-06-08 08:25:16,treatment,0
USR_15187,2026-06-08 08:26:46,control,0
USR_11264,2026-06-08 08:26:58,treatment,0
USR_14506,2026-06-08 08:27:35,control,0
USR_12754,2026-06-08 08:27:42,treatment,0
USR_19863,2026-06-08 08:30:20,control,0
USR_03936,2026-06-08 08:31:12,control,0
USR_17671,2026-06-08 08:31:14,control,0
USR_09962,2026-06-08 08:31:47,treatment,0
USR_03941,2026-06-08 08:32:28,treatment,0
USR_17280,2026-06-08 08:33:26,treatment,0
USR_08450,2026-06-08 08:34:39,treatment,0
USR_09127,2026-06-08 08:36:25,control,0
USR_16020,2026-06-08 08:39:20,control,0
USR_19500,2026-06-08 08:40:08,control,0
USR_03667,2026-06-08 08:41:14,treatment,0
USR_02696,2026-06-08 08:42:05,control,0
USR_12046,2026-06-08 08:43:58,control,0
USR_14183,2026-06-08 08:45:10,control,0
USR_12131,2026-06-08 08:52:05,control,0
USR_17259,2026-06-08 08:52:56,treatment,0
USR_09911,2026-06-08 08:54:50,control,0
USR_15726,2026-06-08 08:56:43,treatment,0
USR_19611,2026-06-08 08:57:10,control,0
USR_05669,2026-06-08 08:57:52,control,0
USR_16017,2026-06-08 08:58:59,treatment,0
USR_16846,2026-06-08 08:59:40,control,0
USR_09964,2026-06-08 09:00:07,treatment,1
USR_02448,2026-06-08 09:01:30,treatment,0
USR_16810,2026-06-08 09:02:03,treatment,0
USR_03332,2026-06-08 09:02:22,treatment,0
USR_08553,2026-06-08 09:05:34,control,1
USR_19860,2026-06-08 09:06:36,treatment,0
USR_12023,2026-06-08 09:06:44,treatment,0
USR_05601,2026-06-08 09:09:36,treatment,0
USR_06900,2026-06-08 09:09:44,control,0
USR_06146,2026-06-08 09:10:14,treatment,0
USR_06827,2026-06-08 09:10:41,control,1
USR_02751,2026-06-08 09:11:09,control,0
USR_15814,2026-06-08 09:11:33,control,0
USR_16459,2026-06-08 09:12:38,treatment,0
USR_00778,2026-06-08 09:14:43,treatment,0
USR_19569,2026-06-08 09:18:43,treatment,0
USR_13173,2026-06-08 09:18:53,treatment,1
USR_09070,2026-06-08 09:19:32,treatment,0
USR_15800,2026-06-08 09:19:40,control,0
USR_09807,2026-06-08 09:19:48,control,0
USR_09660,2026-06-08 09:20:09,control,0
USR_03794,2026-06-08 09:20:28,control,0
USR_01738,2026-06-08 09:23:29,treatment,0
USR_05984,2026-06-08 09:23:55,treatment,0
USR_08045,2026-06-08 09:23:57,control,0
USR_12269,2026-06-08 09:25:22,treatment,0
USR_12764,2026-06-08 09:25:40,treatment,0
USR_03811,2026-06-08 09:25:55,treatment,0
USR_00664,2026-06-08 09:28:02,treatment,0
USR_05429,2026-06-08 09:28:51,control,0
USR_11729,2026-06-08 09:29:02,treatment,0
USR_05307,2026-06-08 09:29:35,control,0
USR_04960,2026-06-08 09:29:39,control,0
USR_16538,2026-06-08 09:30:30,control,0
USR_09058,2026-06-08 09:30:41,control,0
USR_04716,2026-06-08 09:33:17,treatment,0
USR_18439,2026-06-08 09:33:54,control,0
USR_14505,2026-06-08 09:33:54,control,0
USR_13055,2026-06-08 09:37:05,treatment,0
USR_08709,2026-06-08 09:37:13,control,0
USR_10495,2026-06-08 09:37:28,treatment,0
USR_05750,2026-06-08 09:38:02,control,0
USR_11078,2026-06-08 09:38:08,control,0
USR_15648,2026-06-08 09:39:17,control,0
USR_02028,2026-06-08 09:39:25,treatment,0
USR_10353,2026-06-08 09:39:27,treatment,1
USR_17508,2026-06-08 09:42:39,treatment,0
USR_00976,2026-06-08 09:43:34,treatment,0
USR_12702,2026-06-08 09:45:13,control,0
USR_08026,2026-06-08 09:46:11,treatment,0
USR_04624,2026-06-08 09:47:09,treatment,0
USR_04294,2026-06-08 09:47:26,treatment,0
USR_18406,2026-06-08 09:47:33,treatment,0
USR_12935,2026-06-08 09:48:57,treatment,0
USR_11995,2026-06-08 09:51:18,treatment,0
USR_17673,2026-06-08 09:52:49,control,0
USR_03571,2026-06-08 09:54:06,treatment,0
USR_07487,2026-06-08 09:54:08,treatment,0
USR_17927,2026-06-08 09:56:20,control,0
USR_02444,2026-06-08 09:58:05,control,0
USR_10717,2026-06-08 09:59:06,treatment,0
USR_14920,2026-06-08 10:00:09,control,0
USR_05642,2026-06-08 10:00:17,control,0
USR_17471,2026-06-08 10:01:26,treatment,0
USR_19149,2026-06-08 10:02:16,control,0
USR_02484,2026-06-08 10:03:42,treatment,1
USR_06034,2026-06-08 10:04:22,control,0
USR_05474,2026-06-08 10:04:23,control,0
USR_11335,2026-06-08 10:04:49,control,0
USR_11145,2026-06-08 10:07:35,treatment,1
USR_06390,2026-06-08 10:09:09,treatment,1
USR_19966,2026-06-08 10:12:43,control,0
USR_13099,2026-06-08 10:14:11,control,0
USR_16771,2026-06-08 10:19:52,treatment,0
USR_02394,2026-06-08 10:20:12,control,0
USR_01718,2026-06-08 10:20:42,control,0
USR_08050,2026-06-08 10:22:27,control,0
USR_18675,2026-06-08 10:22:52,treatment,1
USR_09193,2026-06-08 10:26:36,control,0
USR_18017,2026-06-08 10:26:51,control,0
USR_00078,2026-06-08 10:27:14,treatment,0
USR_12975,2026-06-08 10:27:38,control,0
USR_14464,2026-06-08 10:28:44,control,0
USR_10348,2026-06-08 10:29:07,control,0
USR_16451,2026-06-08 10:29:24,treatment,0
USR_04275,2026-06-08 10:30:45,treatment,0
USR_13762,2026-06-08 10:31:56,treatment,0
USR_05829,2026-06-08 10:32:31,control,0
USR_12365,2026-06-08 10:34:05,control,0
USR_11951,2026-06-08 10:35:27,treatment,0
USR_19886,2026-06-08 10:35:53,control,0
USR_00314,2026-06-08 10:37:12,control,0
USR_08872,2026-06-08 10:39:28,control,0
USR_09860,2026-06-08 10:39:49,treatment,0
USR_05184,2026-06-08 10:40:38,control,0
USR_07886,2026-06-08 10:42:54,treatment,0
USR_02946,2026-06-08 10:42:55,treatment,0
USR_05276,2026-06-08 10:42:56,control,0
USR_04348,2026-06-08 10:43:23,control,0
USR_11832,2026-06-08 10:43:50,control,1
USR_00738,2026-06-08 10:44:46,control,0
USR_01147,2026-06-08 10:45:47,control,0
USR_16631,2026-06-08 10:48:07,treatment,0
USR_15297,2026-06-08 10:48:40,control,0
USR_07450,2026-06-08 10:49:40,control,0
USR_10849,2026-06-08 10:52:28,control,0
USR_13895,2026-06-08 10:52:51,treatment,0
USR_19227,2026-06-08 10:52:55,treatment,0
USR_05486,2026-06-08 10:53:49,control,0
USR_05289,2026-06-08 10:54:19,control,0
USR_06671,2026-06-08 10:54:36,control,0
USR_16809,2026-06-08 10:54:45,treatment,0
USR_11964,2026-06-08 10:58:58,control,0
USR_18904,2026-06-08 10:59:07,treatment,0
USR_10991,2026-06-08 11:00:11,control,0
USR_15826,2026-06-08 11:00:49,treatment,0
USR_04221,2026-06-08 11:03:13,control,0
USR_19929,2026-06-08 11:05:12,treatment,0
USR_15110,2026-06-08 11:05:59,treatment,1
USR_05689,2026-06-08 11:06:53,treatment,0
USR_00686,2026-06-08 11:07:05,treatment,0
USR_03299,2026-06-08 11:07:46,control,0
USR_08616,2026-06-08 11:08:06,control,0
USR_14826,2026-06-08 11:08:54,control,0
USR_12790,2026-06-08 11:09:57,treatment,0
USR_14026,2026-06-08 11:11:12,control,0
USR_03328,2026-06-08 11:13:29,control,0
USR_12697,2026-06-08 11:13:44,treatment,0
USR_09049,2026-06-08 11:15:59,treatment,0
USR_06080,2026-06-08 11:16:32,control,0
USR_00723,2026-06-08 11:16:38,control,0
USR_00322,2026-06-08 11:18:19,control,0
USR_03288,2026-06-08 11:19:19,control,0
USR_00057,2026-06-08 11:21:49,treatment,0
USR_19329,2026-06-08 11:22:37,treatment,0
USR_14320,2026-06-08 11:23:42,treatment,0
USR_15560,2026-06-08 11:23:42,control,0
USR_03132,2026-06-08 11:25:13,control,0
USR_16351,2026-06-08 11:26:33,treatment,0
USR_18031,2026-06-08 11:29:26,control,0
USR_15794,2026-06-08 11:29:45,treatment,0
USR_05441,2026-06-08 11:29:55,treatment,0
USR_04890,2026-06-08 11:31:26,control,0
USR_08759,2026-06-08 11:31:27,control,0
USR_18759,2026-06-08 11:31:39,control,0
USR_02104,2026-06-08 11:31:49,treatment,0
USR_02399,2026-06-08 11:34:37,treatment,0
USR_11963,2026-06-08 11:34:59,control,0
USR_08323,2026-06-08 11:35:56,control,0
USR_10601,2026-06-08 11:36:13,control,0
USR_18353,2026-06-08 11:36:25,control,1
USR_06996,2026-06-08 11:37:04,treatment,0
USR_17533,2026-06-08 11:37:14,control,0
USR_06761,2026-06-08 11:38:27,control,0
USR_05803,2026-06-08 11:39:00,treatment,0
USR_03245,2026-06-08 11:41:11,treatment,0
USR_08941,2026-06-08 11:41:39,treatment,0
USR_18550,2026-06-08 11:43:23,treatment,0
USR_19311,2026-06-08 11:44:13,treatment,0
USR_10522,2026-06-08 11:44:33,treatment,0
USR_17808,2026-06-08 11:45:10,control,0
USR_04125,2026-06-08 11:46:07,control,0
USR_08106,2026-06-08 11:46:30,treatment,0
USR_01882,2026-06-08 11:47:33,control,0
USR_13392,2026-06-08 11:49:58,control,0
USR_12699,2026-06-08 11:50:28,treatment,0
USR_04910,2026-06-08 11:51:39,treatment,1
USR_19027,2026-06-08 11:52:24,control,0
USR_07204,2026-06-08 11:52:48,treatment,0
USR_15333,2026-06-08 11:53:04,treatment,0
USR_14787,2026-06-08 11:53:19,control,0
USR_13171,2026-06-08 11:56:02,treatment,0
USR_15737,2026-06-08 11:56:37,treatment,0
USR_18318,2026-06-08 11:57:40,treatment,0
USR_00905,2026-06-08 11:58:25,control,0
USR_09179,2026-06-08 11:58:28,control,0
USR_10845,2026-06-08 11:59:42,treatment,1
USR_09634,2026-06-08 12:01:56,control,0
USR_07515,2026-06-08 12:02:27,treatment,0
USR_15751,2026-06-08 12:02:41,treatment,0
USR_07625,2026-06-08 12:02:58,control,0
USR_19829,2026-06-08 12:02:59,treatment,0
USR_09164,2026-06-08 12:03:12,control,0
USR_08462,2026-06-08 12:04:06,control,0
USR_17209,2026-06-08 12:04:18,treatment,0
USR_16167,2026-06-08 12:05:53,control,0
USR_17162,2026-06-08 12:06:10,treatment,1
USR_16273,2026-06-08 12:07:36,treatment,1
USR_08164,2026-06-08 12:08:36,treatment,0
USR_13223,2026-06-08 12:08:50,treatment,0
USR_16942,2026-06-08 12:13:22,control,0
USR_01849,2026-06-08 12:13:22,treatment,0
USR_06081,2026-06-08 12:14:26,treatment,1
USR_00134,2026-06-08 12:14:39,control,1
USR_18409,2026-06-08 12:16:07,control,0
USR_01635,2026-06-08 12:17:05,treatment,1
USR_16339,2026-06-08 12:17:33,control,0
USR_09942,2026-06-08 12:19:13,treatment,0
USR_10814,2026-06-08 12:19:37,control,0
USR_08670,2026-06-08 12:19:48,control,0
USR_08902,2026-06-08 12:19:55,control,0
USR_02726,2026-06-08 12:20:58,control,0
USR_02241,2026-06-08 12:21:55,control,0
USR_19663,2026-06-08 12:22:09,treatment,0
USR_12086,2026-06-08 12:23:22,control,0
USR_17200,2026-06-08 12:23:22,control,0
USR_15410,2026-06-08 12:24:34,treatment,0
USR_14138,2026-06-08 12:24:59,control,0
USR_15439,2026-06-08 12:25:08,control,0
USR_07799,2026-06-08 12:25:20,treatment,0
USR_04969,2026-06-08 12:26:02,control,0
USR_09235,2026-06-08 12:26:24,treatment,0
USR_01031,2026-06-08 12:26:34,treatment,0
USR_17704,2026-06-08 12:26:51,control,0
USR_12708,2026-06-08 12:27:45,treatment,0
USR_03641,2026-06-08 12:30:14,control,0
USR_01333,2026-06-08 12:30:33,control,0
USR_15102,2026-06-08 12:31:13,treatment,0
USR_05581,2026-06-08 12:31:50,control,0
USR_11408,2026-06-08 12:32:18,control,0
USR_15587,2026-06-08 12:32:37,treatment,0
USR_01207,2026-06-08 12:32:38,treatment,0
USR_05136,2026-06-08 12:34:12,treatment,0
USR_08593,2026-06-08 12:35:18,control,0
USR_01013,2026-06-08 12:35:36,control,0
USR_06105,2026-06-08 12:36:00,treatment,0
USR_11161,2026-06-08 12:37:16,control,0
USR_18021,2026-06-08 12:37:24,treatment,0
USR_08268,2026-06-08 12:37:26,treatment,0
USR_09782,2026-06-08 12:38:31,control,0
USR_19292,2026-06-08 12:39:07,treatment,0
USR_09298,2026-06-08 12:39:29,control,0
USR_13523,2026-06-08 12:40:48,control,0
USR_19964,2026-06-08 12:40:55,treatment,0
USR_03024,2026-06-08 12:41:25,treatment,0
USR_12527,2026-06-08 12:41:48,treatment,0
USR_15259,2026-06-08 12:41:58,control,0
USR_18599,2026-06-08 12:42:07,control,0
USR_12955,2026-06-08 12:44:31,control,0
USR_19045,2026-06-08 12:44:47,control,0
USR_09016,2026-06-08 12:45:23,treatment,0
USR_11525,2026-06-08 12:46:02,treatment,1
USR_13242,2026-06-08 12:48:15,treatment,0
USR_11246,2026-06-08 12:48:18,control,0
USR_03235,2026-06-08 12:49:05,control,0
USR_17694,2026-06-08 12:50:57,treatment,0
USR_10069,2026-06-08 12:51:49,treatment,0
USR_07752,2026-06-08 12:53:42,treatment,0
USR_10554,2026-06-08 12:54:00,treatment,0
USR_19866,2026-06-08 12:56:31,treatment,0
USR_11903,2026-06-08 12:56:41,control,0
USR_03877,2026-06-08 12:57:19,control,0
USR_00712,2026-06-08 12:57:53,treatment,0
USR_15146,2026-06-08 12:58:19,treatment,0
USR_14131,2026-06-08 12:58:42,treatment,0
USR_05291,2026-06-08 12:58:53,treatment,1
USR_12803,2026-06-08 12:59:10,control,0
USR_02547,2026-06-08 12:59:41,control,0
USR_07393,2026-06-08 12:59:52,treatment,0
USR_00877,2026-06-08 12:59:55,treatment,0
USR_01279,2026-06-08 13:00:28,control,0
USR_04947,2026-06-08 13:01:21,control,0
USR_13789,2026-06-08 13:01:34,treatment,0
USR_06723,2026-06-08 13:01:46,treatment,0
USR_14277,2026-06-08 13:02:49,treatment,0
USR_05798,2026-06-08 13:04:50,control,0
USR_13722,2026-06-08 13:05:14,control,0
USR_00550,2026-06-08 13:05:36,control,0
USR_16398,2026-06-08 13:05:48,control,0
USR_02864,2026-06-08 13:09:00,control,0
USR_11255,2026-06-08 13:09:19,control,0
USR_14189,2026-06-08 13:11:45,control,0
USR_11440,2026-06-08 13:12:09,treatment,0
USR_09386,2026-06-08 13:12:21,control,0
USR_06842,2026-06-08 13:12:26,control,0
USR_01713,2026-06-08 13:12:46,control,0
USR_01145,2026-06-08 13:12:49,treatment,0
USR_02317,2026-06-08 13:15:27,treatment,1
USR_08315,2026-06-08 13:16:57,treatment,0
USR_03510,2026-06-08 13:17:37,treatment,0
USR_10049,2026-06-08 13:18:04,control,0
USR_15718,2026-06-08 13:18:51,control,0
USR_01215,2026-06-08 13:18:57,control,0
USR_15863,2026-06-08 13:21:03,control,0
USR_08137,2026-06-08 13:21:06,treatment,1
USR_16457,2026-06-08 13:21:28,treatment,0
USR_08556,2026-06-08 13:21:31,control,0
USR_02065,2026-06-08 13:21:40,treatment,0
USR_08734,2026-06-08 13:22:45,treatment,0
USR_00256,2026-06-08 13:22:54,control,0
USR_02387,2026-06-08 13:25:51,treatment,0
USR_00837,2026-06-08 13:25:53,treatment,0
USR_16383,2026-06-08 13:26:27,control,0
USR_16458,2026-06-08 13:26:51,treatment,0
USR_05339,2026-06-08 13:27:21,treatment,0
USR_16955,2026-06-08 13:27:41,control,0
USR_02912,2026-06-08 13:29:45,treatment,0
USR_10852,2026-06-08 13:30:33,treatment,0
USR_01131,2026-06-08 13:30:50,control,0
USR_00375,2026-06-08 13:31:40,control,0
USR_19752,2026-06-08 13:32:46,control,0
USR_09620,2026-06-08 13:34:34,control,1
USR_12551,2026-06-08 13:35:38,treatment,0
USR_13487,2026-06-08 13:36:01,treatment,0
USR_06036,2026-06-08 13:37:47,treatment,0
USR_01397,2026-06-08 13:37:49,control,0
USR_19121,2026-06-08 13:38:57,control,0
USR_03963,2026-06-08 13:39:07,treatment,0
USR_15878,2026-06-08 13:39:12,control,0
USR_17644,2026-06-08 13:40:17,control,0
USR_15212,2026-06-08 13:40:27,control,0
USR_17779,2026-06-08 13:40:33,treatment,0
USR_17487,2026-06-08 13:41:06,treatment,0
USR_10233,2026-06-08 13:41:13,treatment,0
USR_01050,2026-06-08 13:41:13,control,0
USR_14239,2026-06-08 13:43:33,treatment,0
USR_17650,2026-06-08 13:43:55,control,0
USR_02436,2026-06-08 13:44:41,treatment,0
USR_19840,2026-06-08 13:44:44,control,0
USR_19296,2026-06-08 13:46:21,control,0
USR_06075,2026-06-08 13:47:56,treatment,0
USR_04566,2026-06-08 13:48:49,control,0
USR_17114,2026-06-08 13:49:19,treatment,0
USR_15783,2026-06-08 13:50:17,treatment,0
USR_17060,2026-06-08 13:53:34,control,0
USR_17496,2026-06-08 13:53:38,control,0
USR_02362,2026-06-08 13:54:12,treatment,0
USR_19407,2026-06-08 13:55:28,control,0
USR_18884,2026-06-08 13:56:37,control,0
USR_17626,2026-06-08 13:58:36,control,0
USR_17774,2026-06-08 14:01:44,control,0
USR_03020,2026-06-08 14:01:51,treatment,0
USR_07949,2026-06-08 14:01:56,control,0
USR_05432,2026-06-08 14:02:00,treatment,0
USR_12840,2026-06-08 14:02:55,control,0
USR_14256,2026-06-08 14:03:48,treatment,0
USR_06345,2026-06-08 14:03:49,control,0
USR_00848,2026-06-08 14:05:19,control,1
USR_11645,2026-06-08 14:06:04,control,0
USR_09740,2026-06-08 14:07:29,control,0
USR_07894,2026-06-08 14:09:08,control,0
USR_10459,2026-06-08 14:11:54,treatment,0
USR_18213,2026-06-08 14:12:31,treatment,0
USR_01604,2026-06-08 14:12:48,control,0
USR_13400,2026-06-08 14:12:50,control,0
USR_03524,2026-06-08 14:15:36,treatment,0
USR_08052,2026-06-08 14:16:14,treatment,0
USR_17509,2026-06-08 14:16:46,treatment,1
USR_07159,2026-06-08 14:18:02,treatment,0
USR_09905,2026-06-08 14:19:12,treatment,1
USR_18126,2026-06-08 14:21:13,control,0
USR_07093,2026-06-08 14:22:03,treatment,0
USR_16023,2026-06-08 14:24:43,treatment,1
USR_10925,2026-06-08 14:25:11,treatment,1
USR_14281,2026-06-08 14:27:33,control,1
USR_08563,2026-06-08 14:28:17,treatment,0
USR_17806,2026-06-08 14:28:34,treatment,0
USR_10474,2026-06-08 14:30:53,control,0
USR_17915,2026-06-08 14:35:11,treatment,0
USR_12161,2026-06-08 14:35:37,treatment,0
USR_18360,2026-06-08 14:37:36,treatment,0
USR_19521,2026-06-08 14:37:49,control,0
USR_04539,2026-06-08 14:38:00,control,0
USR_04228,2026-06-08 14:38:40,control,0
USR_18293,2026-06-08 14:39:12,control,0
USR_12123,2026-06-08 14:40:07,treatment,0
USR_02322,2026-06-08 14:40:30,treatment,0
USR_05957,2026-06-08 14:41:41,treatment,0
USR_04149,2026-06-08 14:43:44,control,0
USR_16930,2026-06-08 14:44:29,treatment,0
USR_14919,2026-06-08 14:44:57,treatment,0
USR_09325,2026-06-08 14:45:57,treatment,1
USR_10380,2026-06-08 14:46:01,treatment,0
USR_16436,2026-06-08 14:46:34,control,0
USR_01011,2026-06-08 14:46:59,control,0
USR_14265,2026-06-08 14:47:06,control,0
USR_10016,2026-06-08 14:47:08,control,0
USR_12299,2026-06-08 14:48:31,treatment,1
USR_02776,2026-06-08 14:48:35,treatment,0
USR_03538,2026-06-08 14:51:20,treatment,0
USR_12502,2026-06-08 14:52:59,treatment,0
USR_18144,2026-06-08 14:53:17,treatment,0
USR_16402,2026-06-08 14:53:28,control,0
USR_05053,2026-06-08 14:54:24,treatment,0
USR_07740,2026-06-08 14:56:34,treatment,0
USR_11070,2026-06-08 14:57:45,control,0
USR_14922,2026-06-08 14:59:27,control,0
USR_15661,2026-06-08 15:02:16,treatment,0
USR_06734,2026-06-08 15:02:43,treatment,0
USR_14901,2026-06-08 15:04:07,treatment,0
USR_11674,2026-06-08 15:06:12,control,0
USR_18119,2026-06-08 15:06:15,treatment,0
USR_06792,2026-06-08 15:06:49,control,0
USR_14226,2026-06-08 15:06:56,treatment,0
USR_00899,2026-06-08 15:07:16,control,0
USR_04759,2026-06-08 15:11:05,treatment,0
USR_03518,2026-06-08 15:11:10,treatment,0
USR_01211,2026-06-08 15:11:32,treatment,0
USR_02821,2026-06-08 15:14:11,control,0
USR_03724,2026-06-08 15:14:23,treatment,0
USR_10564,2026-06-08 15:14:43,treatment,0
USR_00258,2026-06-08 15:15:05,treatment,0
USR_10125,2026-06-08 15:15:58,treatment,0
USR_07086,2026-06-08 15:16:25,treatment,0
USR_18737,2026-06-08 15:17:04,treatment,0
USR_17681,2026-06-08 15:19:12,control,0
USR_11558,2026-06-08 15:20:26,treatment,0
USR_19879,2026-06-08 15:22:08,treatment,0
USR_06830,2026-06-08 15:23:09,treatment,0
USR_13581,2026-06-08 15:23:33,treatment,0
USR_16756,2026-06-08 15:24:05,treatment,0
USR_15445,2026-06-08 15:25:45,treatment,0
USR_19746,2026-06-08 15:26:16,treatment,1
USR_18309,2026-06-08 15:27:08,treatment,0
USR_03692,2026-06-08 15:28:07,control,0
USR_19095,2026-06-08 15:28:18,treatment,0
USR_02192,2026-06-08 15:29:00,control,0
USR_11339,2026-06-08 15:31:06,treatment,0
USR_11559,2026-06-08 15:31:34,control,0
USR_03287,2026-06-08 15:32:01,control,0
USR_14543,2026-06-08 15:32:07,treatment,0
USR_00818,2026-06-08 15:34:36,control,0
USR_03048,2026-06-08 15:34:38,control,0
USR_01734,2026-06-08 15:35:58,treatment,0
USR_16974,2026-06-08 15:36:50,treatment,1
USR_09709,2026-06-08 15:37:25,control,0
USR_06324,2026-06-08 15:38:29,treatment,0
USR_07496,2026-06-08 15:39:06,treatment,1
USR_12744,2026-06-08 15:40:36,control,0
USR_19196,2026-06-08 15:40:46,treatment,1
USR_04751,2026-06-08 15:41:40,control,0
USR_00093,2026-06-08 15:42:33,control,0
USR_19743,2026-06-08 15:44:06,control,0
USR_14056,2026-06-08 15:44:26,treatment,0
USR_13193,2026-06-08 15:44:46,control,0
USR_19654,2026-06-08 15:45:20,control,0
USR_01818,2026-06-08 15:46:38,treatment,0
USR_16586,2026-06-08 15:49:00,treatment,0
USR_17767,2026-06-08 15:51:11,treatment,0
USR_12170,2026-06-08 15:52:12,control,1
USR_17898,2026-06-08 15:53:53,treatment,0
USR_08641,2026-06-08 15:53:59,control,1
USR_14439,2026-06-08 15:55:04,control,0
USR_03990,2026-06-08 15:55:31,treatment,0
USR_09334,2026-06-08 15:57:01,treatment,0
USR_04719,2026-06-08 15:57:50,treatment,0
USR_19522,2026-06-08 15:58:34,treatment,0
USR_09217,2026-06-08 15:58:44,treatment,0
USR_01690,2026-06-08 16:00:57,treatment,1
USR_19243,2026-06-08 16:01:55,control,0
USR_11999,2026-06-08 16:02:33,control,0
USR_06865,2026-06-08 16:02:45,treatment,1
USR_02040,2026-06-08 16:04:00,treatment,0
USR_14974,2026-06-08 16:04:09,control,0
USR_07277,2026-06-08 16:05:45,control,0
USR_16945,2026-06-08 16:07:38,treatment,0
USR_03154,2026-06-08 16:07:45,treatment,0
USR_09261,2026-06-08 16:08:13,treatment,0
USR_16629,2026-06-08 16:09:15,control,0
USR_00920,2026-06-08 16:10:28,control,0
USR_17547,2026-06-08 16:10:28,treatment,0
USR_05801,2026-06-08 16:10:30,treatment,0
USR_04257,2026-06-08 16:11:29,treatment,0
USR_06834,2026-06-08 16:12:12,treatment,0
USR_03460,2026-06-08 16:13:10,treatment,0
USR_17418,2026-06-08 16:13:37,treatment,0
USR_19643,2026-06-08 16:14:12,treatment,1
USR_15172,2026-06-08 16:14:16,control,0
USR_18698,2026-06-08 16:15:18,control,0
USR_06251,2026-06-08 16:15:36,treatment,0
USR_00264,2026-06-08 16:16:13,control,0
USR_16648,2026-06-08 16:16:43,control,0
USR_03344,2026-06-08 16:16:55,treatment,1
USR_04762,2026-06-08 16:18:42,treatment,0
USR_14151,2026-06-08 16:21:07,treatment,0
USR_04583,2026-06-08 16:22:27,control,0
USR_19960,2026-06-08 16:23:43,control,0
USR_07236,2026-06-08 16:24:08,control,0
USR_13477,2026-06-08 16:24:31,control,0
USR_08218,2026-06-08 16:26:44,treatment,0
USR_12495,2026-06-08 16:28:15,treatment,0
USR_16711,2026-06-08 16:29:22,treatment,0
USR_13314,2026-06-08 16:29:32,control,0
USR_00245,2026-06-08 16:30:15,control,0
USR_06805,2026-06-08 16:30:18,control,1
USR_18118,2026-06-08 16:30:57,control,0
USR_17719,2026-06-08 16:30:57,control,0
USR_01360,2026-06-08 16:32:47,control,0
USR_10132,2026-06-08 16:32:53,control,0
USR_15096,2026-06-08 16:33:16,control,0
USR_05409,2026-06-08 16:33:35,treatment,0
USR_06796,2026-06-08 16:35:50,treatment,0
USR_12193,2026-06-08 16:36:12,control,0
USR_09850,2026-06-08 16:37:02,treatment,0
USR_08090,2026-06-08 16:40:02,control,0
USR_12543,2026-06-08 16:41:36,treatment,0
USR_15380,2026-06-08 16:42:21,treatment,0
USR_14083,2026-06-08 16:43:05,treatment,0
USR_12111,2026-06-08 16:44:33,control,0
USR_18279,2026-06-08 16:45:24,control,0
USR_10926,2026-06-08 16:45:47,control,0
USR_05138,2026-06-08 16:47:16,control,0
USR_16555,2026-06-08 16:49:17,control,0
USR_07961,2026-06-08 16:51:44,control,0
USR_10931,2026-06-08 16:53:50,control,0
USR_04164,2026-06-08 16:56:23,treatment,0
USR_18244,2026-06-08 17:00:23,treatment,0
USR_09855,2026-06-08 17:01:26,treatment,0
USR_04493,2026-06-08 17:01:53,treatment,1
USR_01915,2026-06-08 17:02:59,control,0
USR_18195,2026-06-08 17:03:07,control,0
USR_12950,2026-06-08 17:03:44,treatment,1
USR_04033,2026-06-08 17:04:51,control,0
USR_03440,2026-06-08 17:05:12,control,1
USR_08422,2026-06-08 17:06:36,control,0
USR_06198,2026-06-08 17:07:49,control,0
USR_19710,2026-06-08 17:09:16,control,0
USR_05337,2026-06-08 17:09:40,control,0
USR_04452,2026-06-08 17:09:50,treatment,1
USR_10563,2026-06-08 17:12:50,treatment,0
USR_17101,2026-06-08 17:13:10,treatment,1
USR_02437,2026-06-08 17:13:28,control,0
USR_14024,2026-06-08 17:14:26,control,0
USR_08309,2026-06-08 17:15:29,treatment,1
USR_02449,2026-06-08 17:16:38,control,0
USR_02660,2026-06-08 17:17:36,control,0
USR_06680,2026-06-08 17:17:50,control,0
USR_07279,2026-06-08 17:18:40,treatment,0
USR_04241,2026-06-08 17:19:38,treatment,0
USR_05294,2026-06-08 17:22:24,treatment,0
USR_18477,2026-06-08 17:23:00,control,0
USR_16899,2026-06-08 17:23:07,control,0
USR_09231,2026-06-08 17:23:48,control,0
USR_06935,2026-06-08 17:25:19,control,0
USR_02974,2026-06-08 17:28:58,control,0
USR_09278,2026-06-08 17:28:59,control,0
USR_15271,2026-06-08 17:30:24,treatment,0
USR_01904,2026-06-08 17:32:14,treatment,0
USR_09889,2026-06-08 17:32:18,treatment,0
USR_19492,2026-06-08 17:33:04,control,0
USR_05937,2026-06-08 17:33:09,control,1
USR_07585,2026-06-08 17:33:32,control,0
USR_07362,2026-06-08 17:34:32,control,0
USR_14961,2026-06-08 17:35:05,treatment,0
USR_08750,2026-06-08 17:35:06,treatment,0
USR_19685,2026-06-08 17:35:24,control,0
USR_12662,2026-06-08 17:37:01,control,0
USR_03602,2026-06-08 17:37:57,control,0
USR_00248,2026-06-08 17:39:30,treatment,0
USR_09956,2026-06-08 17:39:48,control,0
USR_02057,2026-06-08 17:39:49,control,0
USR_00044,2026-06-08 17:40:46,treatment,0
USR_13755,2026-06-08 17:41:03,control,0
USR_16980,2026-06-08 17:41:28,control,0
USR_00153,2026-06-08 17:42:04,treatment,0
USR_13328,2026-06-08 17:43:01,treatment,0
USR_05513,2026-06-08 17:43:45,treatment,0
USR_10320,2026-06-08 17:44:54,treatment,0
USR_10532,2026-06-08 17:44:59,control,0
USR_05419,2026-06-08 17:45:38,treatment,0
USR_11512,2026-06-08 17:46:29,control,0
USR_01212,2026-06-08 17:46:55,control,0
USR_17451,2026-06-08 17:50:47,control,0
USR_13317,2026-06-08 17:51:28,control,0
USR_09252,2026-06-08 17:51:51,treatment,0
USR_07049,2026-06-08 17:53:13,treatment,0
USR_10672,2026-06-08 17:53:27,control,0
USR_11320,2026-06-08 17:53:54,control,0
USR_16973,2026-06-08 17:53:57,treatment,0
USR_18131,2026-06-08 17:54:59,treatment,0
USR_15534,2026-06-08 17:55:07,treatment,0
USR_01880,2026-06-08 17:56:13,treatment,0
USR_03071,2026-06-08 17:56:47,treatment,1
USR_09476,2026-06-08 17:57:51,control,0
USR_04373,2026-06-08 17:58:15,control,1
USR_01606,2026-06-08 17:58:56,treatment,0
USR_14689,2026-06-08 18:00:16,control,0
USR_16220,2026-06-08 18:00:31,treatment,0
USR_16919,2026-06-08 18:02:24,treatment,0
USR_10946,2026-06-08 18:02:43,control,0
USR_06832,2026-06-08 18:02:50,treatment,0
USR_03741,2026-06-08 18:03:11,treatment,0
USR_00569,2026-06-08 18:06:48,treatment,0
USR_13286,2026-06-08 18:06:54,treatment,0
USR_02414,2026-06-08 18:06:55,treatment,0
USR_08402,2026-06-08 18:07:15,treatment,0
USR_18894,2026-06-08 18:07:49,control,0
USR_09736,2026-06-08 18:09:42,treatment,0
USR_13372,2026-06-08 18:09:56,control,0
USR_07202,2026-06-08 18:11:14,control,0
USR_12132,2026-06-08 18:12:56,treatment,0
USR_13665,2026-06-08 18:13:09,control,0
USR_12120,2026-06-08 18:14:29,control,0
USR_08702,2026-06-08 18:19:26,control,0
USR_04458,2026-06-08 18:21:44,control,0
USR_11574,2026-06-08 18:22:32,treatment,0
USR_04058,2026-06-08 18:24:25,control,0
USR_11587,2026-06-08 18:25:08,control,0
USR_01671,2026-06-08 18:25:18,control,0
USR_09541,2026-06-08 18:25:43,control,0
USR_17505,2026-06-08 18:26:02,treatment,0
USR_13512,2026-06-08 18:29:23,control,0
USR_02778,2026-06-08 18:29:53,treatment,0
USR_03482,2026-06-08 18:30:34,treatment,1
USR_07651,2026-06-08 18:30:37,control,1
USR_04847,2026-06-08 18:34:32,treatment,0
USR_04404,2026-06-08 18:35:48,treatment,0
USR_08796,2026-06-08 18:36:03,control,0
USR_03255,2026-06-08 18:37:19,treatment,0
USR_12896,2026-06-08 18:37:36,control,0
USR_09207,2026-06-08 18:37:58,control,0
USR_13699,2026-06-08 18:39:07,control,1
USR_06645,2026-06-08 18:41:14,control,0
USR_07082,2026-06-08 18:42:49,treatment,0
USR_16981,2026-06-08 18:44:23,control,0
USR_16598,2026-06-08 18:44:35,control,0
USR_02279,2026-06-08 18:47:26,control,0
USR_15449,2026-06-08 18:48:01,treatment,0
USR_19255,2026-06-08 18:48:15,control,0
USR_14015,2026-06-08 18:48:19,control,0
USR_15347,2026-06-08 18:48:40,treatment,0
USR_06700,2026-06-08 18:49:07,treatment,0
USR_15551,2026-06-08 18:49:09,treatment,0
USR_18530,2026-06-08 18:49:31,treatment,0
USR_03360,2026-06-08 18:50:01,control,0
USR_17434,2026-06-08 18:52:30,control,1
USR_01341,2026-06-08 18:53:38,treatment,0
USR_16322,2026-06-08 18:56:11,treatment,0
USR_04083,2026-06-08 18:56:39,control,0
USR_15317,2026-06-08 18:58:50,treatment,0
USR_03696,2026-06-08 18:58:52,treatment,0
USR_14358,2026-06-08 19:00:22,treatment,1
USR_01191,2026-06-08 19:00:31,treatment,0
USR_01888,2026-06-08 19:02:02,treatment,0
USR_04248,2026-06-08 19:02:44,control,0
USR_14641,2026-06-08 19:03:06,treatment,0
USR_08435,2026-06-08 19:03:38,treatment,1
USR_11385,2026-06-08 19:03:57,control,0
USR_06249,2026-06-08 19:04:16,treatment,0
USR_07632,2026-06-08 19:04:25,treatment,1
USR_06162,2026-06-08 19:04:47,control,0
USR_00613,2026-06-08 19:04:49,treatment,0
USR_13907,2026-06-08 19:06:14,control,0
USR_18354,2026-06-08 19:06:25,control,0
USR_05761,2026-06-08 19:06:55,treatment,0
USR_13240,2026-06-08 19:07:20,treatment,0
USR_03257,2026-06-08 19:07:57,treatment,0
USR_04534,2026-06-08 19:08:58,treatment,0
USR_19324,2026-06-08 19:09:35,treatment,0
USR_06168,2026-06-08 19:10:30,control,0
USR_03597,2026-06-08 19:10:44,control,0
USR_11407,2026-06-08 19:11:23,control,0
USR_03216,2026-06-08 19:13:17,treatment,0
USR_05176,2026-06-08 19:13:40,treatment,0
USR_13452,2026-06-08 19:14:03,control,0
USR_12528,2026-06-08 19:14:09,control,0
USR_05671,2026-06-08 19:15:10,treatment,0
USR_00435,2026-06-08 19:16:16,treatment,0
USR_11700,2026-06-08 19:18:26,control,0
USR_04857,2026-06-08 19:18:55,control,0
USR_03546,2026-06-08 19:20:18,control,0
USR_00432,2026-06-08 19:20:33,treatment,0
USR_19724,2026-06-08 19:21:09,control,0
USR_07819,2026-06-08 19:22:59,treatment,0
USR_07804,2026-06-08 19:23:05,treatment,0
USR_03886,2026-06-08 19:23:48,control,0
USR_17629,2026-06-08 19:27:33,control,0
USR_11997,2026-06-08 19:29:24,treatment,0
USR_17878,2026-06-08 19:29:37,control,0
USR_17438,2026-06-08 19:30:01,control,0
USR_12626,2026-06-08 19:30:31,control,0
USR_18533,2026-06-08 19:30:42,control,0
USR_03960,2026-06-08 19:32:25,treatment,0
USR_14053,2026-06-08 19:33:21,treatment,0
USR_19856,2026-06-08 19:34:08,treatment,0
USR_04494,2026-06-08 19:37:03,control,0
USR_12276,2026-06-08 19:38:35,control,0
USR_01577,2026-06-08 19:38:35,control,0
USR_11527,2026-06-08 19:42:03,treatment,0
USR_07287,2026-06-08 19:42:05,treatment,0
USR_18314,2026-06-08 19:43:01,control,0
USR_13096,2026-06-08 19:45:43,control,0
USR_17506,2026-06-08 19:45:59,control,0
USR_08649,2026-06-08 19:46:33,control,0
USR_12204,2026-06-08 19:48:51,control,0
USR_15813,2026-06-08 19:48:53,control,1
USR_01315,2026-06-08 19:48:58,treatment,0
USR_14491,2026-06-08 19:49:06,control,0
USR_16726,2026-06-08 19:49:42,control,0
USR_10441,2026-06-08 19:49:48,treatment,0
USR_01006,2026-06-08 19:50:13,treatment,0
USR_19704,2026-06-08 19:50:14,control,0
USR_11753,2026-06-08 19:50:33,treatment,0
USR_14926,2026-06-08 19:53:45,control,0
USR_18536,2026-06-08 19:54:06,control,0
USR_04078,2026-06-08 19:54:32,control,0
USR_15487,2026-06-08 19:55:24,control,0
USR_17830,2026-06-08 19:56:46,control,0
USR_15225,2026-06-08 19:57:46,control,1
USR_15276,2026-06-08 19:57:58,control,0
USR_10826,2026-06-08 19:58:06,treatment,0
USR_08773,2026-06-08 19:58:46,control,0
USR_01644,2026-06-08 19:59:25,control,0
USR_08575,2026-06-08 20:00:37,treatment,0
USR_00698,2026-06-08 20:01:05,control,0
USR_15068,2026-06-08 20:03:34,treatment,0
USR_11357,2026-06-08 20:03:40,treatment,0
USR_13948,2026-06-08 20:07:04,control,0
USR_06914,2026-06-08 20:08:03,treatment,0
USR_01295,2026-06-08 20:09:28,treatment,0
USR_12164,2026-06-08 20:09:33,control,0
USR_03107,2026-06-08 20:11:26,control,0
USR_07043,2026-06-08 20:13:47,treatment,0
USR_14216,2026-06-08 20:16:30,control,0
USR_02180,2026-06-08 20:18:26,control,0
USR_08241,2026-06-08 20:19:28,treatment,0
USR_08947,2026-06-08 20:19:35,control,0
USR_19533,2026-06-08 20:19:43,control,0
USR_05034,2026-06-08 20:19:59,control,0
USR_14042,2026-06-08 20:20:58,treatment,0
USR_18004,2026-06-08 20:21:37,control,0
USR_05618,2026-06-08 20:22:18,control,0
USR_01157,2026-06-08 20:22:28,control,0
USR_00631,2026-06-08 20:23:06,control,0
USR_16325,2026-06-08 20:25:11,treatment,0
USR_12033,2026-06-08 20:25:27,treatment,0
USR_06457,2026-06-08 20:26:27,control,0
USR_17182,2026-06-08 20:26:55,treatment,0
USR_14185,2026-06-08 20:28:53,control,0
USR_19195,2026-06-08 20:30:36,control,0
USR_17229,2026-06-08 20:31:54,control,1
USR_00385,2026-06-08 20:32:39,treatment,0
USR_09473,2026-06-08 20:32:40,treatment,0
USR_02762,2026-06-08 20:32:46,control,0
USR_02351,2026-06-08 20:34:00,control,0
USR_11404,2026-06-08 20:34:56,treatment,0
USR_09024,2026-06-08 20:35:29,control,0
USR_16240,2026-06-08 20:36:38,control,0
USR_18907,2026-06-08 20:37:11,treatment,0
USR_14172,2026-06-08 20:38:55,treatment,0
USR_13290,2026-06-08 20:39:44,control,0
USR_01379,2026-06-08 20:40:05,treatment,0
USR_16634,2026-06-08 20:40:14,control,0
USR_15198,2026-06-08 20:40:56,treatment,0
USR_00828,2026-06-08 20:42:29,control,1
USR_11813,2026-06-08 20:42:30,control,1
USR_04272,2026-06-08 20:45:02,treatment,0
USR_09921,2026-06-08 20:46:53,control,1
USR_11464,2026-06-08 20:47:04,control,0
USR_16661,2026-06-08 20:47:13,control,0
USR_04918,2026-06-08 20:47:27,control,0
USR_16010,2026-06-08 20:50:08,control,1
USR_06100,2026-06-08 20:50:47,control,0
USR_06908,2026-06-08 20:50:48,control,0
USR_02535,2026-06-08 20:51:10,treatment,0
USR_15650,2026-06-08 20:53:20,control,0
USR_16739,2026-06-08 20:53:30,treatment,1
USR_15925,2026-06-08 20:54:34,control,0
USR_19867,2026-06-08 20:55:17,control,0
USR_10705,2026-06-08 20:55:53,control,1
USR_19241,2026-06-08 20:56:05,control,0
USR_00470,2026-06-08 20:57:06,control,0
USR_16380,2026-06-08 20:57:45,treatment,0
USR_09151,2026-06-08 20:59:13,control,0
USR_07172,2026-06-08 20:59:30,treatment,0
USR_11523,2026-06-08 21:01:01,treatment,0
USR_09859,2026-06-08 21:01:17,control,0
USR_09222,2026-06-08 21:01:32,treatment,0
USR_16445,2026-06-08 21:01:43,treatment,0
USR_00289,2026-06-08 21:01:46,treatment,0
USR_06455,2026-06-08 21:02:07,control,0
USR_17316,2026-06-08 21:02:08,control,0
USR_13664,2026-06-08 21:02:30,treatment,0
USR_07138,2026-06-08 21:04:06,treatment,0
USR_03119,2026-06-08 21:04:15,control,0
USR_12141,2026-06-08 21:04:15,control,0
USR_13676,2026-06-08 21:05:02,treatment,0
USR_18367,2026-06-08 21:06:09,treatment,0
USR_01380,2026-06-08 21:06:54,control,0
USR_06356,2026-06-08 21:09:12,treatment,1
USR_06810,2026-06-08 21:09:53,control,0
USR_10345,2026-06-08 21:11:04,control,0
USR_05331,2026-06-08 21:11:53,control,0
USR_14644,2026-06-08 21:12:51,control,0
USR_10086,2026-06-08 21:13:12,treatment,0
USR_16913,2026-06-08 21:14:49,control,0
USR_00065,2026-06-08 21:15:04,control,0
USR_16764,2026-06-08 21:15:33,control,0
USR_05360,2026-06-08 21:15:35,treatment,1
USR_07507,2026-06-08 21:15:56,treatment,0
USR_02404,2026-06-08 21:16:54,treatment,0
USR_04575,2026-06-08 21:18:14,treatment,0
USR_19636,2026-06-08 21:20:07,treatment,0
USR_10524,2026-06-08 21:22:05,treatment,0
USR_02170,2026-06-08 21:24:03,control,0
USR_12335,2026-06-08 21:26:28,treatment,0
USR_02699,2026-06-08 21:27:15,treatment,0
USR_00215,2026-06-08 21:27:31,treatment,0
USR_18489,2026-06-08 21:29:58,control,0
USR_01041,2026-06-08 21:30:41,treatment,0
USR_16670,2026-06-08 21:31:03,control,0
USR_09327,2026-06-08 21:31:39,control,0
USR_14161,2026-06-08 21:33:03,control,0
USR_04565,2026-06-08 21:35:40,control,0
USR_03808,2026-06-08 21:36:06,treatment,0
USR_03162,2026-06-08 21:36:24,control,0
USR_19947,2026-06-08 21:36:53,treatment,0
USR_19655,2026-06-08 21:37:36,treatment,0
USR_01344,2026-06-08 21:39:05,control,0
USR_15267,2026-06-08 21:39:50,treatment,0
USR_01272,2026-06-08 21:40:47,treatment,0
USR_12150,2026-06-08 21:41:04,treatment,0
USR_13241,2026-06-08 21:41:17,treatment,0
USR_12475,2026-06-08 21:42:05,treatment,0
USR_10157,2026-06-08 21:43:28,treatment,0
USR_08395,2026-06-08 21:44:59,control,0
USR_00887,2026-06-08 21:46:14,control,0
USR_19481,2026-06-08 21:46:28,treatment,0
USR_12816,2026-06-08 21:47:53,control,0
USR_15723,2026-06-08 21:48:14,control,0
USR_12092,2026-06-08 21:49:22,treatment,0
USR_14726,2026-06-08 21:51:28,treatment,0
USR_05408,2026-06-08 21:52:31,treatment,0
USR_03594,2026-06-08 21:52:35,control,0
USR_02491,2026-06-08 21:52:55,control,0
USR_09778,2026-06-08 21:53:02,control,0
USR_01061,2026-06-08 21:54:33,control,0
USR_00180,2026-06-08 21:55:23,control,0
USR_09062,2026-06-08 21:55:58,control,1
USR_16276,2026-06-08 21:56:03,treatment,0
USR_06167,2026-06-08 21:56:07,control,0
USR_15505,2026-06-08 21:56:19,control,0
USR_10397,2026-06-08 21:56:32,control,0
USR_05683,2026-06-08 21:57:01,treatment,0
USR_16165,2026-06-08 21:57:31,control,0
USR_15230,2026-06-08 21:58:07,control,0
USR_19273,2026-06-08 22:03:48,control,0
USR_06615,2026-06-08 22:05:03,control,0
USR_13677,2026-06-08 22:09:45,control,0
USR_13944,2026-06-08 22:13:22,treatment,0
USR_18092,2026-06-08 22:13:38,treatment,0
USR_18549,2026-06-08 22:13:57,treatment,0
USR_14006,2026-06-08 22:14:20,control,0
USR_06812,2026-06-08 22:14:39,treatment,0
USR_14569,2026-06-08 22:15:26,control,0
USR_10551,2026-06-08 22:16:45,treatment,0
USR_00086,2026-06-08 22:17:15,control,0
USR_01547,2026-06-08 22:17:56,treatment,0
USR_00213,2026-06-08 22:18:02,control,0
USR_12988,2026-06-08 22:22:36,treatment,0
USR_12644,2026-06-08 22:23:54,treatment,0
USR_19948,2026-06-08 22:24:03,control,0
USR_06389,2026-06-08 22:26:32,control,0
USR_12647,2026-06-08 22:29:59,control,0
USR_08561,2026-06-08 22:33:07,control,0
USR_13516,2026-06-08 22:33:07,control,0
USR_02650,2026-06-08 22:33:21,control,0
USR_07339,2026-06-08 22:34:31,control,0
USR_00833,2026-06-08 22:34:46,treatment,0
USR_08359,2026-06-08 22:35:27,control,0
USR_02199,2026-06-08 22:36:25,control,0
USR_16352,2026-06-08 22:38:21,treatment,0
USR_04063,2026-06-08 22:40:49,treatment,0
USR_14229,2026-06-08 22:43:42,control,0
USR_16287,2026-06-08 22:44:54,control,0
USR_11752,2026-06-08 22:44:55,control,0
USR_09219,2026-06-08 22:45:06,treatment,0
USR_12115,2026-06-08 22:45:29,treatment,0
USR_04181,2026-06-08 22:45:33,control,0
USR_16827,2026-06-08 22:46:53,treatment,0
USR_11564,2026-06-08 22:46:54,control,0
USR_10982,2026-06-08 22:47:11,treatment,0
USR_08494,2026-06-08 22:47:12,treatment,0
USR_06546,2026-06-08 22:47:21,treatment,0
USR_12186,2026-06-08 22:48:23,control,0
USR_11786,2026-06-08 22:50:18,treatment,0
USR_18964,2026-06-08 22:50:27,control,0
USR_17575,2026-06-08 22:51:14,treatment,0
USR_01924,2026-06-08 22:51:40,treatment,0
USR_15887,2026-06-08 22:52:26,control,0
USR_03649,2026-06-08 22:54:57,control,0
USR_13076,2026-06-08 22:55:32,treatment,0
USR_11547,2026-06-08 22:58:16,control,0
USR_07404,2026-06-08 22:58:55,control,0
USR_19918,2026-06-08 22:59:55,control,0
USR_15458,2026-06-08 23:00:26,treatment,0
USR_07298,2026-06-08 23:01:04,treatment,0
USR_03286,2026-06-08 23:03:52,control,0
USR_11144,2026-06-08 23:07:19,treatment,0
USR_02690,2026-06-08 23:07:51,control,0
USR_10082,2026-06-08 23:07:57,control,0
USR_15399,2026-06-08 23:08:45,treatment,0
USR_03387,2026-06-08 23:10:57,control,0
USR_02605,2026-06-08 23:11:25,treatment,0
USR_16302,2026-06-08 23:12:46,control,0
USR_17905,2026-06-08 23:13:47,control,0
USR_16018,2026-06-08 23:14:59,treatment,0
USR_01499,2026-06-08 23:17:22,treatment,0
USR_03639,2026-06-08 23:18:28,treatment,0
USR_14405,2026-06-08 23:18:35,control,0
USR_19525,2026-06-08 23:18:37,control,0
USR_19940,2026-06-08 23:20:11,treatment,0
USR_09607,2026-06-08 23:24:47,control,0
USR_17936,2026-06-08 23:25:14,treatment,0
USR_09691,2026-06-08 23:27:56,treatment,0
USR_11482,2026-06-08 23:28:38,control,0
USR_07025,2026-06-08 23:29:26,control,0
USR_02227,2026-06-08 23:32:27,treatment,0
USR_05583,2026-06-08 23:32:35,control,0
USR_06107,2026-06-08 23:33:04,control,1
USR_03972,2026-06-08 23:34:39,treatment,0
USR_07208,2026-06-08 23:34:59,treatment,0
USR_05268,2026-06-08 23:35:32,control,0
USR_02957,2026-06-08 23:35:53,control,0
USR_05915,2026-06-08 23:35:57,treatment,0
USR_04758,2026-06-08 23:36:03,treatment,0
USR_04926,2026-06-08 23:36:34,treatment,0
USR_09420,2026-06-08 23:37:17,control,0
USR_10113,2026-06-08 23:37:26,treatment,0
USR_15634,2026-06-08 23:37:27,treatment,1
USR_12747,2026-06-08 23:37:28,treatment,0
USR_16452,2026-06-08 23:38:38,treatment,0
USR_06464,2026-06-08 23:38:47,treatment,0
USR_03075,2026-06-08 23:38:52,control,0
USR_17093,2026-06-08 23:40:40,treatment,0
USR_11127,2026-06-08 23:41:29,treatment,0
USR_01749,2026-06-08 23:44:59,treatment,0
USR_09011,2026-06-08 23:46:21,control,0
USR_14690,2026-06-08 23:46:55,treatment,1
USR_07154,2026-06-08 23:47:22,treatment,0
USR_02339,2026-06-08 23:48:39,treatment,0
USR_04783,2026-06-08 23:49:50,control,0
USR_06647,2026-06-08 23:51:11,control,0
USR_08500,2026-06-08 23:51:14,control,0
USR_08254,2026-06-08 23:51:31,control,0
USR_12053,2026-06-08 23:55:02,treatment,0
USR_04178,2026-06-08 23:55:42,treatment,0
USR_04984,2026-06-08 23:56:28,control,0
USR_12376,2026-06-08 23:59:48,control,0
USR_07480,2026-06-09 00:00:40,treatment,0
USR_15437,2026-06-09 00:00:43,control,0
USR_04915,2026-06-09 00:00:50,control,0
USR_01838,2026-06-09 00:01:15,control,0
USR_14767,2026-06-09 00:01:29,control,0
USR_12329,2026-06-09 00:02:09,treatment,0
USR_09122,2026-06-09 00:04:15,treatment,0
USR_02810,2026-06-09 00:04:21,treatment,0
USR_00363,2026-06-09 00:05:12,treatment,0
USR_02158,2026-06-09 00:06:28,treatment,0
USR_17203,2026-06-09 00:06:56,control,0
USR_11609,2026-06-09 00:07:57,treatment,0
USR_19208,2026-06-09 00:08:40,treatment,0
USR_13045,2026-06-09 00:08:51,treatment,0
USR_04259,2026-06-09 00:09:41,treatment,0
USR_11461,2026-06-09 00:11:12,control,0
USR_13887,2026-06-09 00:11:39,control,0
USR_08275,2026-06-09 00:12:35,control,0
USR_01543,2026-06-09 00:13:11,treatment,0
USR_11741,2026-06-09 00:14:17,treatment,0
USR_11952,2026-06-09 00:14:29,treatment,0
USR_13141,2026-06-09 00:14:30,control,0
USR_15526,2026-06-09 00:15:04,treatment,0
USR_19437,2026-06-09 00:15:12,treatment,0
USR_02533,2026-06-09 00:15:36,control,0
USR_04354,2026-06-09 00:15:37,treatment,0
USR_10053,2026-06-09 00:18:21,control,0
USR_17625,2026-06-09 00:18:41,treatment,1
USR_08900,2026-06-09 00:19:16,control,0
USR_03575,2026-06-09 00:19:58,treatment,0
USR_03606,2026-06-09 00:20:28,control,0
USR_14838,2026-06-09 00:20:43,control,0
USR_16520,2026-06-09 00:21:06,treatment,0
USR_00594,2026-06-09 00:22:52,control,0
USR_14429,2026-06-09 00:24:21,control,0
USR_07117,2026-06-09 00:24:54,treatment,0
USR_18656,2026-06-09 00:29:10,treatment,0
USR_16573,2026-06-09 00:29:14,treatment,0
USR_12319,2026-06-09 00:30:15,control,0
USR_06185,2026-06-09 00:30:41,treatment,0
USR_17319,2026-06-09 00:31:46,control,0
USR_07239,2026-06-09 00:32:47,control,0
USR_08851,2026-06-09 00:33:24,control,0
USR_08300,2026-06-09 00:35:24,treatment,0
USR_16875,2026-06-09 00:36:06,treatment,0
USR_09520,2026-06-09 00:37:15,control,0
USR_05894,2026-06-09 00:38:51,control,0
USR_12584,2026-06-09 00:38:53,treatment,0
USR_15351,2026-06-09 00:40:58,treatment,1
USR_00135,2026-06-09 00:42:20,control,0
USR_19331,2026-06-09 00:43:04,treatment,1
USR_10892,2026-06-09 00:44:15,treatment,0
USR_13226,2026-06-09 00:46:13,treatment,0
USR_10932,2026-06-09 00:46:32,control,0
USR_16031,2026-06-09 00:47:11,control,0
USR_11289,2026-06-09 00:51:24,control,0
USR_15883,2026-06-09 00:52:38,control,0
USR_08416,2026-06-09 00:52:49,control,0
USR_10168,2026-06-09 00:53:31,control,0
USR_00677,2026-06-09 00:56:05,treatment,0
USR_01400,2026-06-09 00:56:55,treatment,1
USR_11838,2026-06-09 00:57:49,treatment,0
USR_05593,2026-06-09 00:58:32,control,0
USR_13684,2026-06-09 00:59:04,treatment,0
USR_05837,2026-06-09 00:59:16,control,0
USR_15907,2026-06-09 00:59:18,control,0
USR_00560,2026-06-09 00:59:38,treatment,0
USR_13065,2026-06-09 00:59:43,control,0
USR_03699,2026-06-09 01:00:02,control,0
USR_03550,2026-06-09 01:01:52,control,0
USR_06856,2026-06-09 01:03:50,treatment,0
USR_06931,2026-06-09 01:03:59,control,0
USR_02738,2026-06-09 01:04:07,treatment,0
USR_04331,2026-06-09 01:04:47,control,0
USR_09008,2026-06-09 01:05:09,treatment,0
USR_15708,2026-06-09 01:06:44,treatment,0
USR_11054,2026-06-09 01:06:55,control,0
USR_10150,2026-06-09 01:08:58,treatment,0
USR_02413,2026-06-09 01:09:41,treatment,0
USR_01091,2026-06-09 01:10:49,control,0
USR_09314,2026-06-09 01:12:13,treatment,0
USR_05521,2026-06-09 01:13:33,control,0
USR_00495,2026-06-09 01:14:10,control,0
USR_17357,2026-06-09 01:15:18,treatment,0
USR_00377,2026-06-09 01:15:52,control,0
USR_10035,2026-06-09 01:17:14,treatment,0
USR_16866,2026-06-09 01:18:59,control,0
USR_03560,2026-06-09 01:19:00,treatment,0
USR_14201,2026-06-09 01:21:28,control,0
USR_15874,2026-06-09 01:22:22,treatment,0
USR_02220,2026-06-09 01:24:27,control,0
USR_01130,2026-06-09 01:24:30,treatment,0
USR_14252,2026-06-09 01:26:22,treatment,0
USR_10361,2026-06-09 01:27:52,control,0
USR_12515,2026-06-09 01:30:08,treatment,0
USR_09656,2026-06-09 01:32:16,treatment,0
USR_07910,2026-06-09 01:34:45,control,0
USR_06646,2026-06-09 01:35:25,control,0
USR_16966,2026-06-09 01:35:37,control,0
USR_19475,2026-06-09 01:35:44,control,0
USR_00402,2026-06-09 01:35:54,treatment,0
USR_01377,2026-06-09 01:36:38,treatment,0
USR_03740,2026-06-09 01:41:48,treatment,0
USR_06604,2026-06-09 01:43:06,control,0
USR_00040,2026-06-09 01:43:08,treatment,0
USR_05209,2026-06-09 01:45:51,treatment,0
USR_10549,2026-06-09 01:47:15,treatment,0
USR_06376,2026-06-09 01:47:51,control,0
USR_02497,2026-06-09 01:49:55,control,0
USR_04860,2026-06-09 01:54:47,control,1
USR_18534,2026-06-09 01:54:53,control,0
USR_19650,2026-06-09 02:03:58,control,0
USR_16787,2026-06-09 02:04:33,control,0
USR_04613,2026-06-09 02:08:22,treatment,0
USR_07745,2026-06-09 02:08:27,control,0
USR_10637,2026-06-09 02:08:55,treatment,0
USR_11084,2026-06-09 02:10:54,treatment,0
USR_19215,2026-06-09 02:11:28,control,0
USR_02767,2026-06-09 02:13:18,treatment,0
USR_07461,2026-06-09 02:14:59,treatment,0
USR_18833,2026-06-09 02:15:24,treatment,0
USR_18987,2026-06-09 02:15:30,control,0
USR_02564,2026-06-09 02:15:37,treatment,0
USR_09354,2026-06-09 02:21:24,control,0
USR_16272,2026-06-09 02:22:45,treatment,0
USR_05921,2026-06-09 02:22:48,control,0
USR_08874,2026-06-09 02:23:18,control,0
USR_12295,2026-06-09 02:24:17,control,1
USR_15755,2026-06-09 02:24:21,treatment,0
USR_02186,2026-06-09 02:24:26,control,0
USR_09768,2026-06-09 02:24:35,control,0
USR_03392,2026-06-09 02:25:57,control,0
USR_10661,2026-06-09 02:26:54,control,0
USR_08777,2026-06-09 02:29:57,treatment,0
USR_05747,2026-06-09 02:30:11,control,0
USR_11319,2026-06-09 02:33:02,control,0
USR_03572,2026-06-09 02:33:05,treatment,0
USR_12393,2026-06-09 02:33:20,control,0
USR_04374,2026-06-09 02:34:20,treatment,0
USR_08287,2026-06-09 02:34:20,control,0
USR_10045,2026-06-09 02:34:49,treatment,0
USR_08672,2026-06-09 02:34:52,control,0
USR_07183,2026-06-09 02:34:53,control,0
USR_14285,2026-06-09 02:35:06,treatment,0
USR_05214,2026-06-09 02:35:16,treatment,0
USR_06360,2026-06-09 02:35:36,treatment,0
USR_13940,2026-06-09 02:36:03,treatment,0
USR_12251,2026-06-09 02:36:45,control,0
USR_19204,2026-06-09 02:36:51,treatment,0
USR_19777,2026-06-09 02:36:54,treatment,0
USR_10811,2026-06-09 02:37:48,control,0
USR_12307,2026-06-09 02:38:57,treatment,0
USR_05700,2026-06-09 02:39:20,treatment,0
USR_05754,2026-06-09 02:44:12,control,1
USR_08162,2026-06-09 02:45:19,control,0
USR_02334,2026-06-09 02:45:26,treatment,0
USR_03012,2026-06-09 02:48:18,control,0
USR_04505,2026-06-09 02:48:56,control,0
USR_16095,2026-06-09 02:49:02,control,0
USR_14356,2026-06-09 02:50:12,control,0
USR_03853,2026-06-09 02:51:13,control,0
USR_16470,2026-06-09 02:53:02,treatment,0
USR_06099,2026-06-09 02:53:08,control,0
USR_11909,2026-06-09 02:53:20,treatment,0
USR_14753,2026-06-09 02:54:46,control,0
USR_19637,2026-06-09 02:55:38,control,0
USR_05940,2026-06-09 02:55:52,treatment,0
USR_17141,2026-06-09 02:57:55,control,0
USR_04671,2026-06-09 02:57:56,treatment,0
USR_13432,2026-06-09 03:00:09,control,0
USR_14996,2026-06-09 03:02:14,control,0
USR_08156,2026-06-09 03:03:11,treatment,0
USR_19172,2026-06-09 03:04:16,treatment,0
USR_11509,2026-06-09 03:05:24,treatment,1
USR_19473,2026-06-09 03:06:02,control,0
USR_10276,2026-06-09 03:06:47,treatment,0
USR_08503,2026-06-09 03:07:49,control,0
USR_12224,2026-06-09 03:08:01,treatment,0
USR_03932,2026-06-09 03:08:06,control,0
USR_06427,2026-06-09 03:09:17,control,0
USR_00599,2026-06-09 03:11:19,treatment,0
USR_01072,2026-06-09 03:12:55,control,0
USR_14471,2026-06-09 03:12:59,control,0
USR_06578,2026-06-09 03:13:10,control,0
USR_08767,2026-06-09 03:13:38,treatment,0
USR_19087,2026-06-09 03:14:00,treatment,0
USR_07234,2026-06-09 03:14:59,control,0
USR_07654,2026-06-09 03:15:04,control,0
USR_05267,2026-06-09 03:15:16,control,0
USR_06664,2026-06-09 03:15:34,control,0
USR_09344,2026-06-09 03:15:59,control,0
USR_02672,2026-06-09 03:17:27,control,0
USR_08849,2026-06-09 03:17:55,treatment,0
USR_17071,2026-06-09 03:19:32,control,0
USR_08333,2026-06-09 03:19:47,treatment,0
USR_18039,2026-06-09 03:21:49,treatment,0
USR_12900,2026-06-09 03:21:58,control,0
USR_08820,2026-06-09 03:22:02,treatment,0
USR_09994,2026-06-09 03:23:39,treatment,0
USR_00941,2026-06-09 03:24:29,control,0
USR_01623,2026-06-09 03:24:41,control,0
USR_10735,2026-06-09 03:25:05,control,1
USR_15215,2026-06-09 03:25:55,control,0
USR_15021,2026-06-09 03:26:42,control,0
USR_08544,2026-06-09 03:27:15,control,0
USR_19768,2026-06-09 03:27:21,treatment,0
USR_11031,2026-06-09 03:28:16,treatment,0
USR_13818,2026-06-09 03:29:36,control,0
USR_04285,2026-06-09 03:31:09,treatment,0
USR_09115,2026-06-09 03:32:22,control,0
USR_15403,2026-06-09 03:34:43,treatment,0
USR_15639,2026-06-09 03:35:21,treatment,0
USR_02982,2026-06-09 03:35:40,treatment,0
USR_05095,2026-06-09 03:35:48,treatment,0
USR_14761,2026-06-09 03:35:59,control,1
USR_00443,2026-06-09 03:36:05,control,0
USR_00788,2026-06-09 03:36:34,control,0
USR_19535,2026-06-09 03:41:01,control,0
USR_19088,2026-06-09 03:43:29,treatment,0
USR_00460,2026-06-09 03:44:27,control,0
USR_09731,2026-06-09 03:46:34,treatment,0
USR_07306,2026-06-09 03:47:50,control,0
USR_14959,2026-06-09 03:48:18,treatment,0
USR_15479,2026-06-09 03:48:19,treatment,0
USR_07294,2026-06-09 03:49:15,control,0
USR_08037,2026-06-09 03:50:24,control,0
USR_16198,2026-06-09 03:50:44,control,0
USR_18322,2026-06-09 03:52:15,control,0
USR_05487,2026-06-09 03:53:08,control,0
USR_14908,2026-06-09 03:53:18,control,0
USR_11030,2026-06-09 03:53:18,control,0
USR_07826,2026-06-09 03:53:34,control,0
USR_08175,2026-06-09 03:55:35,treatment,0
USR_13973,2026-06-09 03:56:34,control,0
USR_19515,2026-06-09 03:58:05,control,0
USR_18531,2026-06-09 03:58:05,treatment,0
USR_05647,2026-06-09 03:59:40,control,1
USR_09545,2026-06-09 04:01:05,treatment,0
USR_04341,2026-06-09 04:01:21,treatment,0
USR_04877,2026-06-09 04:02:18,control,0
USR_01142,2026-06-09 04:04:14,control,0
USR_19346,2026-06-09 04:05:17,treatment,0
USR_15827,2026-06-09 04:06:17,control,0
USR_03483,2026-06-09 04:08:54,treatment,0
USR_12160,2026-06-09 04:13:18,treatment,0
USR_06486,2026-06-09 04:13:27,treatment,0
USR_00756,2026-06-09 04:14:30,treatment,0
USR_02273,2026-06-09 04:14:56,control,0
USR_11617,2026-06-09 04:16:50,treatment,0
USR_07212,2026-06-09 04:19:12,control,0
USR_08887,2026-06-09 04:21:03,treatment,0
USR_06562,2026-06-09 04:21:36,treatment,0
USR_15207,2026-06-09 04:22:13,treatment,0
USR_10160,2026-06-09 04:22:50,treatment,0
USR_07326,2026-06-09 04:25:29,control,0
USR_17474,2026-06-09 04:26:39,control,0
USR_06773,2026-06-09 04:28:53,treatment,0
USR_17143,2026-06-09 04:29:28,control,1
USR_16216,2026-06-09 04:29:39,treatment,0
USR_10183,2026-06-09 04:29:42,treatment,0
USR_17591,2026-06-09 04:32:08,treatment,1
USR_15150,2026-06-09 04:32:41,control,0
USR_13271,2026-06-09 04:32:58,treatment,0
USR_04556,2026-06-09 04:33:35,treatment,0
USR_15169,2026-06-09 04:35:24,treatment,1
USR_08769,2026-06-09 04:35:49,control,0
USR_02151,2026-06-09 04:38:38,control,0
USR_08307,2026-06-09 04:39:37,treatment,0
USR_09568,2026-06-09 04:40:23,treatment,0
USR_03799,2026-06-09 04:40:29,control,0
USR_15424,2026-06-09 04:40:30,control,1
USR_00590,2026-06-09 04:41:25,treatment,0
USR_01206,2026-06-09 04:41:46,treatment,0
USR_14765,2026-06-09 04:41:57,control,0
USR_04361,2026-06-09 04:43:34,control,0
USR_08297,2026-06-09 04:44:49,control,0
USR_07994,2026-06-09 04:46:14,control,0
USR_07926,2026-06-09 04:46:44,control,0
USR_03867,2026-06-09 04:46:47,treatment,0
USR_02421,2026-06-09 04:48:01,treatment,0
USR_18701,2026-06-09 04:48:59,treatment,0
USR_08027,2026-06-09 04:49:37,treatment,0
USR_01537,2026-06-09 04:51:24,control,0
USR_15698,2026-06-09 04:52:04,treatment,0
USR_13831,2026-06-09 04:52:37,treatment,1
USR_05853,2026-06-09 04:53:52,treatment,0
USR_02035,2026-06-09 04:56:31,control,0
USR_06024,2026-06-09 04:58:01,treatment,0
USR_10315,2026-06-09 04:58:21,treatment,0
USR_08817,2026-06-09 04:59:37,control,0
USR_11649,2026-06-09 04:59:54,control,0
USR_13483,2026-06-09 05:00:29,treatment,0
USR_19557,2026-06-09 05:00:48,treatment,1
USR_00169,2026-06-09 05:03:27,treatment,0
USR_04008,2026-06-09 05:04:47,control,0
USR_08044,2026-06-09 05:05:41,control,0
USR_01037,2026-06-09 05:05:47,treatment,0
USR_02709,2026-06-09 05:07:02,control,0
USR_02303,2026-06-09 05:07:42,treatment,0
USR_10030,2026-06-09 05:10:27,control,0
USR_19864,2026-06-09 05:10:38,control,0
USR_13980,2026-06-09 05:11:02,treatment,0
USR_07282,2026-06-09 05:11:47,treatment,0
USR_01514,2026-06-09 05:12:47,control,0
USR_18924,2026-06-09 05:12:49,control,0
USR_15575,2026-06-09 05:15:05,treatment,0
USR_11453,2026-06-09 05:16:26,treatment,0
USR_04516,2026-06-09 05:16:57,treatment,0
USR_05814,2026-06-09 05:17:03,treatment,0
USR_01754,2026-06-09 05:17:41,treatment,0
USR_05938,2026-06-09 05:19:21,treatment,0
USR_13689,2026-06-09 05:19:38,treatment,0
USR_16414,2026-06-09 05:19:38,treatment,0
USR_08445,2026-06-09 05:22:54,treatment,0
USR_03542,2026-06-09 05:23:01,control,0
USR_11767,2026-06-09 05:23:22,treatment,0
USR_13555,2026-06-09 05:24:28,control,0
USR_00230,2026-06-09 05:25:12,control,0
USR_11196,2026-06-09 05:25:33,control,0
USR_16807,2026-06-09 05:26:27,control,0
USR_10726,2026-06-09 05:27:02,control,0
USR_19873,2026-06-09 05:27:35,treatment,0
USR_12957,2026-06-09 05:27:42,control,0
USR_11823,2026-06-09 05:28:05,treatment,1
USR_15780,2026-06-09 05:28:27,control,0
USR_12148,2026-06-09 05:30:11,control,0
USR_15821,2026-06-09 05:31:06,treatment,0
USR_14420,2026-06-09 05:32:33,treatment,0
USR_09431,2026-06-09 05:33:00,treatment,0
USR_17394,2026-06-09 05:33:26,control,0
USR_06187,2026-06-09 05:34:00,control,0
USR_18945,2026-06-09 05:35:14,control,0
USR_01692,2026-06-09 05:35:45,treatment,0
USR_12547,2026-06-09 05:37:19,treatment,0
USR_10237,2026-06-09 05:39:12,treatment,0
USR_07451,2026-06-09 05:40:31,treatment,0
USR_18582,2026-06-09 05:41:15,treatment,0
USR_09697,2026-06-09 05:41:33,treatment,0
USR_01411,2026-06-09 05:42:04,control,0
USR_01110,2026-06-09 05:42:17,control,0
USR_08962,2026-06-09 05:44:33,control,0
USR_02078,2026-06-09 05:44:42,treatment,1
USR_18025,2026-06-09 05:45:07,treatment,0
USR_13153,2026-06-09 05:45:53,control,0
USR_16604,2026-06-09 05:46:59,treatment,0
USR_14519,2026-06-09 05:49:11,treatment,0
USR_11800,2026-06-09 05:49:29,treatment,0
USR_10388,2026-06-09 05:49:44,treatment,0
USR_13592,2026-06-09 05:51:02,control,0
USR_16525,2026-06-09 05:52:25,treatment,0
USR_06369,2026-06-09 05:52:26,control,0
USR_10719,2026-06-09 05:52:57,control,0
USR_19391,2026-06-09 05:56:00,treatment,0
USR_16357,2026-06-09 05:58:39,control,0
USR_14952,2026-06-09 05:58:44,control,0
USR_12724,2026-06-09 05:59:16,treatment,0
USR_09759,2026-06-09 06:01:04,control,0
USR_18248,2026-06-09 06:02:20,treatment,0
USR_19127,2026-06-09 06:02:39,treatment,0
USR_15689,2026-06-09 06:02:47,treatment,0
USR_07192,2026-06-09 06:03:03,control,0
USR_15591,2026-06-09 06:04:59,control,0
USR_18161,2026-06-09 06:05:38,control,0
USR_15346,2026-06-09 06:11:34,control,0
USR_08083,2026-06-09 06:11:44,control,0
USR_18250,2026-06-09 06:11:50,control,1
USR_09376,2026-06-09 06:14:45,treatment,0
USR_06904,2026-06-09 06:14:52,control,0
USR_09406,2026-06-09 06:17:02,control,0
USR_19120,2026-06-09 06:17:32,treatment,0
USR_13283,2026-06-09 06:18:32,control,0
USR_03194,2026-06-09 06:20:47,control,0
USR_15281,2026-06-09 06:22:34,treatment,0
USR_06498,2026-06-09 06:25:04,control,0
USR_11790,2026-06-09 06:27:40,control,0
USR_18671,2026-06-09 06:28:31,control,0
USR_15402,2026-06-09 06:28:47,control,0
USR_19849,2026-06-09 06:28:59,treatment,0
USR_03377,2026-06-09 06:29:11,control,0
USR_08094,2026-06-09 06:29:13,control,0
USR_10494,2026-06-09 06:30:17,treatment,0
USR_01116,2026-06-09 06:30:23,treatment,0
USR_01689,2026-06-09 06:30:26,treatment,0
USR_15372,2026-06-09 06:34:01,treatment,0
USR_00830,2026-06-09 06:34:51,treatment,0
USR_03622,2026-06-09 06:36:12,treatment,0
USR_14565,2026-06-09 06:38:30,treatment,0
USR_02487,2026-06-09 06:38:34,control,0
USR_15784,2026-06-09 06:39:31,control,0
USR_16987,2026-06-09 06:40:16,treatment,0
USR_04320,2026-06-09 06:40:50,control,0
USR_17973,2026-06-09 06:40:52,control,0
USR_09716,2026-06-09 06:41:30,treatment,0
USR_11353,2026-06-09 06:41:31,control,0
USR_02924,2026-06-09 06:42:09,control,0
USR_01581,2026-06-09 06:42:50,treatment,0
USR_10602,2026-06-09 06:43:02,control,0
USR_16179,2026-06-09 06:43:32,control,0
USR_01349,2026-06-09 06:44:46,control,0
USR_16668,2026-06-09 06:49:11,control,0
USR_16443,2026-06-09 06:49:53,treatment,0
USR_00783,2026-06-09 06:50:15,treatment,0
USR_15769,2026-06-09 06:50:30,treatment,0
USR_09474,2026-06-09 06:51:58,control,0
USR_02356,2026-06-09 06:54:46,treatment,0
USR_17792,2026-06-09 06:56:33,control,0
USR_09948,2026-06-09 06:57:51,control,0
USR_19962,2026-06-09 06:59:13,treatment,0
USR_14906,2026-06-09 06:59:33,treatment,0
USR_15647,2026-06-09 06:59:47,control,0
USR_02894,2026-06-09 06:59:52,control,1
USR_01670,2026-06-09 07:00:13,control,0
USR_04450,2026-06-09 07:01:08,control,0
USR_03417,2026-06-09 07:03:13,control,0
USR_08986,2026-06-09 07:03:38,treatment,0
USR_06067,2026-06-09 07:06:55,treatment,0
USR_12956,2026-06-09 07:07:18,treatment,0
USR_16871,2026-06-09 07:09:14,control,0
USR_18508,2026-06-09 07:09:21,control,0
USR_11789,2026-06-09 07:09:29,control,0
USR_02417,2026-06-09 07:10:34,treatment,0
USR_19821,2026-06-09 07:11:55,control,0
USR_03310,2026-06-09 07:13:43,treatment,0
USR_15593,2026-06-09 07:14:09,control,0
USR_12169,2026-06-09 07:14:58,control,0
USR_00522,2026-06-09 07:15:48,control,0
USR_09184,2026-06-09 07:16:38,control,0
USR_08599,2026-06-09 07:16:58,treatment,0
USR_07999,2026-06-09 07:17:55,control,1
USR_06283,2026-06-09 07:19:17,control,0
USR_04168,2026-06-09 07:19:36,treatment,0
USR_07565,2026-06-09 07:20:06,treatment,0
USR_12852,2026-06-09 07:20:08,control,0
USR_10181,2026-06-09 07:21:38,treatment,1
USR_10774,2026-06-09 07:22:57,treatment,0
USR_12844,2026-06-09 07:23:53,control,0
USR_06209,2026-06-09 07:24:39,treatment,0
USR_14750,2026-06-09 07:25:04,control,0
USR_09957,2026-06-09 07:25:43,treatment,0
USR_11725,2026-06-09 07:26:38,treatment,0
USR_16251,2026-06-09 07:26:49,treatment,0
USR_05648,2026-06-09 07:27:34,treatment,0
USR_14833,2026-06-09 07:29:02,control,0
USR_02401,2026-06-09 07:30:04,treatment,0
USR_11487,2026-06-09 07:30:15,treatment,0
USR_03859,2026-06-09 07:34:02,treatment,0
USR_15159,2026-06-09 07:34:10,control,0
USR_06781,2026-06-09 07:35:56,treatment,0
USR_19067,2026-06-09 07:39:25,treatment,0
USR_05241,2026-06-09 07:39:33,control,0
USR_11499,2026-06-09 07:39:47,control,0
USR_07383,2026-06-09 07:43:03,control,0
USR_14181,2026-06-09 07:44:17,control,0
USR_06056,2026-06-09 07:44:32,control,0
USR_12886,2026-06-09 07:44:42,control,0
USR_00874,2026-06-09 07:46:03,control,0
USR_12667,2026-06-09 07:46:23,control,1
USR_12809,2026-06-09 07:47:06,control,0
USR_05071,2026-06-09 07:47:07,control,0
USR_11611,2026-06-09 07:48:54,treatment,0
USR_02517,2026-06-09 07:48:54,treatment,0
USR_09047,2026-06-09 07:49:25,control,0
USR_05845,2026-06-09 07:51:27,treatment,0
USR_03179,2026-06-09 07:51:40,control,0
USR_08806,2026-06-09 07:53:58,treatment,0
USR_11150,2026-06-09 07:55:28,control,0
USR_11861,2026-06-09 07:56:50,treatment,0
USR_04090,2026-06-09 07:57:16,treatment,0
USR_02467,2026-06-09 07:57:42,treatment,0
USR_12738,2026-06-09 07:58:54,control,0
USR_03007,2026-06-09 07:59:25,control,0
USR_10656,2026-06-09 08:01:04,treatment,0
USR_03576,2026-06-09 08:01:38,treatment,0
USR_07412,2026-06-09 08:02:00,control,0
USR_01844,2026-06-09 08:02:30,treatment,1
USR_00186,2026-06-09 08:02:44,treatment,0
USR_03869,2026-06-09 08:03:18,treatment,0
USR_01096,2026-06-09 08:04:00,control,0
USR_16124,2026-06-09 08:05:09,control,0
USR_13254,2026-06-09 08:06:57,control,0
USR_09125,2026-06-09 08:09:27,treatment,0
USR_09023,2026-06-09 08:10:32,treatment,0
USR_11274,2026-06-09 08:12:40,treatment,0
USR_13306,2026-06-09 08:12:51,treatment,0
USR_11296,2026-06-09 08:15:18,treatment,0
USR_11631,2026-06-09 08:15:28,treatment,0
USR_10238,2026-06-09 08:16:35,control,0
USR_15711,2026-06-09 08:19:54,control,0
USR_10312,2026-06-09 08:19:57,control,0
USR_05943,2026-06-09 08:21:48,control,0
USR_08581,2026-06-09 08:24:40,treatment,0
USR_01101,2026-06-09 08:24:51,control,0
USR_18624,2026-06-09 08:26:01,treatment,0
USR_14763,2026-06-09 08:26:02,control,0
USR_11187,2026-06-09 08:26:33,treatment,0
USR_06803,2026-06-09 08:26:46,control,0
USR_06289,2026-06-09 08:27:00,treatment,0
USR_01088,2026-06-09 08:29:35,control,0
USR_01143,2026-06-09 08:30:31,treatment,0
USR_02769,2026-06-09 08:37:18,treatment,0
USR_18404,2026-06-09 08:37:20,control,0
USR_14670,2026-06-09 08:37:21,control,0
USR_07026,2026-06-09 08:38:19,treatment,0
USR_17522,2026-06-09 08:39:07,control,1
USR_11395,2026-06-09 08:40:52,treatment,0
USR_09039,2026-06-09 08:41:49,control,0
USR_01615,2026-06-09 08:42:11,control,0
USR_15498,2026-06-09 08:42:43,control,0
USR_13460,2026-06-09 08:42:53,treatment,0
USR_01024,2026-06-09 08:43:53,control,0
USR_17866,2026-06-09 08:45:16,control,0
USR_10483,2026-06-09 08:47:22,treatment,0
USR_04472,2026-06-09 08:50:08,control,0
USR_04346,2026-06-09 08:50:11,treatment,0
USR_14599,2026-06-09 08:50:51,control,0
USR_13301,2026-06-09 08:51:20,control,0
USR_15527,2026-06-09 08:54:23,control,0
USR_07781,2026-06-09 08:55:11,control,0
USR_18397,2026-06-09 08:55:21,treatment,0
USR_16975,2026-06-09 08:57:01,control,0
USR_05457,2026-06-09 08:57:29,treatment,0
USR_08415,2026-06-09 08:57:52,treatment,0
USR_02258,2026-06-09 08:59:36,treatment,0
USR_11886,2026-06-09 09:00:42,treatment,0
USR_09150,2026-06-09 09:02:34,control,0
USR_05499,2026-06-09 09:03:05,treatment,0
USR_04831,2026-06-09 09:03:16,control,0
USR_06467,2026-06-09 09:05:24,treatment,0
USR_17829,2026-06-09 09:06:24,treatment,1
USR_12153,2026-06-09 09:07:14,treatment,0
USR_08186,2026-06-09 09:08:13,treatment,0
USR_02728,2026-06-09 09:11:08,treatment,0
USR_03237,2026-06-09 09:11:38,treatment,0
USR_16259,2026-06-09 09:12:30,control,0
USR_17271,2026-06-09 09:12:30,control,0
USR_09438,2026-06-09 09:13:10,control,0
USR_13963,2026-06-09 09:13:35,treatment,0
USR_02391,2026-06-09 09:13:45,treatment,0
USR_12590,2026-06-09 09:14:03,control,0
USR_14198,2026-06-09 09:14:03,control,0
USR_08191,2026-06-09 09:14:13,control,0
USR_06337,2026-06-09 09:14:22,control,0
USR_04430,2026-06-09 09:18:39,control,0
USR_02890,2026-06-09 09:19:36,control,0
USR_04290,2026-06-09 09:20:01,control,0
USR_06602,2026-06-09 09:20:41,control,0
USR_12306,2026-06-09 09:24:25,control,0
USR_15766,2026-06-09 09:25:04,treatment,0
USR_19053,2026-06-09 09:25:41,treatment,0
USR_01414,2026-06-09 09:26:11,control,0
USR_06365,2026-06-09 09:26:27,control,0
USR_00961,2026-06-09 09:26:46,control,0
USR_13598,2026-06-09 09:27:09,control,0
USR_07875,2026-06-09 09:27:11,control,0
USR_17752,2026-06-09 09:28:02,control,0
USR_13388,2026-06-09 09:30:33,control,0
USR_17783,2026-06-09 09:31:53,treatment,0
USR_02223,2026-06-09 09:32:09,control,0
USR_13040,2026-06-09 09:32:28,control,0
USR_13959,2026-06-09 09:33:23,control,0
USR_14710,2026-06-09 09:33:31,control,0
USR_15739,2026-06-09 09:34:04,control,0
USR_19902,2026-06-09 09:34:26,control,0
USR_04043,2026-06-09 09:35:22,control,0
USR_04938,2026-06-09 09:37:37,control,0
USR_17805,2026-06-09 09:37:57,treatment,0
USR_05774,2026-06-09 09:38:31,treatment,0
USR_04289,2026-06-09 09:38:59,treatment,0
USR_12373,2026-06-09 09:39:16,treatment,0
USR_03610,2026-06-09 09:39:30,treatment,0
USR_09356,2026-06-09 09:42:13,treatment,0
USR_01886,2026-06-09 09:42:34,treatment,0
USR_06739,2026-06-09 09:43:03,control,0
USR_12324,2026-06-09 09:43:38,control,0
USR_09271,2026-06-09 09:48:43,control,0
USR_13404,2026-06-09 09:48:44,treatment,0
USR_16902,2026-06-09 09:49:05,control,0
USR_18525,2026-06-09 09:50:04,control,0
USR_01710,2026-06-09 09:50:23,control,0
USR_18072,2026-06-09 09:52:05,treatment,0
USR_06159,2026-06-09 09:53:07,control,0
USR_01250,2026-06-09 09:54:02,treatment,0
USR_09121,2026-06-09 09:55:59,control,0
USR_12936,2026-06-09 09:59:18,treatment,0
USR_10009,2026-06-09 10:00:50,control,0
USR_14088,2026-06-09 10:01:13,control,0
USR_10632,2026-06-09 10:04:45,treatment,0
USR_13091,2026-06-09 10:04:51,treatment,0
USR_09136,2026-06-09 10:07:11,treatment,0
USR_07416,2026-06-09 10:07:31,control,1
USR_06444,2026-06-09 10:10:08,treatment,0
USR_06987,2026-06-09 10:10:39,treatment,0
USR_13469,2026-06-09 10:11:28,control,0
USR_16182,2026-06-09 10:11:39,control,0
USR_03555,2026-06-09 10:12:34,treatment,0
USR_12140,2026-06-09 10:13:13,treatment,1
USR_18860,2026-06-09 10:15:46,control,0
USR_00054,2026-06-09 10:16:20,control,0
USR_04810,2026-06-09 10:16:28,treatment,1
USR_03461,2026-06-09 10:17:24,control,0
USR_10227,2026-06-09 10:17:26,control,0
USR_09030,2026-06-09 10:18:14,control,0
USR_06460,2026-06-09 10:18:59,control,0
USR_05211,2026-06-09 10:19:08,treatment,0
USR_12187,2026-06-09 10:19:18,treatment,0
USR_02382,2026-06-09 10:20:39,control,0
USR_18911,2026-06-09 10:23:26,control,0
USR_00418,2026-06-09 10:24:34,control,0
USR_15186,2026-06-09 10:25:08,treatment,0
USR_06495,2026-06-09 10:26:57,control,0
USR_07341,2026-06-09 10:28:54,treatment,0
USR_00998,2026-06-09 10:29:59,treatment,0
USR_11413,2026-06-09 10:30:20,control,0
USR_07469,2026-06-09 10:31:15,control,0
USR_04291,2026-06-09 10:31:20,treatment,0
USR_02603,2026-06-09 10:36:45,control,0
USR_16177,2026-06-09 10:36:57,treatment,0
USR_03784,2026-06-09 10:42:29,control,0
USR_04262,2026-06-09 10:43:10,treatment,0
USR_01735,2026-06-09 10:43:10,control,0
USR_03588,2026-06-09 10:43:20,control,0
USR_10448,2026-06-09 10:44:36,control,0
USR_14013,2026-06-09 10:48:21,treatment,0
USR_19007,2026-06-09 10:48:36,control,1
USR_15543,2026-06-09 10:49:07,treatment,0
USR_19530,2026-06-09 10:49:41,control,0
USR_12184,2026-06-09 10:49:50,control,0
USR_03703,2026-06-09 10:49:57,treatment,0
USR_13491,2026-06-09 10:50:08,treatment,0
USR_06298,2026-06-09 10:50:32,control,0
USR_17012,2026-06-09 10:53:16,control,0
USR_09986,2026-06-09 10:54:27,control,0
USR_10784,2026-06-09 10:54:40,treatment,0
USR_18159,2026-06-09 10:56:00,control,0
USR_15812,2026-06-09 10:59:37,treatment,0
USR_15138,2026-06-09 11:03:23,control,0
USR_14718,2026-06-09 11:03:38,control,0
USR_19219,2026-06-09 11:04:27,treatment,0
USR_11735,2026-06-09 11:04:31,control,0
USR_15503,2026-06-09 11:07:24,treatment,0
USR_15327,2026-06-09 11:08:39,treatment,1
USR_15106,2026-06-09 11:09:17,treatment,0
USR_02139,2026-06-09 11:09:46,control,0
USR_13551,2026-06-09 11:11:39,treatment,0
USR_05485,2026-06-09 11:11:49,control,0
USR_08024,2026-06-09 11:12:13,control,0
USR_00832,2026-06-09 11:15:23,control,0
USR_16477,2026-06-09 11:15:32,control,0
USR_15840,2026-06-09 11:16:09,control,0
USR_07307,2026-06-09 11:16:45,control,0
USR_01518,2026-06-09 11:17:27,treatment,0
USR_02218,2026-06-09 11:19:09,control,0
USR_14485,2026-06-09 11:19:57,control,0
USR_01863,2026-06-09 11:20:34,treatment,0
USR_09112,2026-06-09 11:22:00,treatment,1
USR_04086,2026-06-09 11:23:58,control,0
USR_06028,2026-06-09 11:24:17,treatment,0
USR_15844,2026-06-09 11:27:22,treatment,1
USR_19343,2026-06-09 11:27:33,control,0
USR_10417,2026-06-09 11:28:25,treatment,0
USR_18413,2026-06-09 11:30:05,control,0
USR_14457,2026-06-09 11:30:13,control,0
USR_06717,2026-06-09 11:30:35,treatment,0
USR_05001,2026-06-09 11:30:43,treatment,0
USR_01358,2026-06-09 11:31:20,treatment,0
USR_09246,2026-06-09 11:31:20,treatment,0
USR_10142,2026-06-09 11:31:38,control,0
USR_13285,2026-06-09 11:31:58,treatment,0
USR_11022,2026-06-09 11:36:17,treatment,0
USR_13167,2026-06-09 11:37:35,treatment,0
USR_13666,2026-06-09 11:37:59,treatment,0
USR_12786,2026-06-09 11:39:04,treatment,0
USR_15158,2026-06-09 11:40:46,control,0
USR_06839,2026-06-09 11:42:12,treatment,0
USR_02402,2026-06-09 11:44:52,treatment,0
USR_11288,2026-06-09 11:45:09,treatment,0
USR_17720,2026-06-09 11:45:20,control,0
USR_08860,2026-06-09 11:46:43,treatment,0
USR_16365,2026-06-09 11:47:18,control,0
USR_14094,2026-06-09 11:47:44,control,0
USR_06860,2026-06-09 11:48:31,control,0
USR_06148,2026-06-09 11:48:53,control,0
USR_00094,2026-06-09 11:51:33,treatment,1
USR_18766,2026-06-09 11:51:56,control,0
USR_08588,2026-06-09 11:52:16,control,0
USR_19736,2026-06-09 11:52:35,control,0
USR_18315,2026-06-09 11:53:16,treatment,0
USR_14955,2026-06-09 11:53:40,treatment,0
USR_19182,2026-06-09 11:55:18,treatment,0
USR_19788,2026-06-09 11:55:37,control,0
USR_09055,2026-06-09 11:57:00,control,0
USR_19796,2026-06-09 11:57:08,treatment,1
USR_05038,2026-06-09 11:57:50,control,0
USR_11039,2026-06-09 12:00:06,control,0
USR_09885,2026-06-09 12:00:55,treatment,0
USR_01980,2026-06-09 12:02:29,treatment,0
USR_03516,2026-06-09 12:02:32,control,0
USR_02521,2026-06-09 12:02:53,treatment,0
USR_04655,2026-06-09 12:03:45,control,0
USR_00988,2026-06-09 12:06:29,treatment,0
USR_02870,2026-06-09 12:09:16,treatment,0
USR_13415,2026-06-09 12:10:18,treatment,0
USR_13870,2026-06-09 12:11:19,treatment,0
USR_08324,2026-06-09 12:11:35,treatment,0
USR_11695,2026-06-09 12:11:37,control,0
USR_13094,2026-06-09 12:12:47,control,0
USR_10282,2026-06-09 12:13:51,control,0
USR_00173,2026-06-09 12:15:46,control,0
USR_06335,2026-06-09 12:16:12,control,0
USR_04804,2026-06-09 12:17:16,control,0
USR_08669,2026-06-09 12:19:42,control,0
USR_08427,2026-06-09 12:20:40,control,0
USR_04998,2026-06-09 12:20:57,control,0
USR_16207,2026-06-09 12:21:00,control,0
USR_06891,2026-06-09 12:22:13,control,0
USR_11241,2026-06-09 12:24:41,control,0
USR_09631,2026-06-09 12:24:52,treatment,0
USR_06300,2026-06-09 12:27:01,treatment,0
USR_04273,2026-06-09 12:27:14,control,0
USR_17222,2026-06-09 12:28:42,treatment,0
USR_13383,2026-06-09 12:28:45,treatment,0
USR_02979,2026-06-09 12:29:01,control,0
USR_14949,2026-06-09 12:30:07,control,0
USR_05087,2026-06-09 12:31:25,control,0
USR_08465,2026-06-09 12:33:45,treatment,0
USR_15829,2026-06-09 12:34:14,treatment,0
USR_14681,2026-06-09 12:35:32,treatment,0
USR_16513,2026-06-09 12:35:34,control,0
USR_18079,2026-06-09 12:36:34,control,0
USR_17312,2026-06-09 12:37:46,control,0
USR_10375,2026-06-09 12:38:45,control,0
USR_03970,2026-06-09 12:40:32,treatment,0
USR_08526,2026-06-09 12:41:40,treatment,0
USR_14311,2026-06-09 12:41:46,control,0
USR_19359,2026-06-09 12:43:43,control,0
USR_02051,2026-06-09 12:43:56,control,0
USR_05227,2026-06-09 12:45:53,control,1
USR_05121,2026-06-09 12:46:13,treatment,0
USR_00370,2026-06-09 12:47:01,control,0
USR_05795,2026-06-09 12:49:58,control,0
USR_02601,2026-06-09 12:50:09,treatment,0
USR_02518,2026-06-09 12:50:45,control,0
USR_00311,2026-06-09 12:53:08,control,0
USR_17727,2026-06-09 12:53:23,control,1
USR_10966,2026-06-09 12:53:54,treatment,0
USR_04233,2026-06-09 12:54:53,control,0
USR_00630,2026-06-09 12:55:53,treatment,0
USR_07158,2026-06-09 12:56:08,treatment,0
USR_12051,2026-06-09 12:58:04,control,0
USR_19675,2026-06-09 13:00:29,treatment,0
USR_13429,2026-06-09 13:00:36,treatment,1
USR_06327,2026-06-09 13:06:40,control,0
USR_09891,2026-06-09 13:06:45,control,0
USR_10190,2026-06-09 13:08:42,treatment,0
USR_13885,2026-06-09 13:10:18,treatment,0
USR_09581,2026-06-09 13:10:22,treatment,0
USR_04197,2026-06-09 13:10:33,control,0
USR_18202,2026-06-09 13:11:08,treatment,0
USR_07370,2026-06-09 13:11:14,control,0
USR_17055,2026-06-09 13:11:52,treatment,0
USR_06308,2026-06-09 13:13:32,treatment,0
USR_05379,2026-06-09 13:13:53,treatment,0
USR_13807,2026-06-09 13:16:34,treatment,0
USR_01580,2026-06-09 13:17:47,control,0
USR_02797,2026-06-09 13:18:09,treatment,0
USR_10987,2026-06-09 13:19:26,control,0
USR_19804,2026-06-09 13:21:13,control,1
USR_18930,2026-06-09 13:21:53,treatment,0
USR_00244,2026-06-09 13:22:37,treatment,0
USR_09366,2026-06-09 13:25:01,treatment,0
USR_00171,2026-06-09 13:25:06,treatment,0
USR_18251,2026-06-09 13:25:08,control,0
USR_02837,2026-06-09 13:26:25,control,0
USR_16388,2026-06-09 13:27:33,treatment,0
USR_17064,2026-06-09 13:29:11,treatment,0
USR_00604,2026-06-09 13:30:55,control,0
USR_17210,2026-06-09 13:31:17,control,0
USR_11156,2026-06-09 13:31:25,control,0
USR_19765,2026-06-09 13:32:23,treatment,0
USR_17326,2026-06-09 13:32:43,treatment,0
USR_08983,2026-06-09 13:36:39,control,0
USR_19034,2026-06-09 13:37:06,treatment,0
USR_01523,2026-06-09 13:37:21,treatment,0
USR_01455,2026-06-09 13:40:28,control,0
USR_05309,2026-06-09 13:42:29,control,0
USR_01214,2026-06-09 13:42:43,control,0
USR_06857,2026-06-09 13:42:55,treatment,0
USR_12722,2026-06-09 13:43:16,treatment,0
USR_15181,2026-06-09 13:43:29,control,0
USR_08057,2026-06-09 13:43:44,treatment,0
USR_15237,2026-06-09 13:44:22,control,1
USR_07440,2026-06-09 13:44:37,treatment,0
USR_10722,2026-06-09 13:45:37,control,0
USR_00690,2026-06-09 13:45:50,treatment,0
USR_06871,2026-06-09 13:46:02,control,0
USR_16026,2026-06-09 13:46:32,control,0
USR_04321,2026-06-09 13:47:03,treatment,0
USR_03732,2026-06-09 13:47:14,control,0
USR_12357,2026-06-09 13:47:30,treatment,0
USR_06125,2026-06-09 13:48:59,treatment,0
USR_10122,2026-06-09 13:50:32,treatment,0
USR_07558,2026-06-09 13:50:37,control,0
USR_19098,2026-06-09 13:52:19,control,0
USR_16187,2026-06-09 13:53:02,control,0
USR_03211,2026-06-09 13:53:25,treatment,0
USR_07380,2026-06-09 13:54:13,control,0
USR_15720,2026-06-09 13:55:28,treatment,0
USR_01213,2026-06-09 13:57:37,control,0
USR_03829,2026-06-09 13:59:10,control,0
USR_12586,2026-06-09 14:00:40,treatment,0
USR_05851,2026-06-09 14:01:51,treatment,0
USR_12737,2026-06-09 14:01:55,control,0
USR_15880,2026-06-09 14:05:12,treatment,0
USR_17583,2026-06-09 14:05:15,control,0
USR_16466,2026-06-09 14:05:22,treatment,0
USR_00220,2026-06-09 14:05:39,treatment,0
USR_08389,2026-06-09 14:08:52,control,0
USR_14990,2026-06-09 14:11:28,control,0
USR_13740,2026-06-09 14:14:10,control,0
USR_03675,2026-06-09 14:14:26,control,0
USR_17134,2026-06-09 14:14:58,treatment,0
USR_07077,2026-06-09 14:16:50,treatment,0
USR_13197,2026-06-09 14:17:15,control,0
USR_06321,2026-06-09 14:17:48,control,0
USR_11363,2026-06-09 14:18:43,control,0
USR_02171,2026-06-09 14:19:19,treatment,0
USR_19602,2026-06-09 14:21:19,treatment,1
USR_06775,2026-06-09 14:21:23,control,0
USR_06507,2026-06-09 14:21:25,control,0
USR_06675,2026-06-09 14:21:32,treatment,0
USR_16642,2026-06-09 14:21:41,treatment,0
USR_06766,2026-06-09 14:22:03,control,0
USR_14267,2026-06-09 14:22:23,control,0
USR_03561,2026-06-09 14:23:22,treatment,0
USR_02863,2026-06-09 14:23:29,treatment,0
USR_06826,2026-06-09 14:24:21,control,0
USR_08898,2026-06-09 14:24:34,control,0
USR_11425,2026-06-09 14:25:10,control,0
USR_12921,2026-06-09 14:26:46,control,0
USR_00864,2026-06-09 14:28:54,control,0
USR_04328,2026-06-09 14:31:31,control,0
USR_01434,2026-06-09 14:33:46,control,0
USR_11944,2026-06-09 14:33:54,treatment,0
USR_05162,2026-06-09 14:34:00,treatment,0
USR_03564,2026-06-09 14:35:47,control,0
USR_04441,2026-06-09 14:36:58,treatment,0
USR_15272,2026-06-09 14:39:05,treatment,0
USR_05125,2026-06-09 14:39:23,control,0
USR_02822,2026-06-09 14:42:08,control,0
USR_08779,2026-06-09 14:42:52,treatment,0
USR_04216,2026-06-09 14:43:37,treatment,0
USR_06475,2026-06-09 14:48:13,control,0
USR_15600,2026-06-09 14:49:11,treatment,0
USR_05680,2026-06-09 14:49:20,treatment,1
USR_15030,2026-06-09 14:49:31,treatment,0
USR_14639,2026-06-09 14:49:54,treatment,0
USR_17701,2026-06-09 14:50:24,treatment,0
USR_17251,2026-06-09 14:51:59,treatment,0
USR_19828,2026-06-09 14:52:05,treatment,0
USR_05944,2026-06-09 14:52:23,treatment,0
USR_12383,2026-06-09 14:53:51,treatment,0
USR_15569,2026-06-09 14:55:16,control,0
USR_09419,2026-06-09 14:56:44,control,0
USR_17847,2026-06-09 14:57:15,control,0
USR_19109,2026-06-09 14:58:17,control,0
USR_13510,2026-06-09 14:59:37,control,0
USR_08298,2026-06-09 15:00:33,treatment,0
USR_18112,2026-06-09 15:00:35,control,0
USR_15183,2026-06-09 15:00:54,treatment,0
USR_02299,2026-06-09 15:03:07,treatment,0
USR_19123,2026-06-09 15:03:39,treatment,0
USR_12408,2026-06-09 15:04:30,control,0
USR_05699,2026-06-09 15:04:53,control,0
USR_11902,2026-06-09 15:05:58,control,0
USR_10649,2026-06-09 15:11:00,control,0
USR_10310,2026-06-09 15:11:49,treatment,0
USR_09569,2026-06-09 15:12:33,control,0
USR_12589,2026-06-09 15:13:11,control,0
USR_01550,2026-06-09 15:13:25,control,0
USR_09939,2026-06-09 15:15:41,treatment,0
USR_05502,2026-06-09 15:15:55,control,0
USR_02577,2026-06-09 15:15:59,treatment,0
USR_12415,2026-06-09 15:17:13,control,0
USR_14060,2026-06-09 15:18:23,treatment,0
USR_09539,2026-06-09 15:19:53,control,0
USR_08092,2026-06-09 15:20:40,control,0
USR_10886,2026-06-09 15:22:13,treatment,0
USR_05868,2026-06-09 15:22:30,control,0
USR_01107,2026-06-09 15:22:50,treatment,0
USR_03148,2026-06-09 15:23:23,treatment,0
USR_02735,2026-06-09 15:24:11,treatment,0
USR_08508,2026-06-09 15:27:32,treatment,0
USR_12349,2026-06-09 15:28:38,control,0
USR_10718,2026-06-09 15:29:27,treatment,0
USR_03988,2026-06-09 15:29:30,treatment,0
USR_19214,2026-06-09 15:30:03,treatment,0
USR_09534,2026-06-09 15:31:15,treatment,0
USR_12253,2026-06-09 15:32:08,control,0
USR_09932,2026-06-09 15:32:54,control,0
USR_11679,2026-06-09 15:33:26,treatment,0
USR_16074,2026-06-09 15:34:26,treatment,0
USR_09388,2026-06-09 15:36:12,treatment,0
USR_02428,2026-06-09 15:37:48,treatment,0
USR_11688,2026-06-09 15:37:56,control,0
USR_06206,2026-06-09 15:38:08,control,0
USR_19232,2026-06-09 15:40:08,treatment,0
USR_15446,2026-06-09 15:40:34,treatment,0
USR_08886,2026-06-09 15:41:34,treatment,0
USR_01932,2026-06-09 15:42:07,control,0
USR_03066,2026-06-09 15:42:57,treatment,0
USR_14969,2026-06-09 15:43:43,treatment,0
USR_11364,2026-06-09 15:45:28,treatment,0
USR_14810,2026-06-09 15:47:17,treatment,0
USR_17966,2026-06-09 15:49:14,control,0
USR_18514,2026-06-09 15:52:02,treatment,0
USR_02044,2026-06-09 15:53:36,control,0
USR_01316,2026-06-09 15:54:03,treatment,0
USR_06573,2026-06-09 15:58:54,control,0
USR_07895,2026-06-09 16:01:07,control,0
USR_08341,2026-06-09 16:01:19,control,0
USR_01517,2026-06-09 16:01:24,control,0
USR_09199,2026-06-09 16:03:51,treatment,0
USR_12674,2026-06-09 16:04:48,control,0
USR_10521,2026-06-09 16:05:05,control,0
USR_09849,2026-06-09 16:05:20,control,0
USR_13425,2026-06-09 16:05:46,control,0
USR_01647,2026-06-09 16:06:00,treatment,0
USR_14995,2026-06-09 16:07:40,treatment,0
USR_12553,2026-06-09 16:07:47,control,0
USR_11818,2026-06-09 16:08:13,treatment,0
USR_13190,2026-06-09 16:08:40,control,0
USR_12569,2026-06-09 16:09:35,treatment,0
USR_08633,2026-06-09 16:10:35,control,0
USR_00733,2026-06-09 16:12:31,treatment,0
USR_15908,2026-06-09 16:12:38,treatment,0
USR_02679,2026-06-09 16:12:58,control,0
USR_19064,2026-06-09 16:14:22,control,0
USR_01073,2026-06-09 16:15:39,control,0
USR_16937,2026-06-09 16:17:00,treatment,0
USR_06741,2026-06-09 16:17:14,treatment,0
USR_01372,2026-06-09 16:17:19,treatment,0
USR_13325,2026-06-09 16:19:03,treatment,0
USR_06963,2026-06-09 16:19:29,control,0
USR_03128,2026-06-09 16:19:52,treatment,0
USR_05965,2026-06-09 16:21:45,control,0
USR_05355,2026-06-09 16:22:01,control,0
USR_18064,2026-06-09 16:22:16,control,0
USR_08266,2026-06-09 16:22:31,treatment,0
USR_09893,2026-06-09 16:24:41,treatment,0
USR_18361,2026-06-09 16:27:06,control,0
USR_18993,2026-06-09 16:27:17,control,0
USR_06661,2026-06-09 16:29:25,control,1
USR_15371,2026-06-09 16:30:09,control,1
USR_04089,2026-06-09 16:30:29,control,0
USR_16373,2026-06-09 16:30:36,control,0
USR_00511,2026-06-09 16:30:37,treatment,0
USR_09253,2026-06-09 16:32:28,control,0
USR_06581,2026-06-09 16:33:13,control,0
USR_06642,2026-06-09 16:35:56,control,0
USR_07647,2026-06-09 16:36:08,control,0
USR_01758,2026-06-09 16:36:42,treatment,0
USR_03918,2026-06-09 16:37:45,control,0
USR_11627,2026-06-09 16:38:14,control,1
USR_08656,2026-06-09 16:39:07,treatment,0
USR_04776,2026-06-09 16:39:43,control,0
USR_12596,2026-06-09 16:42:10,control,0
USR_13845,2026-06-09 16:43:34,control,0
USR_19490,2026-06-09 16:44:40,control,0
USR_11987,2026-06-09 16:45:00,control,0
USR_04490,2026-06-09 16:47:33,treatment,0
USR_16217,2026-06-09 16:50:29,treatment,0
USR_02759,2026-06-09 16:51:25,control,1
USR_07000,2026-06-09 16:53:44,treatment,0
USR_06710,2026-06-09 16:54:12,treatment,0
USR_07407,2026-06-09 16:54:18,treatment,0
USR_04685,2026-06-09 16:55:10,treatment,0
USR_15758,2026-06-09 16:55:31,treatment,0
USR_10071,2026-06-09 16:57:44,treatment,0
USR_03648,2026-06-09 16:58:04,treatment,0
USR_10679,2026-06-09 17:00:18,control,0
USR_13480,2026-06-09 17:00:38,treatment,0
USR_00438,2026-06-09 17:01:37,control,0
USR_02102,2026-06-09 17:01:47,treatment,0
USR_04473,2026-06-09 17:01:49,treatment,0
USR_11713,2026-06-09 17:03:18,control,0
USR_16836,2026-06-09 17:03:37,control,0
USR_00565,2026-06-09 17:04:16,control,0
USR_09414,2026-06-09 17:04:21,treatment,0
USR_17375,2026-06-09 17:04:39,treatment,0
USR_08184,2026-06-09 17:06:10,treatment,0
USR_17557,2026-06-09 17:06:13,control,0
USR_01335,2026-06-09 17:06:20,treatment,0
USR_06656,2026-06-09 17:08:01,control,0
USR_17103,2026-06-09 17:08:39,control,0
USR_04099,2026-06-09 17:08:39,control,0
USR_14579,2026-06-09 17:10:52,treatment,0
USR_04252,2026-06-09 17:11:51,control,0
USR_13738,2026-06-09 17:12:38,control,0
USR_14814,2026-06-09 17:12:58,control,0
USR_07692,2026-06-09 17:15:54,treatment,0
USR_16841,2026-06-09 17:16:09,control,0
USR_12146,2026-06-09 17:16:41,control,0
USR_05632,2026-06-09 17:16:51,control,0
USR_03544,2026-06-09 17:19:47,treatment,0
USR_09786,2026-06-09 17:20:35,control,0
USR_03551,2026-06-09 17:22:13,treatment,0
USR_03285,2026-06-09 17:24:27,treatment,0
USR_08547,2026-06-09 17:25:29,treatment,0
USR_13352,2026-06-09 17:26:00,treatment,0
USR_09648,2026-06-09 17:26:01,control,0
USR_19763,2026-06-09 17:26:44,control,0
USR_07176,2026-06-09 17:26:44,treatment,0
USR_02359,2026-06-09 17:27:12,treatment,0
USR_13235,2026-06-09 17:28:13,treatment,0
USR_08682,2026-06-09 17:28:19,treatment,0
USR_16468,2026-06-09 17:28:31,treatment,0
USR_13535,2026-06-09 17:30:00,control,0
USR_12476,2026-06-09 17:30:41,control,1
USR_04881,2026-06-09 17:31:07,treatment,0
USR_17252,2026-06-09 17:33:27,treatment,0
USR_17891,2026-06-09 17:36:15,control,0
USR_04806,2026-06-09 17:37:28,control,0
USR_01524,2026-06-09 17:39:26,treatment,0
USR_15179,2026-06-09 17:40:01,control,0
USR_11676,2026-06-09 17:40:28,treatment,0
USR_07795,2026-06-09 17:42:24,control,0
USR_09770,2026-06-09 17:42:51,control,0
USR_01412,2026-06-09 17:43:22,control,0
USR_11892,2026-06-09 17:43:27,treatment,0
USR_15249,2026-06-09 17:43:48,treatment,0
USR_08493,2026-06-09 17:45:15,control,0
USR_03272,2026-06-09 17:46:31,control,0
USR_02621,2026-06-09 17:46:42,treatment,0
USR_03798,2026-06-09 17:46:49,control,0
USR_17672,2026-06-09 17:46:54,control,0
USR_16231,2026-06-09 17:47:13,treatment,0
USR_16150,2026-06-09 17:48:03,control,0
USR_06846,2026-06-09 17:48:05,treatment,0
USR_04040,2026-06-09 17:48:08,control,1
USR_12322,2026-06-09 17:48:10,treatment,0
USR_18710,2026-06-09 17:48:34,control,0
USR_02825,2026-06-09 17:48:48,treatment,0
USR_13541,2026-06-09 17:49:13,treatment,0
USR_05713,2026-06-09 17:49:15,control,0
USR_08276,2026-06-09 17:51:27,control,0
USR_07731,2026-06-09 17:52:27,treatment,0
USR_01950,2026-06-09 17:53:01,treatment,1
USR_01795,2026-06-09 17:53:14,control,0
USR_13615,2026-06-09 17:53:24,control,0
USR_09424,2026-06-09 17:53:45,treatment,0
USR_13784,2026-06-09 17:58:06,treatment,0
USR_15579,2026-06-09 17:58:26,control,0
USR_02565,2026-06-09 18:00:41,control,0
USR_07871,2026-06-09 18:00:42,control,0
USR_13107,2026-06-09 18:00:46,treatment,0
USR_07189,2026-06-09 18:01:23,treatment,0
USR_00610,2026-06-09 18:04:09,control,0
USR_14364,2026-06-09 18:04:37,control,0
USR_00299,2026-06-09 18:06:03,control,1
USR_14234,2026-06-09 18:06:29,control,0
USR_10792,2026-06-09 18:06:36,control,0
USR_19544,2026-06-09 18:08:53,control,0
USR_06280,2026-06-09 18:09:30,treatment,0
USR_04395,2026-06-09 18:09:58,control,0
USR_05251,2026-06-09 18:10:38,control,0
USR_09924,2026-06-09 18:13:54,control,0
USR_07637,2026-06-09 18:14:14,treatment,0
USR_16327,2026-06-09 18:14:30,treatment,0
USR_12494,2026-06-09 18:16:02,treatment,0
USR_11474,2026-06-09 18:17:43,treatment,0
USR_15520,2026-06-09 18:18:33,control,1
USR_03612,2026-06-09 18:19:27,control,0
USR_09155,2026-06-09 18:20:07,treatment,0
USR_03858,2026-06-09 18:21:18,treatment,0
USR_12782,2026-06-09 18:22:49,control,0
USR_18917,2026-06-09 18:23:05,control,0
USR_04531,2026-06-09 18:25:13,control,0
USR_19928,2026-06-09 18:26:31,treatment,0
USR_18349,2026-06-09 18:27:17,control,0
USR_10147,2026-06-09 18:28:09,control,0
USR_12664,2026-06-09 18:29:51,treatment,0
USR_09813,2026-06-09 18:30:12,treatment,0
USR_00989,2026-06-09 18:31:17,treatment,0
USR_09726,2026-06-09 18:31:45,control,1
USR_10584,2026-06-09 18:33:25,treatment,0
USR_14376,2026-06-09 18:34:39,treatment,0
USR_18927,2026-06-09 18:35:53,control,0
USR_15062,2026-06-09 18:38:10,control,0
USR_00865,2026-06-09 18:39:37,treatment,0
USR_05169,2026-06-09 18:40:20,control,0
USR_01785,2026-06-09 18:41:08,control,0
USR_11025,2026-06-09 18:41:35,control,0
USR_17476,2026-06-09 18:42:32,treatment,0
USR_05885,2026-06-09 18:42:52,treatment,0
USR_11254,2026-06-09 18:42:54,treatment,0
USR_10484,2026-06-09 18:44:51,treatment,0
USR_13336,2026-06-09 18:45:04,control,0
USR_06627,2026-06-09 18:45:17,control,0
USR_09450,2026-06-09 18:46:31,treatment,0
USR_18455,2026-06-09 18:47:11,control,0
USR_08242,2026-06-09 18:47:19,control,0
USR_17504,2026-06-09 18:49:56,control,0
USR_11207,2026-06-09 18:50:18,treatment,0
USR_18288,2026-06-09 18:50:39,treatment,0
USR_00196,2026-06-09 18:51:04,treatment,0
USR_07289,2026-06-09 18:51:22,treatment,0
USR_16314,2026-06-09 18:52:57,control,0
USR_02725,2026-06-09 18:55:34,treatment,0
USR_14756,2026-06-09 18:55:43,control,0
USR_00488,2026-06-09 18:56:11,treatment,0
USR_08072,2026-06-09 18:57:52,treatment,0
USR_01354,2026-06-09 19:00:39,treatment,0
USR_13257,2026-06-09 19:01:33,control,0
USR_10366,2026-06-09 19:02:10,control,0
USR_11448,2026-06-09 19:02:18,treatment,0
USR_11510,2026-06-09 19:03:36,treatment,0
USR_04141,2026-06-09 19:03:44,control,0
USR_14966,2026-06-09 19:05:09,control,0
USR_17537,2026-06-09 19:06:46,control,0
USR_14478,2026-06-09 19:06:59,treatment,0
USR_10620,2026-06-09 19:08:00,treatment,0
USR_02499,2026-06-09 19:08:43,control,0
USR_15377,2026-06-09 19:09:43,treatment,0
USR_09663,2026-06-09 19:09:59,control,0
USR_14027,2026-06-09 19:17:06,control,1
USR_04529,2026-06-09 19:18:02,control,0
USR_14475,2026-06-09 19:19:18,control,0
USR_12409,2026-06-09 19:19:36,control,0
USR_11458,2026-06-09 19:22:23,treatment,0
USR_11356,2026-06-09 19:23:07,control,0
USR_00570,2026-06-09 19:24:42,treatment,0
USR_07506,2026-06-09 19:24:48,treatment,0
USR_02654,2026-06-09 19:27:03,control,0
USR_17462,2026-06-09 19:28:05,treatment,1
USR_07491,2026-06-09 19:28:42,treatment,0
USR_11137,2026-06-09 19:29:33,treatment,0
USR_10548,2026-06-09 19:30:51,treatment,0
USR_14555,2026-06-09 19:31:45,control,0
USR_09949,2026-06-09 19:32:05,treatment,0
USR_09865,2026-06-09 19:33:02,control,0
USR_08449,2026-06-09 19:33:29,control,0
USR_15568,2026-06-09 19:33:40,control,0
USR_10192,2026-06-09 19:39:49,treatment,0
USR_04081,2026-06-09 19:40:03,treatment,0
USR_02771,2026-06-09 19:40:32,treatment,0
USR_16686,2026-06-09 19:42:55,treatment,1
USR_05381,2026-06-09 19:43:25,treatment,0
USR_09004,2026-06-09 19:44:35,control,0
USR_01597,2026-06-09 19:44:35,control,0
USR_03729,2026-06-09 19:45:11,treatment,0
USR_06694,2026-06-09 19:46:15,control,0
USR_01405,2026-06-09 19:47:15,control,0
USR_14775,2026-06-09 19:47:37,treatment,0
USR_00845,2026-06-09 19:47:51,control,0
USR_00139,2026-06-09 19:50:56,control,0
USR_07622,2026-06-09 19:53:29,control,0
USR_15854,2026-06-09 19:54:39,control,0
USR_08714,2026-06-09 19:56:19,control,0
USR_13104,2026-06-09 19:56:20,treatment,0
USR_09385,2026-06-09 19:56:21,treatment,0
USR_15165,2026-06-09 19:56:31,treatment,0
USR_15700,2026-06-09 19:56:57,treatment,0
USR_08259,2026-06-09 19:57:36,control,1
USR_17211,2026-06-09 19:57:48,treatment,0
USR_03101,2026-06-09 20:00:27,control,0
USR_07824,2026-06-09 20:02:06,treatment,1
USR_05887,2026-06-09 20:02:20,control,0
USR_14228,2026-06-09 20:05:27,treatment,0
USR_15695,2026-06-09 20:05:49,control,0
USR_06395,2026-06-09 20:09:08,control,0
USR_16348,2026-06-09 20:11:05,treatment,0
USR_07900,2026-06-09 20:11:13,control,0
USR_03477,2026-06-09 20:13:40,control,0
USR_18892,2026-06-09 20:14:14,control,0
USR_14268,2026-06-09 20:15:20,treatment,0
USR_11040,2026-06-09 20:17:56,treatment,0
USR_11245,2026-06-09 20:18:05,control,0
USR_08739,2026-06-09 20:18:26,treatment,1
USR_17027,2026-06-09 20:20:07,control,0
USR_09678,2026-06-09 20:20:22,treatment,0
USR_17415,2026-06-09 20:21:11,control,0
USR_17656,2026-06-09 20:22:24,control,0
USR_14393,2026-06-09 20:23:16,treatment,0
USR_09018,2026-06-09 20:25:15,treatment,0
USR_06687,2026-06-09 20:25:37,treatment,0
USR_19483,2026-06-09 20:28:04,control,0
USR_12019,2026-06-09 20:28:53,treatment,0
USR_14407,2026-06-09 20:29:29,control,0
USR_03664,2026-06-09 20:30:33,control,0
USR_08535,2026-06-09 20:30:42,treatment,1
USR_07840,2026-06-09 20:31:26,treatment,0
USR_06689,2026-06-09 20:32:40,treatment,0
USR_06790,2026-06-09 20:34:30,control,0
USR_18804,2026-06-09 20:35:38,control,0
USR_04930,2026-06-09 20:37:07,control,0
USR_10686,2026-06-09 20:37:25,control,0
USR_05156,2026-06-09 20:38:42,treatment,0
USR_03892,2026-06-09 20:41:34,control,0
USR_02384,2026-06-09 20:42:35,control,0
USR_05985,2026-06-09 20:43:07,control,0
USR_01779,2026-06-09 20:44:40,treatment,0
USR_05418,2026-06-09 20:47:00,treatment,1
USR_12616,2026-06-09 20:49:24,control,1
USR_04608,2026-06-09 20:50:52,treatment,0
USR_05044,2026-06-09 20:54:08,treatment,0
USR_01439,2026-06-09 20:54:42,treatment,0
USR_01895,2026-06-09 20:57:12,control,0
USR_09610,2026-06-09 20:57:27,treatment,1
USR_09675,2026-06-09 20:58:47,control,0
USR_08754,2026-06-09 20:58:48,control,0
USR_16828,2026-06-09 20:59:31,treatment,0
USR_03273,2026-06-09 21:01:36,control,0
USR_11986,2026-06-09 21:02:01,treatment,0
USR_03363,2026-06-09 21:04:02,control,0
USR_11708,2026-06-09 21:05:44,control,0
USR_04199,2026-06-09 21:06:31,treatment,0
USR_12660,2026-06-09 21:08:03,treatment,0
USR_05919,2026-06-09 21:08:12,control,0
USR_03443,2026-06-09 21:10:04,control,0
USR_03685,2026-06-09 21:10:16,treatment,1
USR_12841,2026-06-09 21:10:17,treatment,0
USR_18503,2026-06-09 21:10:18,control,1
USR_15856,2026-06-09 21:10:36,treatment,0
USR_08953,2026-06-09 21:10:41,treatment,0
USR_01057,2026-06-09 21:11:36,treatment,0
USR_13995,2026-06-09 21:12:13,control,0
USR_16075,2026-06-09 21:15:27,treatment,0
USR_19322,2026-06-09 21:15:48,treatment,0
USR_03193,2026-06-09 21:16:19,control,0
USR_17313,2026-06-09 21:16:40,treatment,0
USR_16522,2026-06-09 21:17:54,treatment,0
USR_15105,2026-06-09 21:18:20,treatment,0
USR_15128,2026-06-09 21:18:22,control,0
USR_09143,2026-06-09 21:19:23,treatment,0
USR_09142,2026-06-09 21:19:55,treatment,0
USR_08865,2026-06-09 21:22:59,treatment,0
USR_17925,2026-06-09 21:24:33,control,0
USR_11668,2026-06-09 21:28:49,control,0
USR_00854,2026-06-09 21:29:27,control,0
USR_14438,2026-06-09 21:30:01,treatment,0
USR_04832,2026-06-09 21:30:11,treatment,0
USR_15135,2026-06-09 21:31:57,control,0
USR_01351,2026-06-09 21:32:09,control,0
USR_03010,2026-06-09 21:33:21,treatment,0
USR_09668,2026-06-09 21:34:50,control,0
USR_19037,2026-06-09 21:35:22,treatment,0
USR_16185,2026-06-09 21:36:21,treatment,0
USR_11236,2026-06-09 21:37:08,treatment,0
USR_05694,2026-06-09 21:37:29,treatment,0
USR_08746,2026-06-09 21:38:24,control,0
USR_04297,2026-06-09 21:39:08,treatment,0
USR_11794,2026-06-09 21:39:32,treatment,0
USR_10676,2026-06-09 21:42:28,control,0
USR_05501,2026-06-09 21:42:45,treatment,0
USR_05465,2026-06-09 21:43:29,control,0
USR_02471,2026-06-09 21:44:45,control,0
USR_14759,2026-06-09 21:45:27,treatment,0
USR_03895,2026-06-09 21:45:47,treatment,0
USR_05816,2026-06-09 21:46:27,control,0
USR_08853,2026-06-09 21:46:57,treatment,1
USR_13122,2026-06-09 21:47:09,treatment,0
USR_00049,2026-06-09 21:47:20,control,0
USR_10969,2026-06-09 21:50:02,treatment,0
USR_09613,2026-06-09 21:50:51,treatment,0
USR_16697,2026-06-09 21:51:07,control,0
USR_16819,2026-06-09 21:52:28,treatment,0
USR_14789,2026-06-09 21:55:12,treatment,0
USR_12298,2026-06-09 21:57:23,control,0
USR_10269,2026-06-09 21:58:05,control,0
USR_16593,2026-06-09 21:58:18,treatment,0
USR_05799,2026-06-09 21:59:22,control,0
USR_13810,2026-06-09 22:00:47,control,0
USR_01565,2026-06-09 22:01:49,control,0
USR_03438,2026-06-09 22:04:49,treatment,0
USR_05852,2026-06-09 22:06:19,treatment,0
USR_13576,2026-06-09 22:07:31,treatment,0
USR_02350,2026-06-09 22:07:32,treatment,0
USR_03051,2026-06-09 22:07:45,treatment,0
USR_01676,2026-06-09 22:09:24,treatment,0
USR_07472,2026-06-09 22:09:41,treatment,0
USR_19393,2026-06-09 22:09:42,treatment,1
USR_14713,2026-06-09 22:09:49,control,0
USR_15704,2026-06-09 22:11:12,treatment,0
USR_01512,2026-06-09 22:11:47,treatment,0
USR_09654,2026-06-09 22:12:12,treatment,0
USR_07218,2026-06-09 22:13:07,treatment,0
USR_01596,2026-06-09 22:13:25,treatment,0
USR_19851,2026-06-09 22:13:44,treatment,0
USR_15041,2026-06-09 22:13:57,treatment,0
USR_12308,2026-06-09 22:15:34,treatment,0
USR_10964,2026-06-09 22:18:22,control,0
USR_02503,2026-06-09 22:19:41,control,0
USR_19895,2026-06-09 22:22:22,treatment,1
USR_17819,2026-06-09 22:22:34,treatment,0
USR_17384,2026-06-09 22:23:42,treatment,0
USR_14367,2026-06-09 22:24:38,control,0
USR_05271,2026-06-09 22:24:43,control,1
USR_10580,2026-06-09 22:24:45,treatment,0
USR_01694,2026-06-09 22:24:54,treatment,0
USR_04051,2026-06-09 22:25:56,control,0
USR_10169,2026-06-09 22:26:08,treatment,0
USR_00387,2026-06-09 22:26:32,treatment,0
USR_03644,2026-06-09 22:28:39,control,0
USR_15077,2026-06-09 22:30:46,control,0
USR_12633,2026-06-09 22:30:55,treatment,0
USR_11443,2026-06-09 22:32:41,control,0
USR_14679,2026-06-09 22:33:33,treatment,0
USR_05295,2026-06-09 22:33:33,control,0
USR_14662,2026-06-09 22:33:34,treatment,0
USR_18580,2026-06-09 22:33:43,treatment,0
USR_15949,2026-06-09 22:33:54,control,1
USR_16658,2026-06-09 22:34:06,control,0
USR_13826,2026-06-09 22:34:49,control,0
USR_09751,2026-06-09 22:34:49,control,0
USR_08252,2026-06-09 22:35:49,treatment,0
USR_07656,2026-06-09 22:37:03,treatment,0
USR_07144,2026-06-09 22:37:41,treatment,0
USR_17167,2026-06-09 22:37:54,control,0
USR_09799,2026-06-09 22:38:13,control,0
USR_00930,2026-06-09 22:38:45,treatment,0
USR_06567,2026-06-09 22:40:07,control,0
USR_04520,2026-06-09 22:41:24,control,0
USR_05841,2026-06-09 22:42:24,control,0
USR_14654,2026-06-09 22:43:02,control,0
USR_12760,2026-06-09 22:43:11,control,0
USR_08560,2026-06-09 22:43:19,control,0
USR_18241,2026-06-09 22:43:26,treatment,0
USR_08721,2026-06-09 22:47:03,treatment,1
USR_19165,2026-06-09 22:47:35,control,0
USR_17696,2026-06-09 22:47:58,treatment,0
USR_11493,2026-06-09 22:48:13,treatment,0
USR_02685,2026-06-09 22:49:13,treatment,0
USR_18268,2026-06-09 22:50:15,control,0
USR_05310,2026-06-09 22:50:41,treatment,0
USR_13843,2026-06-09 22:51:05,treatment,0
USR_04336,2026-06-09 22:51:20,control,0
USR_17416,2026-06-09 22:51:36,treatment,0
USR_04523,2026-06-09 22:51:51,control,0
USR_17321,2026-06-09 22:53:29,treatment,0
USR_08655,2026-06-09 22:56:10,control,0
USR_15892,2026-06-09 22:56:26,treatment,0
USR_03827,2026-06-09 22:57:35,control,0
USR_01448,2026-06-09 22:57:48,control,0
USR_10979,2026-06-09 22:59:39,treatment,0
USR_15480,2026-06-09 23:00:47,treatment,0
USR_19267,2026-06-09 23:01:47,treatment,0
USR_00025,2026-06-09 23:03:32,treatment,0
USR_15518,2026-06-09 23:05:31,control,0
USR_15295,2026-06-09 23:05:42,treatment,1
USR_12865,2026-06-09 23:07:18,control,0
USR_09461,2026-06-09 23:08:10,control,0
USR_08384,2026-06-09 23:09:28,control,0
USR_10297,2026-06-09 23:11:04,treatment,1
USR_11468,2026-06-09 23:11:36,control,0
USR_10115,2026-06-09 23:11:52,treatment,0
USR_15016,2026-06-09 23:12:09,treatment,0
USR_02347,2026-06-09 23:13:08,control,0
USR_09916,2026-06-09 23:13:26,control,0
USR_13996,2026-06-09 23:14:45,treatment,0
USR_09708,2026-06-09 23:15:54,treatment,0
USR_00477,2026-06-09 23:16:48,treatment,1
USR_16720,2026-06-09 23:17:02,treatment,0
USR_11165,2026-06-09 23:19:07,control,0
USR_13371,2026-06-09 23:19:56,treatment,0
USR_03342,2026-06-09 23:20:00,control,0
USR_01015,2026-06-09 23:20:29,treatment,0
USR_19747,2026-06-09 23:20:52,control,0
USR_05401,2026-06-09 23:23:12,treatment,0
USR_17261,2026-06-09 23:23:42,control,0
USR_18433,2026-06-09 23:26:19,treatment,1
USR_10989,2026-06-09 23:27:06,treatment,0
USR_13946,2026-06-09 23:27:08,treatment,0
USR_17745,2026-06-09 23:28:46,treatment,1
USR_01286,2026-06-09 23:29:05,control,0
USR_10714,2026-06-09 23:32:31,control,0
USR_12271,2026-06-09 23:33:05,control,0
USR_15815,2026-06-09 23:33:49,treatment,0
USR_09328,2026-06-09 23:36:20,treatment,0
USR_01264,2026-06-09 23:37:34,treatment,0
USR_13580,2026-06-09 23:40:20,treatment,0
USR_16104,2026-06-09 23:41:15,treatment,1
USR_08937,2026-06-09 23:41:36,treatment,1
USR_07415,2026-06-09 23:41:51,control,0
USR_12762,2026-06-09 23:42:01,treatment,0
USR_10456,2026-06-09 23:42:49,control,0
USR_10256,2026-06-09 23:44:30,treatment,0
USR_09692,2026-06-09 23:45:49,treatment,0
USR_11411,2026-06-09 23:45:55,treatment,0
USR_01663,2026-06-09 23:47:15,control,0
USR_07626,2026-06-09 23:47:34,control,0
USR_19516,2026-06-09 23:47:47,treatment,0
USR_02853,2026-06-09 23:47:52,treatment,0
USR_11113,2026-06-09 23:52:58,treatment,0
USR_10288,2026-06-09 23:53:09,control,0
USR_02744,2026-06-09 23:54:54,control,0
USR_15477,2026-06-09 23:55:12,control,0
USR_01540,2026-06-09 23:55:45,treatment,0
USR_18340,2026-06-09 23:56:21,control,0
USR_08374,2026-06-09 23:56:22,treatment,0
USR_18637,2026-06-09 23:56:38,treatment,0
USR_01466,2026-06-09 23:56:41,control,0
USR_17432,2026-06-09 23:57:05,control,0
USR_10244,2026-06-09 23:57:31,treatment,0
USR_05824,2026-06-10 00:00:37,treatment,0
USR_19565,2026-06-10 00:03:59,control,0
USR_15112,2026-06-10 00:04:26,treatment,0
USR_11242,2026-06-10 00:06:16,control,0
USR_07560,2026-06-10 00:06:53,treatment,0
USR_13529,2026-06-10 00:07:36,treatment,0
USR_11436,2026-06-10 00:07:51,treatment,0
USR_00755,2026-06-10 00:08:15,control,0
USR_11733,2026-06-10 00:08:52,control,0
USR_11642,2026-06-10 00:09:21,control,0
USR_15228,2026-06-10 00:09:31,treatment,1
USR_06307,2026-06-10 00:11:04,treatment,0
USR_10004,2026-06-10 00:14:03,control,1
USR_00327,2026-06-10 00:15:23,control,0
USR_19696,2026-06-10 00:16:39,treatment,0
USR_10203,2026-06-10 00:18:16,control,0
USR_11773,2026-06-10 00:18:42,control,0
USR_17593,2026-06-10 00:20:33,treatment,0
USR_01598,2026-06-10 00:21:09,control,0
USR_07602,2026-06-10 00:21:13,treatment,0
USR_12387,2026-06-10 00:22:11,control,0
USR_14707,2026-06-10 00:22:13,control,0
USR_05073,2026-06-10 00:22:29,treatment,0
USR_09275,2026-06-10 00:24:03,treatment,0
USR_00278,2026-06-10 00:29:23,control,0
USR_11763,2026-06-10 00:31:23,treatment,0
USR_06745,2026-06-10 00:33:17,treatment,0
USR_11501,2026-06-10 00:33:39,control,0
USR_18403,2026-06-10 00:36:26,treatment,0
USR_08968,2026-06-10 00:36:34,control,0
USR_10368,2026-06-10 00:37:31,control,0
USR_18832,2026-06-10 00:37:41,treatment,0
USR_17572,2026-06-10 00:39:31,treatment,0
USR_04454,2026-06-10 00:39:54,treatment,0
USR_00096,2026-06-10 00:40:28,treatment,0
USR_05726,2026-06-10 00:40:48,treatment,0
USR_10659,2026-06-10 00:44:49,treatment,0
USR_10978,2026-06-10 00:45:12,control,0
USR_13575,2026-06-10 00:48:51,treatment,0
USR_03229,2026-06-10 00:49:24,treatment,0
USR_14722,2026-06-10 00:49:45,control,0
USR_10965,2026-06-10 00:51:35,control,0
USR_01366,2026-06-10 00:51:52,treatment,1
USR_14661,2026-06-10 00:52:45,control,0
USR_18191,2026-06-10 00:52:56,treatment,0
USR_14077,2026-06-10 00:53:29,treatment,0
USR_03118,2026-06-10 00:56:05,treatment,0
USR_16851,2026-06-10 00:57:38,control,0
USR_10381,2026-06-10 00:57:40,control,1
USR_04148,2026-06-10 00:58:34,treatment,0
USR_07834,2026-06-10 00:58:57,treatment,0
USR_14090,2026-06-10 00:59:16,treatment,0
USR_19620,2026-06-10 01:01:02,control,0
USR_08738,2026-06-10 01:01:08,control,0
USR_06398,2026-06-10 01:02:28,control,1
USR_11211,2026-06-10 01:04:32,treatment,0
USR_03117,2026-06-10 01:04:49,treatment,0
USR_08256,2026-06-10 01:05:15,treatment,0
USR_19187,2026-06-10 01:06:03,treatment,0
USR_19320,2026-06-10 01:06:03,treatment,0
USR_08755,2026-06-10 01:06:21,control,0
USR_09273,2026-06-10 01:08:43,treatment,0
USR_06528,2026-06-10 01:09:49,control,0
USR_13135,2026-06-10 01:10:59,treatment,0
USR_05157,2026-06-10 01:11:18,treatment,0
USR_15226,2026-06-10 01:11:54,control,0
USR_19317,2026-06-10 01:13:52,control,0
USR_00115,2026-06-10 01:14:24,control,0
USR_07217,2026-06-10 01:16:12,control,0
USR_04032,2026-06-10 01:19:08,treatment,0
USR_07649,2026-06-10 01:19:20,control,0
USR_14867,2026-06-10 01:20:23,treatment,0
USR_09418,2026-06-10 01:20:39,control,0
USR_00796,2026-06-10 01:21:53,treatment,0
USR_13857,2026-06-10 01:22:09,control,0
USR_16013,2026-06-10 01:22:21,treatment,0
USR_10888,2026-06-10 01:24:00,control,0
USR_15428,2026-06-10 01:24:34,control,0
USR_05608,2026-06-10 01:25:52,control,0
USR_06849,2026-06-10 01:26:46,control,0
USR_19173,2026-06-10 01:26:47,control,0
USR_11993,2026-06-10 01:27:17,treatment,0
USR_00440,2026-06-10 01:27:29,control,0
USR_01508,2026-06-10 01:28:42,control,0
USR_14200,2026-06-10 01:28:50,treatment,0
USR_15359,2026-06-10 01:32:55,treatment,0
USR_10745,2026-06-10 01:36:08,treatment,0
USR_01004,2026-06-10 01:37:20,control,0
USR_04754,2026-06-10 01:38:32,treatment,0
USR_02427,2026-06-10 01:39:45,control,0
USR_12272,2026-06-10 01:40:11,treatment,0
USR_17049,2026-06-10 01:40:18,control,0
USR_17199,2026-06-10 01:41:34,treatment,0
USR_18299,2026-06-10 01:42:02,treatment,0
USR_00069,2026-06-10 01:43:35,treatment,0
USR_07876,2026-06-10 01:43:39,control,0
USR_14686,2026-06-10 01:45:23,control,0
USR_16490,2026-06-10 01:45:43,treatment,0
USR_13128,2026-06-10 01:45:55,treatment,0
USR_05070,2026-06-10 01:46:13,control,0
USR_17565,2026-06-10 01:50:17,control,0
USR_15423,2026-06-10 01:50:31,treatment,0
USR_18003,2026-06-10 01:51:36,control,0
USR_07165,2026-06-10 01:51:51,treatment,0
USR_08961,2026-06-10 01:52:02,control,0
USR_16762,2026-06-10 01:52:54,treatment,0
USR_09083,2026-06-10 01:55:23,control,0
USR_03190,2026-06-10 01:57:05,control,0
USR_07457,2026-06-10 01:57:29,treatment,0
USR_10884,2026-06-10 01:59:12,treatment,0
USR_06960,2026-06-10 01:59:55,treatment,1
USR_08136,2026-06-10 02:00:29,control,0
USR_15616,2026-06-10 02:02:54,treatment,0
USR_10927,2026-06-10 02:08:57,control,0
USR_18416,2026-06-10 02:10:43,treatment,0
USR_07072,2026-06-10 02:12:50,treatment,0
USR_11276,2026-06-10 02:14:52,control,0
USR_05840,2026-06-10 02:14:59,control,0
USR_08316,2026-06-10 02:15:32,control,0
USR_18704,2026-06-10 02:15:48,control,0
USR_03161,2026-06-10 02:15:50,control,0
USR_11198,2026-06-10 02:15:54,control,0
USR_09497,2026-06-10 02:17:38,control,0
USR_17133,2026-06-10 02:17:43,control,0
USR_11945,2026-06-10 02:17:46,treatment,0
USR_19052,2026-06-10 02:18:46,control,1
USR_17367,2026-06-10 02:20:06,treatment,0
USR_13641,2026-06-10 02:20:28,control,0
USR_18809,2026-06-10 02:21:33,treatment,0
USR_15052,2026-06-10 02:22:22,treatment,0
USR_10260,2026-06-10 02:22:29,control,0
USR_04607,2026-06-10 02:22:43,control,0
USR_00404,2026-06-10 02:24:28,treatment,0
USR_12993,2026-06-10 02:24:31,treatment,0
USR_06443,2026-06-10 02:24:59,control,0
USR_02978,2026-06-10 02:25:07,treatment,0
USR_10051,2026-06-10 02:25:46,control,0
USR_13783,2026-06-10 02:26:46,treatment,0
USR_17483,2026-06-10 02:28:19,treatment,0
USR_12884,2026-06-10 02:29:33,treatment,0
USR_06759,2026-06-10 02:30:00,treatment,0
USR_13914,2026-06-10 02:30:48,treatment,0
USR_16777,2026-06-10 02:30:52,control,0
USR_13137,2026-06-10 02:33:26,treatment,0
USR_04652,2026-06-10 02:36:58,treatment,0
USR_11582,2026-06-10 02:37:20,treatment,0
USR_16620,2026-06-10 02:37:34,control,0
USR_09763,2026-06-10 02:39:21,treatment,0
USR_01431,2026-06-10 02:40:23,control,0
USR_13513,2026-06-10 02:40:59,treatment,0
USR_11176,2026-06-10 02:41:15,treatment,0
USR_10515,2026-06-10 02:41:49,control,0
USR_10355,2026-06-10 02:42:06,control,0
USR_12726,2026-06-10 02:44:38,control,0
USR_10861,2026-06-10 02:44:44,control,0
USR_19139,2026-06-10 02:45:28,treatment,0
USR_05925,2026-06-10 02:46:25,treatment,0
USR_02393,2026-06-10 02:46:51,treatment,0
USR_03177,2026-06-10 02:48:54,treatment,0
USR_11623,2026-06-10 02:49:52,treatment,0
USR_18616,2026-06-10 02:50:27,control,0
USR_00076,2026-06-10 02:51:39,control,0
USR_04925,2026-06-10 02:53:07,control,0
USR_18270,2026-06-10 02:53:48,control,0
USR_05072,2026-06-10 02:55:48,control,0
USR_08336,2026-06-10 02:56:47,control,0
USR_02027,2026-06-10 02:56:49,treatment,0
USR_12607,2026-06-10 02:58:44,treatment,0
USR_08552,2026-06-10 03:00:53,treatment,0
USR_07317,2026-06-10 03:04:42,treatment,0
USR_08538,2026-06-10 03:05:36,control,0
USR_01898,2026-06-10 03:06:04,treatment,0
USR_02298,2026-06-10 03:06:36,treatment,0
USR_19816,2026-06-10 03:08:12,treatment,0
USR_06833,2026-06-10 03:08:49,control,0
USR_04117,2026-06-10 03:08:52,control,0
USR_11299,2026-06-10 03:09:46,treatment,0
USR_01106,2026-06-10 03:10:25,treatment,0
USR_08148,2026-06-10 03:12:09,control,0
USR_13952,2026-06-10 03:12:32,control,0
USR_03405,2026-06-10 03:14:08,control,0
USR_11152,2026-06-10 03:14:15,treatment,0
USR_15340,2026-06-10 03:15:29,control,0
USR_11168,2026-06-10 03:15:34,control,0
USR_18859,2026-06-10 03:16:21,treatment,1
USR_14660,2026-06-10 03:16:45,control,0
USR_07758,2026-06-10 03:18:26,treatment,0
USR_02959,2026-06-10 03:18:30,control,0
USR_13772,2026-06-10 03:21:21,treatment,0
USR_09526,2026-06-10 03:21:34,control,0
USR_03239,2026-06-10 03:23:13,control,0
USR_00601,2026-06-10 03:24:15,control,0
USR_16883,2026-06-10 03:24:32,treatment,0
USR_13695,2026-06-10 03:24:52,control,0
USR_06421,2026-06-10 03:25:02,control,0
USR_10891,2026-06-10 03:25:12,control,0
USR_11249,2026-06-10 03:27:15,treatment,0
USR_14305,2026-06-10 03:28:27,treatment,0
USR_16992,2026-06-10 03:28:56,control,0
USR_13704,2026-06-10 03:28:58,control,0
USR_16410,2026-06-10 03:31:15,treatment,0
USR_11819,2026-06-10 03:32:38,treatment,0
USR_09332,2026-06-10 03:33:01,control,0
USR_09856,2026-06-10 03:34:47,control,0
USR_04317,2026-06-10 03:35:28,treatment,0
USR_19669,2026-06-10 03:36:05,control,0
USR_10646,2026-06-10 03:36:25,treatment,1
USR_19307,2026-06-10 03:36:42,treatment,0
USR_01869,2026-06-10 03:39:36,control,0
USR_17943,2026-06-10 03:40:23,treatment,0
USR_08171,2026-06-10 03:41:04,control,0
USR_17443,2026-06-10 03:41:51,treatment,0
USR_02777,2026-06-10 03:42:33,control,0
USR_18437,2026-06-10 03:42:50,control,0
USR_17184,2026-06-10 03:43:40,treatment,0
USR_09864,2026-06-10 03:44:06,treatment,0
USR_16964,2026-06-10 03:45:14,control,0
USR_16703,2026-06-10 03:45:29,control,0
USR_00427,2026-06-10 03:45:34,control,0
USR_05154,2026-06-10 03:49:00,treatment,0
USR_19259,2026-06-10 03:49:45,treatment,0
USR_08686,2026-06-10 03:49:47,treatment,0
USR_06809,2026-06-10 03:49:52,control,0
USR_11556,2026-06-10 03:51:02,control,0
USR_14939,2026-06-10 03:52:38,control,0
USR_17213,2026-06-10 03:53:41,control,0
USR_18551,2026-06-10 03:54:45,treatment,0
USR_07312,2026-06-10 03:58:33,treatment,0
USR_07638,2026-06-10 03:59:35,treatment,0
USR_18855,2026-06-10 04:00:02,treatment,0
USR_14500,2026-06-10 04:00:45,control,0
USR_16551,2026-06-10 04:02:45,control,0
USR_00760,2026-06-10 04:03:17,treatment,0
USR_08468,2026-06-10 04:03:25,control,0
USR_02300,2026-06-10 04:04:17,control,0
USR_12073,2026-06-10 04:04:38,control,0
USR_06953,2026-06-10 04:04:40,treatment,0
USR_09667,2026-06-10 04:05:19,control,0
USR_08896,2026-06-10 04:05:49,control,0
USR_19431,2026-06-10 04:06:21,treatment,0
USR_02604,2026-06-10 04:07:39,control,0
USR_15176,2026-06-10 04:07:50,treatment,0
USR_00429,2026-06-10 04:09:34,control,0
USR_07308,2026-06-10 04:10:49,control,0
USR_15093,2026-06-10 04:17:11,treatment,0
USR_13185,2026-06-10 04:17:32,treatment,0
USR_13054,2026-06-10 04:20:20,control,0
USR_14275,2026-06-10 04:23:50,treatment,0
USR_16344,2026-06-10 04:25:54,control,0
USR_03679,2026-06-10 04:26:11,treatment,0
USR_14344,2026-06-10 04:26:55,control,0
USR_17038,2026-06-10 04:28:34,treatment,0
USR_14117,2026-06-10 04:30:01,treatment,0
USR_03222,2026-06-10 04:30:07,control,0
USR_08261,2026-06-10 04:30:38,control,0
USR_03352,2026-06-10 04:31:24,treatment,0
USR_14465,2026-06-10 04:32:07,treatment,0
USR_04560,2026-06-10 04:32:33,control,0
USR_00236,2026-06-10 04:33:55,control,1
USR_00963,2026-06-10 04:35:08,control,0
USR_16280,2026-06-10 04:35:53,control,0
USR_16057,2026-06-10 04:36:19,control,0
USR_19399,2026-06-10 04:37:58,treatment,0
USR_06880,2026-06-10 04:38:04,control,0
USR_14758,2026-06-10 04:42:36,treatment,0
USR_03727,2026-06-10 04:44:24,treatment,0
USR_06497,2026-06-10 04:44:26,control,0
USR_10430,2026-06-10 04:45:13,treatment,0
USR_15000,2026-06-10 04:46:53,treatment,0
USR_01203,2026-06-10 04:47:41,treatment,0
USR_14427,2026-06-10 04:48:46,treatment,0
USR_04896,2026-06-10 04:51:00,control,0
USR_08053,2026-06-10 04:52:13,treatment,0
USR_08583,2026-06-10 04:54:11,control,0
USR_12835,2026-06-10 04:55:18,treatment,1
USR_14873,2026-06-10 04:55:29,control,1
USR_04837,2026-06-10 04:56:34,treatment,0
USR_16378,2026-06-10 04:56:54,treatment,0
USR_06793,2026-06-10 04:57:30,control,0
USR_13867,2026-06-10 04:57:56,control,0
USR_08180,2026-06-10 04:58:20,control,0
USR_10603,2026-06-10 04:59:17,treatment,1
USR_18271,2026-06-10 04:59:19,treatment,0
USR_16429,2026-06-10 05:00:08,treatment,0
USR_19989,2026-06-10 05:00:30,control,0
USR_16822,2026-06-10 05:00:56,control,0
USR_17290,2026-06-10 05:00:57,control,0
USR_02154,2026-06-10 05:01:57,control,0
USR_04219,2026-06-10 05:02:34,control,0
USR_18108,2026-06-10 05:03:05,treatment,1
USR_03391,2026-06-10 05:03:14,treatment,0
USR_02963,2026-06-10 05:03:18,treatment,0
USR_08061,2026-06-10 05:04:14,control,0
USR_14097,2026-06-10 05:05:06,treatment,0
USR_00532,2026-06-10 05:05:12,treatment,0
USR_13113,2026-06-10 05:06:17,control,0
USR_03202,2026-06-10 05:06:24,treatment,0
USR_05464,2026-06-10 05:08:02,control,0
USR_04995,2026-06-10 05:10:05,control,0
USR_08706,2026-06-10 05:10:14,treatment,0
USR_11109,2026-06-10 05:10:32,treatment,1
USR_16000,2026-06-10 05:11:34,control,0
USR_17664,2026-06-10 05:12:51,treatment,0
USR_16494,2026-06-10 05:12:59,treatment,0
USR_04980,2026-06-10 05:14:35,treatment,0
USR_10129,2026-06-10 05:15:23,treatment,0
USR_13715,2026-06-10 05:18:07,treatment,0
USR_19647,2026-06-10 05:18:13,control,0
USR_16359,2026-06-10 05:18:38,treatment,0
USR_09301,2026-06-10 05:20:28,treatment,0
USR_07203,2026-06-10 05:20:33,treatment,0
USR_19434,2026-06-10 05:21:40,control,0
USR_19673,2026-06-10 05:22:11,treatment,0
USR_08763,2026-06-10 05:22:14,treatment,0
USR_05112,2026-06-10 05:22:46,treatment,0
USR_02786,2026-06-10 05:24:13,treatment,0
USR_05022,2026-06-10 05:24:54,treatment,1
USR_04895,2026-06-10 05:25:23,treatment,0
USR_02310,2026-06-10 05:25:59,treatment,0
USR_15641,2026-06-10 05:27:49,treatment,0
USR_01632,2026-06-10 05:30:52,control,0
USR_13760,2026-06-10 05:31:00,treatment,0
USR_07124,2026-06-10 05:31:08,control,0
USR_14135,2026-06-10 05:33:31,control,0
USR_02495,2026-06-10 05:34:56,control,0
USR_08829,2026-06-10 05:35:31,treatment,0
USR_00544,2026-06-10 05:36:21,control,0
USR_12281,2026-06-10 05:37:00,control,0
USR_04739,2026-06-10 05:37:24,control,0
USR_17356,2026-06-10 05:37:53,control,0
USR_01320,2026-06-10 05:38:50,control,0
USR_07791,2026-06-10 05:39:15,treatment,0
USR_15485,2026-06-10 05:41:50,treatment,0
USR_18864,2026-06-10 05:42:06,control,0
USR_13165,2026-06-10 05:43:36,treatment,0
USR_07095,2026-06-10 05:43:49,control,0
USR_08825,2026-06-10 05:48:09,control,0
USR_14512,2026-06-10 05:49:07,control,0
USR_08357,2026-06-10 05:50:47,treatment,0
USR_03376,2026-06-10 05:53:17,control,0
USR_02315,2026-06-10 05:54:43,control,0
USR_18520,2026-06-10 05:54:51,control,0
USR_19699,2026-06-10 05:54:59,treatment,0
USR_12679,2026-06-10 05:56:59,control,0
USR_03663,2026-06-10 05:58:57,control,0
USR_03940,2026-06-10 06:02:46,treatment,0
USR_14033,2026-06-10 06:04:47,treatment,0
USR_04194,2026-06-10 06:05:32,control,1
USR_13844,2026-06-10 06:05:48,control,0
USR_08314,2026-06-10 06:07:08,treatment,0
USR_00991,2026-06-10 06:07:44,treatment,0
USR_17889,2026-06-10 06:11:29,control,0
USR_19298,2026-06-10 06:12:56,control,0
USR_18937,2026-06-10 06:14:24,treatment,0
USR_03714,2026-06-10 06:14:42,treatment,0
USR_02523,2026-06-10 06:15:52,control,0
USR_18901,2026-06-10 06:16:21,treatment,1
USR_17450,2026-06-10 06:17:01,control,0
USR_17458,2026-06-10 06:17:35,treatment,0
USR_14165,2026-06-10 06:19:12,control,0
USR_17070,2026-06-10 06:20:15,control,0
USR_19626,2026-06-10 06:20:31,treatment,0
USR_13395,2026-06-10 06:22:07,treatment,0
USR_14462,2026-06-10 06:22:25,treatment,0
USR_13085,2026-06-10 06:22:46,control,0
USR_08958,2026-06-10 06:23:50,control,0
USR_11934,2026-06-10 06:25:06,control,0
USR_16158,2026-06-10 06:25:51,treatment,0
USR_03099,2026-06-10 06:27:31,treatment,0
USR_18081,2026-06-10 06:27:34,treatment,0
USR_00426,2026-06-10 06:27:48,treatment,0
USR_08683,2026-06-10 06:28:06,control,0
USR_10869,2026-06-10 06:32:19,treatment,0
USR_10610,2026-06-10 06:33:00,control,0
USR_16699,2026-06-10 06:34:15,control,1
USR_14863,2026-06-10 06:34:25,control,0
USR_05619,2026-06-10 06:35:48,treatment,0
USR_14709,2026-06-10 06:35:51,control,0
USR_17750,2026-06-10 06:36:52,treatment,0
USR_13275,2026-06-10 06:37:08,control,0
USR_17655,2026-06-10 06:37:31,treatment,1
USR_13350,2026-06-10 06:40:50,control,0
USR_17073,2026-06-10 06:42:53,treatment,0
USR_10420,2026-06-10 06:43:18,control,0
USR_08812,2026-06-10 06:43:48,control,0
USR_11479,2026-06-10 06:44:40,control,0
USR_03035,2026-06-10 06:46:27,control,0
USR_05946,2026-06-10 06:49:37,treatment,0
USR_08970,2026-06-10 06:52:53,control,0
USR_09769,2026-06-10 06:55:29,treatment,0
USR_18473,2026-06-10 06:55:52,control,0
USR_10408,2026-06-10 06:56:19,control,0
USR_14375,2026-06-10 06:57:50,treatment,0
USR_00412,2026-06-10 06:57:56,treatment,0
USR_18779,2026-06-10 06:58:49,control,0
USR_08694,2026-06-10 06:59:00,treatment,0
USR_04396,2026-06-10 06:59:27,control,1
USR_10330,2026-06-10 06:59:42,treatment,0
USR_00462,2026-06-10 07:01:38,treatment,0
USR_00768,2026-06-10 07:01:59,treatment,0
USR_06120,2026-06-10 07:02:36,control,0
USR_02055,2026-06-10 07:05:59,treatment,0
USR_19272,2026-06-10 07:06:09,treatment,0
USR_18649,2026-06-10 07:06:45,control,0
USR_08369,2026-06-10 07:09:11,control,0
USR_12445,2026-06-10 07:09:23,treatment,1
USR_14419,2026-06-10 07:12:33,treatment,0
USR_03896,2026-06-10 07:16:51,control,0
USR_16831,2026-06-10 07:19:24,treatment,0
USR_14171,2026-06-10 07:20:17,control,0
USR_12449,2026-06-10 07:21:45,control,0
USR_12727,2026-06-10 07:23:03,treatment,0
USR_02496,2026-06-10 07:24:37,treatment,0
USR_17169,2026-06-10 07:24:46,control,0
USR_03279,2026-06-10 07:25:03,control,0
USR_00145,2026-06-10 07:26:00,control,0
USR_17008,2026-06-10 07:26:12,control,0
USR_12490,2026-06-10 07:26:58,control,0
USR_16381,2026-06-10 07:29:24,control,0
USR_13067,2026-06-10 07:29:32,treatment,0
USR_00024,2026-06-10 07:29:56,control,0
USR_00362,2026-06-10 07:30:33,control,0
USR_04542,2026-06-10 07:31:55,treatment,0
USR_04330,2026-06-10 07:33:58,treatment,0
USR_14372,2026-06-10 07:34:33,treatment,0
USR_16442,2026-06-10 07:36:33,control,0
USR_11654,2026-06-10 07:36:36,control,0
USR_14627,2026-06-10 07:36:55,treatment,1
USR_07523,2026-06-10 07:38:30,treatment,0
USR_19055,2026-06-10 07:38:55,treatment,0
USR_16295,2026-06-10 07:40:20,treatment,1
USR_19042,2026-06-10 07:41:27,treatment,0
USR_14038,2026-06-10 07:42:31,control,0
USR_06954,2026-06-10 07:42:47,treatment,0
USR_19062,2026-06-10 07:43:41,treatment,0
USR_12325,2026-06-10 07:43:55,control,1
USR_07941,2026-06-10 07:44:08,treatment,0
USR_04392,2026-06-10 07:44:15,treatment,0
USR_13263,2026-06-10 07:44:48,treatment,0
USR_05969,2026-06-10 07:45:42,treatment,0
USR_03214,2026-06-10 07:46:56,treatment,0
USR_07770,2026-06-10 07:47:01,control,0
USR_14815,2026-06-10 07:47:40,treatment,0
USR_11093,2026-06-10 07:50:55,treatment,0
USR_01092,2026-06-10 07:51:23,treatment,0
USR_13670,2026-06-10 07:51:43,control,0
USR_00521,2026-06-10 07:51:47,treatment,0
USR_06169,2026-06-10 07:52:10,control,1
USR_02100,2026-06-10 07:52:11,treatment,0
USR_08954,2026-06-10 07:53:48,control,0
USR_13246,2026-06-10 07:54:04,control,0
USR_17361,2026-06-10 07:54:07,treatment,0
USR_17723,2026-06-10 07:54:13,treatment,0
USR_00209,2026-06-10 07:54:22,treatment,0
USR_13401,2026-06-10 07:55:17,control,0
USR_04387,2026-06-10 07:56:54,control,0
USR_01174,2026-06-10 07:57:31,treatment,0
USR_00797,2026-06-10 07:57:46,control,0
USR_16421,2026-06-10 07:59:30,treatment,0
USR_14422,2026-06-10 08:00:44,control,0
USR_05101,2026-06-10 08:02:10,control,0
USR_16059,2026-06-10 08:02:58,treatment,0
USR_14119,2026-06-10 08:03:07,treatment,0
USR_07771,2026-06-10 08:03:14,control,0
USR_19485,2026-06-10 08:03:44,treatment,0
USR_12894,2026-06-10 08:03:59,treatment,0
USR_10541,2026-06-10 08:04:07,control,0
USR_09947,2026-06-10 08:05:53,treatment,0
USR_17291,2026-06-10 08:06:15,treatment,0
USR_03672,2026-06-10 08:06:46,treatment,1
USR_13033,2026-06-10 08:06:49,treatment,0
USR_06092,2026-06-10 08:07:47,treatment,1
USR_16857,2026-06-10 08:08:39,control,0
USR_11874,2026-06-10 08:11:19,control,0
USR_15731,2026-06-10 08:11:38,treatment,0
USR_18540,2026-06-10 08:12:27,control,0
USR_00658,2026-06-10 08:12:35,control,1
USR_11661,2026-06-10 08:13:03,treatment,0
USR_14184,2026-06-10 08:14:42,treatment,0
USR_06173,2026-06-10 08:17:02,treatment,0
USR_01471,2026-06-10 08:18:39,treatment,0
USR_19618,2026-06-10 08:19:08,control,0
USR_02234,2026-06-10 08:19:10,treatment,1
USR_17429,2026-06-10 08:19:45,control,0
USR_00430,2026-06-10 08:20:35,control,0
USR_04253,2026-06-10 08:20:45,control,1
USR_00977,2026-06-10 08:21:04,treatment,0
USR_15789,2026-06-10 08:21:13,treatment,0
USR_16426,2026-06-10 08:21:47,control,0
USR_18348,2026-06-10 08:21:49,control,0
USR_04287,2026-06-10 08:22:51,treatment,0
USR_04024,2026-06-10 08:22:57,treatment,0
USR_16935,2026-06-10 08:24:01,treatment,0
USR_12654,2026-06-10 08:25:44,control,0
USR_14516,2026-06-10 08:26:05,treatment,0
USR_05254,2026-06-10 08:26:57,treatment,0
USR_07533,2026-06-10 08:27:07,treatment,0
USR_06143,2026-06-10 08:28:29,treatment,0
USR_08269,2026-06-10 08:29:47,control,0
USR_18874,2026-06-10 08:31:51,treatment,0
USR_16873,2026-06-10 08:33:42,control,0
USR_16789,2026-06-10 08:34:36,control,0
USR_09523,2026-06-10 08:35:22,control,0
USR_10096,2026-06-10 08:36:40,treatment,0
USR_17293,2026-06-10 08:37:36,treatment,0
USR_02247,2026-06-10 08:38:29,control,0
USR_04616,2026-06-10 08:38:41,control,0
USR_03754,2026-06-10 08:38:42,control,0
USR_13639,2026-06-10 08:39:17,treatment,0
USR_12655,2026-06-10 08:39:38,control,0
USR_18947,2026-06-10 08:40:14,treatment,0
USR_19410,2026-06-10 08:41:06,treatment,0
USR_01746,2026-06-10 08:41:16,treatment,0
USR_15108,2026-06-10 08:42:51,control,0
USR_15342,2026-06-10 08:42:54,control,0
USR_00780,2026-06-10 08:43:27,control,0
USR_05372,2026-06-10 08:44:51,control,0
USR_02556,2026-06-10 08:46:08,treatment,0
USR_08707,2026-06-10 08:48:54,treatment,0
USR_03374,2026-06-10 08:51:56,control,0
USR_15951,2026-06-10 08:52:04,control,0
USR_13956,2026-06-10 08:52:10,treatment,0
USR_09101,2026-06-10 08:52:42,control,0
USR_01138,2026-06-10 08:53:17,control,0
USR_14377,2026-06-10 08:53:43,control,0
USR_07488,2026-06-10 08:53:58,control,0
USR_03302,2026-06-10 08:55:39,treatment,0
USR_08848,2026-06-10 08:55:41,treatment,1
USR_19956,2026-06-10 08:56:49,treatment,0
USR_12806,2026-06-10 08:57:03,treatment,0
USR_02063,2026-06-10 08:57:14,control,0
USR_09466,2026-06-10 08:57:40,treatment,0
USR_13647,2026-06-10 08:59:28,treatment,0
USR_12997,2026-06-10 09:02:11,treatment,1
USR_12962,2026-06-10 09:03:44,control,0
USR_13064,2026-06-10 09:06:50,control,0
USR_12311,2026-06-10 09:07:16,treatment,0
USR_00051,2026-06-10 09:07:51,treatment,0
USR_12459,2026-06-10 09:08:46,treatment,0
USR_15459,2026-06-10 09:09:08,control,0
USR_07816,2026-06-10 09:11:47,control,0
USR_03954,2026-06-10 09:11:56,treatment,0
USR_17077,2026-06-10 09:12:17,treatment,1
USR_13078,2026-06-10 09:12:33,treatment,0
USR_00542,2026-06-10 09:12:59,control,0
USR_03711,2026-06-10 09:13:06,treatment,0
USR_10379,2026-06-10 09:13:10,control,0
USR_00555,2026-06-10 09:13:25,treatment,0
USR_16611,2026-06-10 09:14:19,control,0
USR_16994,2026-06-10 09:14:29,control,0
USR_11881,2026-06-10 09:15:10,treatment,0
USR_01042,2026-06-10 09:15:35,treatment,0
USR_19603,2026-06-10 09:15:50,treatment,1
USR_06888,2026-06-10 09:15:56,control,0
USR_12889,2026-06-10 09:16:41,treatment,0
USR_07538,2026-06-10 09:17:28,treatment,1
USR_12807,2026-06-10 09:17:32,treatment,0
USR_00320,2026-06-10 09:17:42,control,0
USR_10740,2026-06-10 09:18:15,treatment,0
USR_15876,2026-06-10 09:18:25,control,0
USR_00071,2026-06-10 09:19:06,control,0
USR_05498,2026-06-10 09:20:12,treatment,0
USR_13711,2026-06-10 09:21:15,treatment,0
USR_05991,2026-06-10 09:21:47,control,0
USR_16758,2026-06-10 09:23:27,treatment,0
USR_02349,2026-06-10 09:23:58,control,0
USR_12520,2026-06-10 09:24:13,treatment,0
USR_10834,2026-06-10 09:24:30,treatment,0
USR_05649,2026-06-10 09:25:23,treatment,0
USR_13716,2026-06-10 09:25:52,control,1
USR_16824,2026-06-10 09:26:22,control,0
USR_03370,2026-06-10 09:27:52,treatment,0
USR_13620,2026-06-10 09:29:04,control,0
USR_04958,2026-06-10 09:30:00,treatment,0
USR_00518,2026-06-10 09:31:46,control,0
USR_13189,2026-06-10 09:31:54,treatment,0
USR_00060,2026-06-10 09:31:56,treatment,1
USR_10749,2026-06-10 09:32:09,control,0
USR_18211,2026-06-10 09:33:49,treatment,0
USR_17299,2026-06-10 09:35:04,control,0
USR_08533,2026-06-10 09:35:55,treatment,0
USR_04191,2026-06-10 09:37:02,treatment,0
USR_12872,2026-06-10 09:37:16,control,0
USR_15116,2026-06-10 09:37:32,treatment,0
USR_15743,2026-06-10 09:37:38,control,0
USR_02560,2026-06-10 09:38:14,treatment,1
USR_12980,2026-06-10 09:38:24,treatment,0
USR_05572,2026-06-10 09:38:29,control,0
USR_12142,2026-06-10 09:39:12,control,0
USR_12267,2026-06-10 09:40:41,control,0
USR_06821,2026-06-10 09:41:28,control,0
USR_09961,2026-06-10 09:41:42,control,0
USR_00928,2026-06-10 09:43:50,control,0
USR_11765,2026-06-10 09:46:13,control,0
USR_15672,2026-06-10 09:46:34,control,0
USR_02793,2026-06-10 09:47:42,treatment,0
USR_11629,2026-06-10 09:48:04,treatment,1
USR_02253,2026-06-10 09:48:48,treatment,0
USR_06873,2026-06-10 09:48:59,treatment,0
USR_09722,2026-06-10 09:49:31,treatment,0
USR_05633,2026-06-10 09:50:39,treatment,0
USR_19560,2026-06-10 09:51:12,treatment,1
USR_06086,2026-06-10 09:51:28,treatment,0
USR_16566,2026-06-10 09:52:26,treatment,0
USR_01896,2026-06-10 09:52:38,control,0
USR_13926,2026-06-10 09:53:39,treatment,0
USR_12165,2026-06-10 09:56:52,treatment,0
USR_14742,2026-06-10 09:58:29,control,1
USR_12456,2026-06-10 09:59:05,control,0
USR_02626,2026-06-10 09:59:09,control,0
USR_10652,2026-06-10 09:59:16,control,0
USR_17047,2026-06-10 09:59:30,treatment,0
USR_01299,2026-06-10 10:00:39,control,0
USR_11201,2026-06-10 10:02:54,treatment,0
USR_01219,2026-06-10 10:03:21,control,0
USR_01955,2026-06-10 10:03:50,control,0
USR_04640,2026-06-10 10:05:25,control,0
USR_16290,2026-06-10 10:06:16,treatment,1
USR_12489,2026-06-10 10:06:37,treatment,0
USR_02887,2026-06-10 10:08:44,treatment,0
USR_17289,2026-06-10 10:10:09,treatment,0
USR_05344,2026-06-10 10:10:41,control,0
USR_06119,2026-06-10 10:11:09,treatment,0
USR_03723,2026-06-10 10:11:20,treatment,0
USR_06453,2026-06-10 10:12:33,treatment,0
USR_02595,2026-06-10 10:12:55,treatment,0
USR_08362,2026-06-10 10:13:00,treatment,0
USR_17469,2026-06-10 10:13:25,treatment,0
USR_10447,2026-06-10 10:13:59,control,0
USR_05738,2026-06-10 10:18:22,treatment,0
USR_12291,2026-06-10 10:19:45,control,0
USR_03645,2026-06-10 10:21:16,control,0
USR_13828,2026-06-10 10:21:55,control,0
USR_16798,2026-06-10 10:22:48,control,0
USR_02177,2026-06-10 10:25:02,treatment,0
USR_01159,2026-06-10 10:25:46,treatment,0
USR_02001,2026-06-10 10:26:55,control,0
USR_00678,2026-06-10 10:29:11,treatment,1
USR_05428,2026-06-10 10:30:54,control,0
USR_02698,2026-06-10 10:30:59,control,0
USR_02331,2026-06-10 10:33:20,control,0
USR_05213,2026-06-10 10:33:33,control,0
USR_06524,2026-06-10 10:33:37,control,0
USR_09900,2026-06-10 10:37:33,treatment,0
USR_16865,2026-06-10 10:37:55,treatment,0
USR_07132,2026-06-10 10:37:57,treatment,0
USR_05727,2026-06-10 10:38:00,control,0
USR_07621,2026-06-10 10:38:40,control,0
USR_02420,2026-06-10 10:39:25,treatment,0
USR_17977,2026-06-10 10:40:19,treatment,0
USR_00447,2026-06-10 10:40:22,control,0
USR_10977,2026-06-10 10:42:24,control,0
USR_00595,2026-06-10 10:45:46,treatment,0
USR_02137,2026-06-10 10:46:02,treatment,1
USR_15248,2026-06-10 10:46:41,control,0
USR_03694,2026-06-10 10:47:45,control,0
USR_12371,2026-06-10 10:48:23,treatment,0
USR_11281,2026-06-10 10:49:11,treatment,1
USR_05066,2026-06-10 10:53:13,control,1
USR_04491,2026-06-10 10:54:18,treatment,0
USR_18800,2026-06-10 10:54:21,control,0
USR_18976,2026-06-10 10:54:38,treatment,0
USR_12356,2026-06-10 10:55:19,control,0
USR_03225,2026-06-10 10:55:37,control,0
USR_06769,2026-06-10 10:55:48,treatment,0
USR_09913,2026-06-10 10:56:21,treatment,0
USR_04466,2026-06-10 10:56:58,treatment,0
USR_01822,2026-06-10 10:57:16,control,0
USR_12233,2026-06-10 10:57:29,treatment,0
USR_07352,2026-06-10 10:57:58,control,0
USR_11258,2026-06-10 10:58:07,control,0
USR_02883,2026-06-10 10:58:30,treatment,1
USR_04691,2026-06-10 10:58:36,treatment,0
USR_05055,2026-06-10 10:59:29,treatment,0
USR_14080,2026-06-10 11:02:00,treatment,0
USR_03200,2026-06-10 11:02:39,treatment,0
USR_05569,2026-06-10 11:03:32,treatment,0
USR_06210,2026-06-10 11:04:22,treatment,0
USR_14626,2026-06-10 11:04:38,control,0
USR_11856,2026-06-10 11:05:08,treatment,0
USR_15683,2026-06-10 11:06:07,control,0
USR_12001,2026-06-10 11:06:50,treatment,0
USR_17654,2026-06-10 11:07:06,treatment,0
USR_16311,2026-06-10 11:07:46,treatment,0
USR_06346,2026-06-10 11:12:56,treatment,0
USR_09798,2026-06-10 11:13:29,treatment,0
USR_00026,2026-06-10 11:13:40,treatment,0
USR_14260,2026-06-10 11:14:00,treatment,0
USR_11136,2026-06-10 11:14:15,treatment,0
USR_05810,2026-06-10 11:17:05,control,0
USR_16488,2026-06-10 11:17:55,control,0
USR_04449,2026-06-10 11:18:01,control,0
USR_17810,2026-06-10 11:18:33,control,0
USR_12175,2026-06-10 11:18:53,control,0
USR_05204,2026-06-10 11:19:38,treatment,0
USR_06225,2026-06-10 11:20:01,control,0
USR_18885,2026-06-10 11:20:33,control,0
USR_19558,2026-06-10 11:22:17,treatment,0
USR_12848,2026-06-10 11:23:00,treatment,0
USR_09600,2026-06-10 11:25:55,control,0
USR_00014,2026-06-10 11:26:09,control,0
USR_04874,2026-06-10 11:27:33,control,0
USR_01051,2026-06-10 11:28:53,treatment,0
USR_04669,2026-06-10 11:29:37,control,0
USR_14221,2026-06-10 11:30:09,treatment,0
USR_15206,2026-06-10 11:30:25,control,0
USR_11879,2026-06-10 11:32:12,control,0
USR_13021,2026-06-10 11:37:50,treatment,0
USR_08482,2026-06-10 11:38:51,control,0
USR_17732,2026-06-10 11:39:17,control,0
USR_02622,2026-06-10 11:40:04,treatment,0
USR_08327,2026-06-10 11:41:32,control,0
USR_14487,2026-06-10 11:41:39,control,0
USR_12668,2026-06-10 11:43:05,treatment,0
USR_18471,2026-06-10 11:44:16,treatment,0
USR_18452,2026-06-10 11:44:26,treatment,0
USR_05380,2026-06-10 11:44:53,treatment,0
USR_13861,2026-06-10 11:45:28,treatment,0
USR_18983,2026-06-10 11:45:58,control,0
USR_17396,2026-06-10 11:47:02,treatment,0
USR_10492,2026-06-10 11:47:57,control,0
USR_02984,2026-06-10 11:48:41,treatment,1
USR_14379,2026-06-10 11:49:29,treatment,0
USR_08545,2026-06-10 11:52:25,treatment,0
USR_04700,2026-06-10 11:53:36,control,0
USR_16885,2026-06-10 11:54:44,treatment,0
USR_03446,2026-06-10 11:55:28,control,0
USR_16417,2026-06-10 11:55:43,control,0
USR_16298,2026-06-10 11:56:33,control,0
USR_16252,2026-06-10 11:56:58,treatment,1
USR_00287,2026-06-10 11:57:30,treatment,0
USR_18805,2026-06-10 11:57:44,control,0
USR_09054,2026-06-10 11:58:31,treatment,0
USR_13367,2026-06-10 11:58:47,treatment,0
USR_03656,2026-06-10 11:59:18,control,0
USR_10384,2026-06-10 12:00:09,control,0
USR_09191,2026-06-10 12:01:01,treatment,0
USR_01841,2026-06-10 12:02:04,treatment,0
USR_14283,2026-06-10 12:02:07,control,0
USR_02792,2026-06-10 12:02:15,control,0
USR_04097,2026-06-10 12:02:48,control,0
USR_00219,2026-06-10 12:03:28,treatment,0
USR_02716,2026-06-10 12:05:07,treatment,0
USR_07185,2026-06-10 12:07:24,control,0
USR_04785,2026-06-10 12:09:10,treatment,1
USR_12178,2026-06-10 12:10:58,treatment,0
USR_09738,2026-06-10 12:13:18,control,0
USR_07215,2026-06-10 12:13:48,treatment,0
USR_17961,2026-06-10 12:15:52,treatment,0
USR_05134,2026-06-10 12:17:43,treatment,0
USR_14855,2026-06-10 12:18:24,control,0
USR_06128,2026-06-10 12:19:01,control,0
USR_09999,2026-06-10 12:19:59,treatment,0
USR_00682,2026-06-10 12:21:28,control,0
USR_10644,2026-06-10 12:21:38,treatment,0
USR_11067,2026-06-10 12:25:00,control,0
USR_07788,2026-06-10 12:27:41,control,0
USR_16291,2026-06-10 12:29:11,control,0
USR_15918,2026-06-10 12:29:30,treatment,0
USR_01699,2026-06-10 12:30:54,control,1
USR_01075,2026-06-10 12:31:28,treatment,0
USR_03945,2026-06-10 12:32:43,control,0
USR_14442,2026-06-10 12:33:48,control,0
USR_14886,2026-06-10 12:33:50,control,0
USR_10470,2026-06-10 12:34:52,treatment,0
USR_09552,2026-06-10 12:35:39,treatment,0
USR_13414,2026-06-10 12:36:45,treatment,0
USR_10511,2026-06-10 12:40:09,control,0
USR_11378,2026-06-10 12:40:32,treatment,0
USR_09218,2026-06-10 12:41:25,treatment,0
USR_06630,2026-06-10 12:45:26,treatment,0
USR_11560,2026-06-10 12:46:47,treatment,0
USR_12242,2026-06-10 12:47:26,treatment,0
USR_01230,2026-06-10 12:47:51,control,0
USR_16870,2026-06-10 12:49:49,control,0
USR_16749,2026-06-10 12:51:08,treatment,0
USR_18823,2026-06-10 12:53:55,control,0
USR_10110,2026-06-10 12:55:28,treatment,0
USR_13954,2026-06-10 12:56:13,control,0
USR_05495,2026-06-10 12:56:14,treatment,0
USR_15075,2026-06-10 12:57:46,treatment,1
USR_15754,2026-06-10 12:59:50,treatment,0
USR_02452,2026-06-10 13:04:14,control,0
USR_13832,2026-06-10 13:04:21,control,0
USR_15764,2026-06-10 13:05:33,treatment,0
USR_03090,2026-06-10 13:07:31,control,1
USR_13882,2026-06-10 13:08:42,control,0
USR_10278,2026-06-10 13:09:42,control,1
USR_12344,2026-06-10 13:12:22,treatment,0
USR_05552,2026-06-10 13:12:45,control,0
USR_05931,2026-06-10 13:13:39,treatment,0
USR_06975,2026-06-10 13:18:21,control,0
USR_17117,2026-06-10 13:18:53,control,0
USR_14111,2026-06-10 13:19:56,treatment,0
USR_03578,2026-06-10 13:20:40,control,0
USR_02585,2026-06-10 13:21:36,treatment,0
USR_01184,2026-06-10 13:22:17,control,0
USR_18120,2026-06-10 13:23:30,treatment,0
USR_00616,2026-06-10 13:23:48,treatment,0
USR_02836,2026-06-10 13:23:59,control,0
USR_00940,2026-06-10 13:24:20,control,0
USR_01999,2026-06-10 13:26:01,control,0
USR_19992,2026-06-10 13:29:59,control,0
USR_04522,2026-06-10 13:30:34,treatment,0
USR_04557,2026-06-10 13:30:57,control,0
USR_15941,2026-06-10 13:31:01,control,0
USR_07187,2026-06-10 13:34:31,control,0
USR_15092,2026-06-10 13:35:03,treatment,0
USR_04909,2026-06-10 13:37:48,control,0
USR_04124,2026-06-10 13:40:10,control,0
USR_00455,2026-06-10 13:40:39,treatment,0
USR_13658,2026-06-10 13:41:00,control,0
USR_13484,2026-06-10 13:41:11,treatment,0
USR_08409,2026-06-10 13:41:28,control,0
USR_13209,2026-06-10 13:42:15,control,0
USR_16078,2026-06-10 13:43:23,treatment,1
USR_06903,2026-06-10 13:43:29,treatment,0
USR_10224,2026-06-10 13:43:34,control,0
USR_12240,2026-06-10 13:43:48,control,0
USR_11717,2026-06-10 13:48:04,treatment,0
USR_10944,2026-06-10 13:48:23,treatment,0
USR_13063,2026-06-10 13:48:28,treatment,0
USR_10248,2026-06-10 13:48:29,treatment,0
USR_12761,2026-06-10 13:53:28,treatment,0
USR_10523,2026-06-10 13:55:45,control,0
USR_04338,2026-06-10 13:56:00,treatment,0
USR_05065,2026-06-10 13:58:11,treatment,0
USR_05298,2026-06-10 13:58:52,treatment,0
USR_08103,2026-06-10 13:58:56,treatment,0
USR_17624,2026-06-10 13:59:20,control,0
USR_06978,2026-06-10 13:59:54,treatment,0
USR_07567,2026-06-10 14:00:13,treatment,0
USR_15188,2026-06-10 14:01:18,control,0
USR_03513,2026-06-10 14:02:01,control,0
USR_07997,2026-06-10 14:02:50,treatment,0
USR_06836,2026-06-10 14:03:27,control,0
USR_05767,2026-06-10 14:04:30,treatment,0
USR_04485,2026-06-10 14:04:41,treatment,0
USR_09683,2026-06-10 14:04:52,control,0
USR_14327,2026-06-10 14:05:24,treatment,0
USR_02156,2026-06-10 14:07:54,control,0
USR_07356,2026-06-10 14:07:55,treatment,0
USR_06357,2026-06-10 14:09:01,treatment,0
USR_08620,2026-06-10 14:10:25,treatment,0
USR_16347,2026-06-10 14:12:03,treatment,0
USR_04599,2026-06-10 14:14:32,treatment,0
USR_06041,2026-06-10 14:14:45,treatment,0
USR_17400,2026-06-10 14:14:54,treatment,0
USR_09577,2026-06-10 14:15:04,treatment,0
USR_16132,2026-06-10 14:16:24,treatment,0
USR_08127,2026-06-10 14:16:57,treatment,0
USR_01009,2026-06-10 14:17:48,treatment,0
USR_06261,2026-06-10 14:19:26,treatment,0
USR_13277,2026-06-10 14:21:01,control,0
USR_00652,2026-06-10 14:22:57,treatment,0
USR_05225,2026-06-10 14:26:26,treatment,0
USR_19520,2026-06-10 14:27:41,treatment,0
USR_04283,2026-06-10 14:28:59,treatment,0
USR_09823,2026-06-10 14:29:16,treatment,0
USR_19361,2026-06-10 14:30:06,control,0
USR_11862,2026-06-10 14:30:51,treatment,0
USR_19744,2026-06-10 14:32:36,control,0
USR_07209,2026-06-10 14:33:19,treatment,0
USR_11153,2026-06-10 14:34:04,control,0
USR_14444,2026-06-10 14:34:49,control,0
USR_03683,2026-06-10 14:34:56,control,0
USR_18693,2026-06-10 14:35:00,treatment,0
USR_02646,2026-06-10 14:35:23,control,0
USR_17057,2026-06-10 14:37:28,treatment,0
USR_04864,2026-06-10 14:39:25,control,0
USR_01256,2026-06-10 14:40:27,control,0
USR_15757,2026-06-10 14:40:38,treatment,0
USR_11223,2026-06-10 14:43:32,control,0
USR_12885,2026-06-10 14:45:51,treatment,0
USR_11210,2026-06-10 14:47:29,treatment,0
USR_04827,2026-06-10 14:50:42,control,0
USR_19549,2026-06-10 14:58:05,treatment,0
USR_10504,2026-06-10 14:58:18,control,0
USR_18605,2026-06-10 14:59:24,control,0
USR_15629,2026-06-10 15:01:51,treatment,0
USR_03943,2026-06-10 15:02:44,control,0
USR_09580,2026-06-10 15:03:31,treatment,0
USR_06142,2026-06-10 15:07:11,treatment,0
USR_14326,2026-06-10 15:07:15,treatment,0
USR_02602,2026-06-10 15:08:53,treatment,1
USR_19779,2026-06-10 15:09:23,treatment,0
USR_01255,2026-06-10 15:14:21,control,0
USR_02313,2026-06-10 15:15:04,control,0
USR_15638,2026-06-10 15:19:21,treatment,0
USR_03893,2026-06-10 15:22:27,control,0
USR_15245,2026-06-10 15:22:48,control,0
USR_01114,2026-06-10 15:24:02,control,0
USR_19880,2026-06-10 15:24:54,control,0
USR_00225,2026-06-10 15:27:00,treatment,0
USR_01233,2026-06-10 15:27:53,control,0
USR_03453,2026-06-10 15:28:22,treatment,0
USR_11980,2026-06-10 15:28:55,control,0
USR_00407,2026-06-10 15:30:27,treatment,0
USR_04239,2026-06-10 15:30:30,control,0
USR_07620,2026-06-10 15:31:08,treatment,0
USR_08267,2026-06-10 15:32:17,control,0
USR_09841,2026-06-10 15:33:36,control,0
USR_11494,2026-06-10 15:33:45,control,0
USR_11059,2026-06-10 15:34:49,treatment,0
USR_09098,2026-06-10 15:35:37,control,0
USR_02664,2026-06-10 15:35:55,control,0
USR_05489,2026-06-10 15:36:48,control,1
USR_00163,2026-06-10 15:39:57,control,1
USR_14915,2026-06-10 15:40:21,control,0
USR_19352,2026-06-10 15:40:49,treatment,0
USR_10130,2026-06-10 15:41:14,treatment,0
USR_00556,2026-06-10 15:41:44,control,1
USR_18918,2026-06-10 15:43:16,control,0
USR_01998,2026-06-10 15:43:50,treatment,0
USR_01451,2026-06-10 15:45:09,treatment,0
USR_01571,2026-06-10 15:45:13,control,0
USR_12250,2026-06-10 15:45:33,control,0
USR_13916,2026-06-10 15:46:06,control,0
USR_07986,2026-06-10 15:46:11,treatment,0
USR_03570,2026-06-10 15:47:58,treatment,0
USR_14698,2026-06-10 15:48:20,treatment,0
USR_19312,2026-06-10 15:48:21,treatment,0
USR_11960,2026-06-10 15:48:53,treatment,0
USR_10882,2026-06-10 15:49:00,control,0
USR_06571,2026-06-10 15:50:19,control,0
USR_17050,2026-06-10 15:51:38,treatment,0
USR_13005,2026-06-10 15:52:51,control,0
USR_05981,2026-06-10 15:53:30,control,0
USR_03501,2026-06-10 15:54:29,control,0
USR_05504,2026-06-10 15:55:01,control,0
USR_03973,2026-06-10 15:55:39,treatment,0
USR_09006,2026-06-10 15:56:05,treatment,0
USR_09712,2026-06-10 15:56:34,control,1
USR_05130,2026-06-10 15:56:45,control,0
USR_09746,2026-06-10 15:57:41,treatment,0
USR_07238,2026-06-10 15:58:19,control,0
USR_13461,2026-06-10 16:00:05,treatment,0
USR_03030,2026-06-10 16:00:20,control,0
USR_12965,2026-06-10 16:00:37,treatment,0
USR_11563,2026-06-10 16:00:51,control,0
USR_04865,2026-06-10 16:01:49,treatment,0
USR_11931,2026-06-10 16:03:01,control,0
USR_02188,2026-06-10 16:04:11,treatment,0
USR_01557,2026-06-10 16:04:17,control,0
USR_01745,2026-06-10 16:06:17,treatment,0
USR_10329,2026-06-10 16:06:32,treatment,0
USR_05807,2026-06-10 16:07:25,control,0
USR_14271,2026-06-10 16:08:23,control,0
USR_14406,2026-06-10 16:08:55,treatment,0
USR_18641,2026-06-10 16:09:08,control,0
USR_07794,2026-06-10 16:09:17,treatment,0
USR_12174,2026-06-10 16:10:05,treatment,0
USR_11827,2026-06-10 16:11:03,treatment,0
USR_04347,2026-06-10 16:11:28,control,0
USR_02360,2026-06-10 16:12:14,treatment,0
USR_17024,2026-06-10 16:13:19,treatment,0
USR_14081,2026-06-10 16:13:44,control,0
USR_09031,2026-06-10 16:15:30,treatment,0
USR_07295,2026-06-10 16:15:56,control,0
USR_01946,2026-06-10 16:16:27,treatment,1
USR_09605,2026-06-10 16:17:02,control,0
USR_15466,2026-06-10 16:17:55,control,0
USR_03022,2026-06-10 16:18:49,control,0
USR_06330,2026-06-10 16:19:36,treatment,0
USR_18407,2026-06-10 16:21:59,control,0
USR_13059,2026-06-10 16:22:18,control,0
USR_07980,2026-06-10 16:22:30,treatment,1
USR_08008,2026-06-10 16:23:52,control,0
USR_17721,2026-06-10 16:23:55,control,0
USR_19119,2026-06-10 16:24:51,treatment,0
USR_13714,2026-06-10 16:26:09,control,0
USR_00730,2026-06-10 16:27:02,control,0
USR_07775,2026-06-10 16:27:32,treatment,0
USR_12637,2026-06-10 16:28:41,treatment,0
USR_09803,2026-06-10 16:30:37,treatment,0
USR_02461,2026-06-10 16:30:58,treatment,0
USR_18925,2026-06-10 16:32:06,treatment,0
USR_15444,2026-06-10 16:32:35,control,0
USR_15532,2026-06-10 16:32:44,treatment,0
USR_02988,2026-06-10 16:33:11,control,0
USR_00958,2026-06-10 16:33:22,treatment,0
USR_08989,2026-06-10 16:36:43,treatment,0
USR_15500,2026-06-10 16:37:15,treatment,0
USR_00342,2026-06-10 16:37:25,control,0
USR_15696,2026-06-10 16:39:51,control,0
USR_06328,2026-06-10 16:39:59,treatment,0
USR_13646,2026-06-10 16:40:50,treatment,0
USR_02956,2026-06-10 16:41:08,control,1
USR_04546,2026-06-10 16:41:39,treatment,0
USR_11571,2026-06-10 16:42:28,treatment,0
USR_12503,2026-06-10 16:45:56,control,0
USR_16210,2026-06-10 16:46:11,control,0
USR_09082,2026-06-10 16:47:25,treatment,0
USR_01900,2026-06-10 16:47:44,control,0
USR_13312,2026-06-10 16:50:44,treatment,0
USR_03097,2026-06-10 16:52:13,treatment,0
USR_08580,2026-06-10 16:52:17,treatment,0
USR_00842,2026-06-10 16:53:31,control,0
USR_14396,2026-06-10 16:53:56,treatment,0
USR_14615,2026-06-10 16:56:38,control,0
USR_01903,2026-06-10 16:58:18,treatment,0
USR_09611,2026-06-10 16:58:22,treatment,0
USR_17491,2026-06-10 16:58:30,control,0
USR_13910,2026-06-10 17:00:17,control,0
USR_07267,2026-06-10 17:01:48,control,0
USR_14601,2026-06-10 17:02:12,treatment,0
USR_00822,2026-06-10 17:03:34,control,0
USR_19304,2026-06-10 17:03:53,treatment,0
USR_15194,2026-06-10 17:07:36,treatment,0
USR_13125,2026-06-10 17:12:21,control,0
USR_16783,2026-06-10 17:14:38,control,0
USR_18992,2026-06-10 17:16:40,control,0
USR_03264,2026-06-10 17:16:55,control,0
USR_17586,2026-06-10 17:18:32,control,1
USR_19903,2026-06-10 17:19:38,control,0
USR_15057,2026-06-10 17:22:17,control,0
USR_07465,2026-06-10 17:22:49,treatment,0
USR_15476,2026-06-10 17:23:05,treatment,0
USR_08964,2026-06-10 17:23:57,treatment,0
USR_18222,2026-06-10 17:24:40,control,0
USR_03005,2026-06-10 17:25:29,control,0
USR_10741,2026-06-10 17:25:48,control,0
USR_16618,2026-06-10 17:26:27,control,0
USR_00785,2026-06-10 17:26:28,control,0
USR_00433,2026-06-10 17:27:19,control,0
USR_06033,2026-06-10 17:27:36,treatment,0
USR_11489,2026-06-10 17:27:46,control,0
USR_14312,2026-06-10 17:29:34,control,0
USR_07587,2026-06-10 17:29:42,control,0
USR_10771,2026-06-10 17:33:38,control,0
USR_00959,2026-06-10 17:34:14,control,0
USR_00039,2026-06-10 17:35:23,treatment,0
USR_09037,2026-06-10 17:36:32,control,0
USR_09604,2026-06-10 17:37:28,treatment,0
USR_03634,2026-06-10 17:37:57,control,0
USR_12567,2026-06-10 17:39:12,control,0
USR_15763,2026-06-10 17:39:30,treatment,0
USR_05430,2026-06-10 17:42:00,treatment,1
USR_17297,2026-06-10 17:42:03,treatment,0
USR_08772,2026-06-10 17:42:08,treatment,0
USR_04329,2026-06-10 17:43:32,control,0
USR_02486,2026-06-10 17:44:35,treatment,0
USR_05768,2026-06-10 17:45:51,control,0
USR_11310,2026-06-10 17:46:03,control,0
USR_15001,2026-06-10 17:47:54,treatment,0
USR_06877,2026-06-10 17:49:16,treatment,1
USR_05673,2026-06-10 17:50:53,control,0
USR_04026,2026-06-10 17:51:43,treatment,0
USR_14788,2026-06-10 17:52:28,control,0
USR_03691,2026-06-10 17:53:13,treatment,0
USR_13942,2026-06-10 17:53:25,control,0
USR_14509,2026-06-10 17:56:02,treatment,0
USR_18745,2026-06-10 17:57:40,control,0
USR_17955,2026-06-10 17:57:54,control,0
USR_17459,2026-06-10 17:58:30,treatment,0
USR_02967,2026-06-10 17:58:44,treatment,0
USR_01195,2026-06-10 18:00:57,control,0
USR_09690,2026-06-10 18:01:36,treatment,0
USR_14334,2026-06-10 18:02:21,treatment,0
USR_01032,2026-06-10 18:02:37,control,0
USR_05711,2026-06-10 18:06:57,treatment,0
USR_03782,2026-06-10 18:09:41,control,0
USR_03929,2026-06-10 18:10:04,control,0
USR_01001,2026-06-10 18:10:37,control,0
USR_05764,2026-06-10 18:10:47,control,0
USR_06892,2026-06-10 18:10:55,control,0
USR_06942,2026-06-10 18:11:58,treatment,0
USR_18831,2026-06-10 18:13:40,control,0
USR_15762,2026-06-10 18:21:49,treatment,0
USR_17689,2026-06-10 18:23:30,treatment,0
USR_16324,2026-06-10 18:23:57,control,0
USR_04119,2026-06-10 18:27:34,treatment,0
USR_02136,2026-06-10 18:30:29,control,0
USR_03625,2026-06-10 18:31:44,treatment,0
USR_17917,2026-06-10 18:34:28,treatment,0
USR_11075,2026-06-10 18:34:40,treatment,0
USR_06178,2026-06-10 18:34:52,treatment,0
USR_04674,2026-06-10 18:36:04,treatment,0
USR_14028,2026-06-10 18:37:22,control,0
USR_13766,2026-06-10 18:37:42,treatment,1
USR_03882,2026-06-10 18:38:54,control,0
USR_18810,2026-06-10 18:39:19,treatment,0
USR_03822,2026-06-10 18:40:12,treatment,0
USR_05188,2026-06-10 18:40:17,treatment,0
USR_11220,2026-06-10 18:41:44,treatment,0
USR_15054,2026-06-10 18:42:47,treatment,0
USR_19778,2026-06-10 18:42:49,treatment,0
USR_09927,2026-06-10 18:44:09,treatment,0
USR_01973,2026-06-10 18:44:19,treatment,0
USR_14876,2026-06-10 18:45:29,treatment,0
USR_17852,2026-06-10 18:46:50,treatment,0
USR_10219,2026-06-10 18:47:43,treatment,0
USR_14518,2026-06-10 18:48:40,treatment,0
USR_17911,2026-06-10 18:49:15,treatment,0
USR_10634,2026-06-10 18:50:31,treatment,0
USR_12321,2026-06-10 18:50:38,treatment,1
USR_07243,2026-06-10 18:51:42,treatment,0
USR_02899,2026-06-10 18:52:23,treatment,0
USR_11783,2026-06-10 18:54:17,treatment,0
USR_12947,2026-06-10 18:56:00,control,0
USR_12911,2026-06-10 18:57:43,treatment,0
USR_12874,2026-06-10 19:01:27,control,0
USR_15266,2026-06-10 19:01:44,treatment,0
USR_14339,2026-06-10 19:02:28,treatment,1
USR_15879,2026-06-10 19:04:08,control,0
USR_05914,2026-06-10 19:04:18,treatment,0
USR_07557,2026-06-10 19:04:29,treatment,0
USR_17621,2026-06-10 19:05:31,treatment,1
USR_08802,2026-06-10 19:06:42,treatment,0
USR_10107,2026-06-10 19:06:45,treatment,0
USR_02901,2026-06-10 19:09:39,control,0
USR_17884,2026-06-10 19:11:35,treatment,0
USR_08502,2026-06-10 19:12:53,control,0
USR_10747,2026-06-10 19:15:12,control,0
USR_00591,2026-06-10 19:15:45,control,0
USR_01771,2026-06-10 19:16:06,control,0
USR_02702,2026-06-10 19:16:26,treatment,0
USR_10870,2026-06-10 19:17:52,control,0
USR_16191,2026-06-10 19:20:48,control,0
USR_17153,2026-06-10 19:21:09,control,0
USR_03875,2026-06-10 19:21:25,control,0
USR_14566,2026-06-10 19:22:13,control,0
USR_06709,2026-06-10 19:22:40,control,0
USR_15099,2026-06-10 19:23:33,treatment,0
USR_10999,2026-06-10 19:24:41,control,0
USR_02544,2026-06-10 19:25:12,control,0
USR_19890,2026-06-10 19:25:22,treatment,0
USR_11422,2026-06-10 19:26:27,control,0
USR_13969,2026-06-10 19:26:45,treatment,0
USR_03748,2026-06-10 19:27:50,treatment,0
USR_10457,2026-06-10 19:28:16,control,0
USR_09084,2026-06-10 19:30:37,treatment,0
USR_07264,2026-06-10 19:30:41,treatment,0
USR_02846,2026-06-10 19:31:25,control,0
USR_15809,2026-06-10 19:32:20,treatment,0
USR_16464,2026-06-10 19:32:52,treatment,0
USR_04418,2026-06-10 19:35:23,treatment,1
USR_11305,2026-06-10 19:35:56,control,0
USR_03494,2026-06-10 19:37:11,control,0
USR_04721,2026-06-10 19:37:28,treatment,0
USR_04775,2026-06-10 19:38:32,control,0
USR_03282,2026-06-10 19:44:28,control,0
USR_19453,2026-06-10 19:44:43,control,0
USR_09468,2026-06-10 19:45:52,treatment,0
USR_19154,2026-06-10 19:46:02,treatment,0
USR_12429,2026-06-10 19:46:10,treatment,0
USR_04581,2026-06-10 19:47:29,control,0
USR_01814,2026-06-10 19:49:00,control,0
USR_17350,2026-06-10 19:49:11,control,0
USR_19447,2026-06-10 19:49:16,treatment,0
USR_00784,2026-06-10 19:49:30,control,0
USR_14783,2026-06-10 19:49:32,control,0
USR_06777,2026-06-10 19:50:58,treatment,0
USR_03006,2026-06-10 19:52:05,treatment,0
USR_06910,2026-06-10 19:52:31,treatment,0
USR_13394,2026-06-10 19:53:06,control,0
USR_15125,2026-06-10 19:53:18,treatment,0
USR_07378,2026-06-10 19:54:41,treatment,0
USR_10383,2026-06-10 19:54:44,treatment,0
USR_14430,2026-06-10 19:55:17,control,0
USR_01146,2026-06-10 19:56:43,treatment,0
USR_17372,2026-06-10 19:57:13,control,1
USR_10438,2026-06-10 19:57:51,treatment,0
USR_09882,2026-06-10 20:01:14,treatment,0
USR_00046,2026-06-10 20:02:08,control,0
USR_07645,2026-06-10 20:02:47,treatment,0
USR_06130,2026-06-10 20:04:34,control,0
USR_07860,2026-06-10 20:04:39,treatment,0
USR_01373,2026-06-10 20:05:07,control,0
USR_08741,2026-06-10 20:05:37,control,1
USR_17188,2026-06-10 20:05:38,treatment,1
USR_04935,2026-06-10 20:06:01,treatment,0
USR_14385,2026-06-10 20:07:39,control,0
USR_09510,2026-06-10 20:08:10,treatment,0
USR_01768,2026-06-10 20:09:03,treatment,0
USR_08484,2026-06-10 20:09:12,treatment,0
USR_06874,2026-06-10 20:09:14,control,0
USR_09672,2026-06-10 20:09:35,treatment,0
USR_00479,2026-06-10 20:09:35,treatment,0
USR_00345,2026-06-10 20:10:30,control,0
USR_13978,2026-06-10 20:10:59,treatment,0
USR_06141,2026-06-10 20:11:12,treatment,0
USR_02670,2026-06-10 20:11:17,control,0
USR_14793,2026-06-10 20:12:03,control,0
USR_13221,2026-06-10 20:12:27,treatment,0
USR_16473,2026-06-10 20:13:20,treatment,1
USR_05628,2026-06-10 20:14:13,control,0
USR_16106,2026-06-10 20:15:47,control,0
USR_08377,2026-06-10 20:16:55,treatment,0
USR_19965,2026-06-10 20:18:25,control,0
USR_06735,2026-06-10 20:18:30,treatment,0
USR_12097,2026-06-10 20:18:38,control,0
USR_06924,2026-06-10 20:18:55,control,0
USR_02176,2026-06-10 20:19:31,treatment,0
USR_07245,2026-06-10 20:20:39,control,0
USR_09277,2026-06-10 20:22:17,treatment,0
USR_00880,2026-06-10 20:23:04,control,0
USR_09358,2026-06-10 20:23:08,treatment,0
USR_05920,2026-06-10 20:23:21,control,0
USR_13545,2026-06-10 20:23:49,treatment,0
USR_12969,2026-06-10 20:24:06,treatment,0
USR_19424,2026-06-10 20:24:19,treatment,0
USR_07270,2026-06-10 20:24:26,treatment,0
USR_04934,2026-06-10 20:25:31,control,0
USR_00131,2026-06-10 20:26:01,control,0
USR_16747,2026-06-10 20:26:28,treatment,0
USR_01711,2026-06-10 20:26:44,control,1
USR_12829,2026-06-10 20:27:14,control,0
USR_00739,2026-06-10 20:28:41,control,0
USR_14628,2026-06-10 20:30:13,treatment,0
USR_04941,2026-06-10 20:30:50,treatment,0
USR_04388,2026-06-10 20:31:38,control,0
USR_09265,2026-06-10 20:33:02,control,0
USR_18015,2026-06-10 20:33:30,treatment,0
USR_06415,2026-06-10 20:33:32,treatment,1
USR_18690,2026-06-10 20:34:25,control,0
USR_00011,2026-06-10 20:34:26,treatment,0
USR_14274,2026-06-10 20:34:28,control,0
USR_12426,2026-06-10 20:34:55,treatment,0
USR_15922,2026-06-10 20:36:48,treatment,0
USR_17872,2026-06-10 20:37:22,control,0
USR_15576,2026-06-10 20:40:34,treatment,0
USR_07714,2026-06-10 20:42:14,control,0
USR_05018,2026-06-10 20:43:15,treatment,0
USR_11143,2026-06-10 20:45:08,control,0
USR_01395,2026-06-10 20:46:05,treatment,0
USR_14770,2026-06-10 20:49:36,treatment,0
USR_12897,2026-06-10 20:50:46,control,0
USR_19787,2026-06-10 20:51:50,control,0
USR_14593,2026-06-10 20:51:51,control,0
USR_15801,2026-06-10 20:51:52,control,0
USR_11899,2026-06-10 20:51:58,control,0
USR_03378,2026-06-10 20:52:35,control,0
USR_00701,2026-06-10 20:52:58,control,0
USR_00505,2026-06-10 20:53:41,treatment,0
USR_17994,2026-06-10 20:55:59,control,0
USR_11904,2026-06-10 20:57:23,control,0
USR_02224,2026-06-10 20:57:28,treatment,0
USR_06037,2026-06-10 20:59:37,control,0
USR_18311,2026-06-10 21:00:32,control,0
USR_17665,2026-06-10 21:02:43,treatment,0
USR_16666,2026-06-10 21:02:56,control,0
USR_10677,2026-06-10 21:03:59,control,0
USR_12126,2026-06-10 21:05:52,treatment,0
USR_16406,2026-06-10 21:07:21,control,0
USR_07141,2026-06-10 21:07:28,control,0
USR_00073,2026-06-10 21:07:36,treatment,0
USR_12828,2026-06-10 21:09:15,treatment,0
USR_14580,2026-06-10 21:09:36,control,0
USR_00684,2026-06-10 21:13:36,treatment,0
USR_17039,2026-06-10 21:13:38,control,0
USR_15944,2026-06-10 21:14:19,control,0
USR_09266,2026-06-10 21:18:56,treatment,0
USR_02133,2026-06-10 21:20:21,treatment,0
USR_15290,2026-06-10 21:20:57,control,0
USR_06438,2026-06-10 21:21:51,control,0
USR_00437,2026-06-10 21:24:26,control,0
USR_19872,2026-06-10 21:25:58,treatment,0
USR_06535,2026-06-10 21:26:14,treatment,0
USR_15692,2026-06-10 21:27:14,control,0
USR_06926,2026-06-10 21:27:38,control,0
USR_02727,2026-06-10 21:28:58,control,0
USR_17355,2026-06-10 21:29:10,treatment,0
USR_02242,2026-06-10 21:30:27,treatment,0
USR_05789,2026-06-10 21:35:33,control,0
USR_01866,2026-06-10 21:35:52,control,0
USR_02103,2026-06-10 21:36:47,treatment,0
USR_18807,2026-06-10 21:39:50,treatment,0
USR_01803,2026-06-10 21:39:51,treatment,0
USR_08987,2026-06-10 21:41:13,control,0
USR_11506,2026-06-10 21:41:21,treatment,0
USR_12296,2026-06-10 21:50:20,treatment,0
USR_12933,2026-06-10 21:51:22,treatment,0
USR_03910,2026-06-10 21:51:43,treatment,0
USR_11766,2026-06-10 21:52:18,treatment,0
USR_19184,2026-06-10 21:52:31,treatment,0
USR_14792,2026-06-10 21:53:42,control,0
USR_01931,2026-06-10 21:57:15,control,0
USR_15319,2026-06-10 21:58:08,treatment,0
USR_18173,2026-06-10 21:58:29,treatment,0
USR_01909,2026-06-10 21:58:38,control,1
USR_16455,2026-06-10 22:01:43,treatment,0
USR_18258,2026-06-10 22:04:47,treatment,0
USR_09501,2026-06-10 22:05:00,treatment,0
USR_14784,2026-06-10 22:05:07,treatment,0
USR_02330,2026-06-10 22:05:39,treatment,0
USR_07178,2026-06-10 22:07:26,treatment,0
USR_05353,2026-06-10 22:07:34,control,0
USR_01788,2026-06-10 22:08:11,treatment,0
USR_06895,2026-06-10 22:12:09,control,0
USR_04763,2026-06-10 22:12:30,treatment,0
USR_15058,2026-06-10 22:12:43,control,0
USR_08979,2026-06-10 22:13:02,treatment,0
USR_02286,2026-06-10 22:13:04,control,0
USR_07427,2026-06-10 22:13:05,treatment,0
USR_19501,2026-06-10 22:13:37,control,0
USR_18063,2026-06-10 22:16:56,control,1
USR_06257,2026-06-10 22:17:57,treatment,0
USR_13362,2026-06-10 22:19:02,treatment,0
USR_11602,2026-06-10 22:19:59,treatment,0
USR_04122,2026-06-10 22:20:45,treatment,0
USR_12638,2026-06-10 22:21:09,control,0
USR_07722,2026-06-10 22:22:18,control,0
USR_08835,2026-06-10 22:22:47,treatment,0
USR_15693,2026-06-10 22:23:32,treatment,0
USR_03414,2026-06-10 22:24:56,treatment,0
USR_08326,2026-06-10 22:26:50,treatment,0
USR_15604,2026-06-10 22:28:38,treatment,0
USR_01956,2026-06-10 22:29:01,treatment,0
USR_18125,2026-06-10 22:29:10,control,0
USR_19990,2026-06-10 22:34:25,control,0
USR_10370,2026-06-10 22:34:29,control,0
USR_07671,2026-06-10 22:34:48,treatment,0
USR_19791,2026-06-10 22:34:51,control,0
USR_07167,2026-06-10 22:37:09,control,0
USR_01046,2026-06-10 22:37:40,control,0
USR_01494,2026-06-10 22:38:24,treatment,0
USR_03823,2026-06-10 22:38:33,treatment,1
USR_11361,2026-06-10 22:41:25,treatment,0
USR_14092,2026-06-10 22:41:59,treatment,0
USR_06284,2026-06-10 22:42:21,control,0
USR_00694,2026-06-10 22:43:01,treatment,0
USR_10878,2026-06-10 22:43:09,control,0
USR_17918,2026-06-10 22:43:48,treatment,0
USR_12110,2026-06-10 22:45:42,treatment,0
USR_12784,2026-06-10 22:45:55,treatment,1
USR_17602,2026-06-10 22:46:53,treatment,0
USR_09737,2026-06-10 22:47:09,control,1
USR_19103,2026-06-10 22:49:59,control,1
USR_13837,2026-06-10 22:56:13,control,0
USR_11992,2026-06-10 22:56:14,treatment,0
USR_12831,2026-06-10 22:56:50,control,0
USR_13932,2026-06-10 22:58:02,control,0
USR_18739,2026-06-10 22:58:17,treatment,0
USR_04904,2026-06-10 22:58:59,control,0
USR_04380,2026-06-10 22:59:25,treatment,0
USR_11034,2026-06-10 23:01:04,treatment,0
USR_15545,2026-06-10 23:01:34,control,0
USR_06501,2026-06-10 23:02:42,treatment,0
USR_05217,2026-06-10 23:03:22,control,0
USR_09679,2026-06-10 23:04:24,treatment,0
USR_10325,2026-06-10 23:05:31,control,0
USR_17495,2026-06-10 23:07:38,control,0
USR_12316,2026-06-10 23:08:12,control,0
USR_16521,2026-06-10 23:09:46,treatment,0
USR_12890,2026-06-10 23:11:04,control,0
USR_02953,2026-06-10 23:11:16,control,0
USR_02083,2026-06-10 23:12:39,treatment,0
USR_11650,2026-06-10 23:13:26,treatment,0
USR_18103,2026-06-10 23:14:50,control,0
USR_06912,2026-06-10 23:18:00,control,1
USR_05322,2026-06-10 23:18:20,control,0
USR_11447,2026-06-10 23:18:45,treatment,0
USR_05234,2026-06-10 23:18:56,control,0
USR_14526,2026-06-10 23:21:09,treatment,0
USR_14071,2026-06-10 23:21:53,treatment,0
USR_16480,2026-06-10 23:23:17,control,0
USR_09673,2026-06-10 23:24:42,control,0
USR_03145,2026-06-10 23:24:45,treatment,0
USR_03852,2026-06-10 23:27:52,treatment,0
USR_14315,2026-06-10 23:30:13,control,0
USR_11814,2026-06-10 23:30:43,control,0
USR_09971,2026-06-10 23:31:47,treatment,0
USR_13041,2026-06-10 23:32:31,treatment,0
USR_06136,2026-06-10 23:32:34,treatment,0
USR_09883,2026-06-10 23:32:38,control,0
USR_14279,2026-06-10 23:36:17,control,0
USR_07020,2026-06-10 23:36:52,control,0
USR_03825,2026-06-10 23:38:49,treatment,0
USR_00468,2026-06-10 23:39:39,control,0
USR_04235,2026-06-10 23:39:49,treatment,0
USR_06299,2026-06-10 23:42:32,treatment,0
USR_17125,2026-06-10 23:42:43,treatment,0
USR_13864,2026-06-10 23:43:36,treatment,0
USR_01321,2026-06-10 23:43:47,control,0
USR_05150,2026-06-10 23:44:36,treatment,0
USR_03064,2026-06-10 23:45:05,control,0
USR_01409,2026-06-10 23:45:55,treatment,0
USR_04236,2026-06-10 23:46:41,control,1
USR_17178,2026-06-10 23:48:33,treatment,0
USR_03689,2026-06-10 23:48:46,treatment,0
USR_14175,2026-06-10 23:49:16,control,0
USR_06649,2026-06-10 23:50:43,control,0
USR_19668,2026-06-10 23:54:26,treatment,0
USR_19513,2026-06-10 23:54:46,control,0
USR_09415,2026-06-10 23:55:02,treatment,0
USR_01332,2026-06-10 23:55:09,control,0
USR_09051,2026-06-10 23:58:23,control,0
USR_18332,2026-06-10 23:58:32,control,0
USR_11950,2026-06-11 00:02:57,control,0
USR_18562,2026-06-11 00:08:32,treatment,0
USR_11707,2026-06-11 00:10:37,treatment,0
USR_18504,2026-06-11 00:11:08,control,0
USR_07923,2026-06-11 00:11:19,control,0
USR_04664,2026-06-11 00:12:06,treatment,0
USR_18955,2026-06-11 00:12:13,treatment,0
USR_12065,2026-06-11 00:13:47,control,0
USR_15201,2026-06-11 00:13:58,control,0
USR_09293,2026-06-11 00:14:18,treatment,0
USR_02469,2026-06-11 00:14:21,treatment,0
USR_01117,2026-06-11 00:14:54,treatment,0
USR_12079,2026-06-11 00:14:55,treatment,0
USR_01458,2026-06-11 00:16:26,control,0
USR_18133,2026-06-11 00:17:31,treatment,0
USR_02926,2026-06-11 00:19:24,treatment,0
USR_10657,2026-06-11 00:20:11,control,0
USR_06631,2026-06-11 00:21:02,treatment,0
USR_12979,2026-06-11 00:21:27,control,0
USR_15095,2026-06-11 00:22:04,treatment,0
USR_06433,2026-06-11 00:22:34,control,0
USR_03209,2026-06-11 00:25:07,control,0
USR_01278,2026-06-11 00:25:11,control,0
USR_17946,2026-06-11 00:29:44,treatment,1
USR_10146,2026-06-11 00:32:09,treatment,0
USR_15612,2026-06-11 00:32:16,treatment,0
USR_08278,2026-06-11 00:35:06,control,0
USR_14179,2026-06-11 00:36:26,treatment,0
USR_19235,2026-06-11 00:36:29,control,0
USR_08140,2026-06-11 00:38:55,treatment,1
USR_03112,2026-06-11 00:40:00,treatment,0
USR_19789,2026-06-11 00:40:07,treatment,0
USR_17789,2026-06-11 00:40:34,treatment,0
USR_15080,2026-06-11 00:41:50,control,0
USR_02237,2026-06-11 00:42:29,control,0
USR_14048,2026-06-11 00:43:18,treatment,0
USR_10342,2026-06-11 00:43:47,treatment,0
USR_15088,2026-06-11 00:45:54,control,0
USR_11300,2026-06-11 00:46:42,treatment,0
USR_18485,2026-06-11 00:49:19,control,0
USR_07231,2026-06-11 00:49:36,treatment,0
USR_13792,2026-06-11 00:50:32,control,0
USR_04954,2026-06-11 00:50:46,treatment,0
USR_14101,2026-06-11 00:52:01,treatment,0
USR_17620,2026-06-11 00:52:21,control,0
USR_09480,2026-06-11 00:53:53,control,0
USR_06729,2026-06-11 00:55:26,treatment,0
USR_03998,2026-06-11 00:56:35,control,0
USR_07222,2026-06-11 00:57:02,treatment,0
USR_00452,2026-06-11 00:59:21,treatment,0
USR_03275,2026-06-11 00:59:33,treatment,0
USR_19608,2026-06-11 01:00:21,treatment,0
USR_07260,2026-06-11 01:04:57,treatment,0
USR_05911,2026-06-11 01:05:02,control,0
USR_00519,2026-06-11 01:05:51,treatment,0
USR_00022,2026-06-11 01:06:02,control,0
USR_01190,2026-06-11 01:08:23,control,0
USR_17334,2026-06-11 01:10:11,treatment,0
USR_14047,2026-06-11 01:10:16,treatment,0
USR_06672,2026-06-11 01:10:28,treatment,0
USR_15588,2026-06-11 01:10:50,control,0
USR_05744,2026-06-11 01:11:06,control,1
USR_13473,2026-06-11 01:11:48,treatment,0
USR_15665,2026-06-11 01:13:16,treatment,0
USR_00821,2026-06-11 01:13:45,treatment,0
USR_19470,2026-06-11 01:16:29,control,0
USR_13042,2026-06-11 01:21:05,control,0
USR_02292,2026-06-11 01:22:23,treatment,1
USR_00369,2026-06-11 01:22:30,treatment,0
USR_01248,2026-06-11 01:23:17,control,0
USR_16368,2026-06-11 01:25:12,control,0
USR_16772,2026-06-11 01:26:06,treatment,0
USR_12512,2026-06-11 01:28:18,control,0
USR_07741,2026-06-11 01:32:09,treatment,0
USR_18734,2026-06-11 01:32:37,treatment,0
USR_02319,2026-06-11 01:33:21,control,0
USR_03812,2026-06-11 01:34:45,control,0
USR_14994,2026-06-11 01:34:49,control,0
USR_10866,2026-06-11 01:35:12,control,0
USR_17998,2026-06-11 01:35:44,control,0
USR_06400,2026-06-11 01:36:38,control,0
USR_01452,2026-06-11 01:37:07,control,0
USR_06396,2026-06-11 01:37:11,control,0
USR_00683,2026-06-11 01:39:47,control,0
USR_01148,2026-06-11 01:45:58,control,0
USR_04242,2026-06-11 01:46:18,control,1
USR_11889,2026-06-11 01:46:54,treatment,0
USR_03762,2026-06-11 01:47:06,control,0
USR_05458,2026-06-11 01:47:56,control,0
USR_17193,2026-06-11 01:48:51,treatment,0
USR_10756,2026-06-11 01:49:43,control,1
USR_17378,2026-06-11 01:50:27,control,0
USR_06252,2026-06-11 01:50:49,treatment,0
USR_10193,2026-06-11 01:51:11,control,0
USR_04120,2026-06-11 01:51:19,treatment,0
USR_06704,2026-06-11 01:51:38,control,0
USR_11011,2026-06-11 01:52:58,treatment,0
USR_18107,2026-06-11 01:53:45,control,0
USR_04376,2026-06-11 01:56:29,treatment,0
USR_07569,2026-06-11 01:56:40,control,0
USR_15806,2026-06-11 01:56:52,control,0
USR_05809,2026-06-11 01:59:07,control,0
USR_10975,2026-06-11 01:59:55,treatment,0
USR_06503,2026-06-11 02:04:13,treatment,0
USR_15253,2026-06-11 02:04:36,control,0
USR_02229,2026-06-11 02:05:52,control,0
USR_14708,2026-06-11 02:06:04,control,0
USR_09357,2026-06-11 02:06:35,treatment,0
USR_05135,2026-06-11 02:07:21,control,0
USR_03897,2026-06-11 02:07:23,treatment,0
USR_02193,2026-06-11 02:08:23,treatment,0
USR_15796,2026-06-11 02:10:51,treatment,0
USR_15364,2026-06-11 02:11:36,control,0
USR_12779,2026-06-11 02:12:10,treatment,0
USR_18609,2026-06-11 02:13:09,treatment,0
USR_18363,2026-06-11 02:13:16,treatment,0
USR_03500,2026-06-11 02:17:36,treatment,0
USR_19371,2026-06-11 02:19:20,control,0
USR_10080,2026-06-11 02:19:39,control,0
USR_07126,2026-06-11 02:19:58,treatment,0
USR_18281,2026-06-11 02:20:25,control,0
USR_17025,2026-06-11 02:21:16,treatment,0
USR_08360,2026-06-11 02:21:19,control,1
USR_04797,2026-06-11 02:21:30,treatment,0
USR_10455,2026-06-11 02:22:09,control,0
USR_15097,2026-06-11 02:23:16,treatment,0
USR_11171,2026-06-11 02:23:41,treatment,1
USR_17960,2026-06-11 02:24:45,control,0
USR_03566,2026-06-11 02:28:24,control,0
USR_17787,2026-06-11 02:29:45,control,0
USR_02204,2026-06-11 02:30:14,treatment,1
USR_11702,2026-06-11 02:31:58,treatment,0
USR_14671,2026-06-11 02:33:21,control,0
USR_17761,2026-06-11 02:34:13,treatment,0
USR_05076,2026-06-11 02:35:26,treatment,0
USR_02561,2026-06-11 02:39:24,treatment,0
USR_10613,2026-06-11 02:39:55,control,0
USR_18819,2026-06-11 02:42:13,treatment,0
USR_07177,2026-06-11 02:42:22,treatment,0
USR_17498,2026-06-11 02:43:24,treatment,0
USR_18769,2026-06-11 02:45:00,control,0
USR_12688,2026-06-11 02:46:37,control,0
USR_15204,2026-06-11 02:47:05,treatment,0
USR_14244,2026-06-11 02:47:18,control,0
USR_14166,2026-06-11 02:48:57,treatment,0
USR_06911,2026-06-11 02:49:39,treatment,0
USR_11919,2026-06-11 02:51:06,control,0
USR_10121,2026-06-11 02:51:49,control,0
USR_12915,2026-06-11 02:52:16,control,0
USR_04574,2026-06-11 02:52:33,control,0
USR_00097,2026-06-11 02:53:46,control,0
USR_18900,2026-06-11 02:54:27,control,0
USR_10904,2026-06-11 02:55:06,treatment,0
USR_12045,2026-06-11 02:55:47,control,0
USR_17788,2026-06-11 02:56:30,control,0
USR_09535,2026-06-11 02:56:41,treatment,1
USR_01739,2026-06-11 02:57:15,control,0
USR_15006,2026-06-11 02:59:04,control,0
USR_08952,2026-06-11 02:59:06,treatment,0
USR_00753,2026-06-11 03:00:26,treatment,0
USR_06767,2026-06-11 03:00:32,treatment,0
USR_03908,2026-06-11 03:01:31,treatment,0
USR_15394,2026-06-11 03:02:35,treatment,0
USR_03870,2026-06-11 03:02:41,control,0
USR_00108,2026-06-11 03:02:50,treatment,0
USR_05288,2026-06-11 03:03:09,control,0
USR_09669,2026-06-11 03:03:29,treatment,0
USR_12477,2026-06-11 03:03:53,control,0
USR_14369,2026-06-11 03:04:07,treatment,0
USR_09625,2026-06-11 03:04:09,control,0
USR_07753,2026-06-11 03:04:17,control,0
USR_14711,2026-06-11 03:06:40,control,0
USR_07330,2026-06-11 03:07:09,control,0
USR_18019,2026-06-11 03:07:52,control,0
USR_03056,2026-06-11 03:09:08,treatment,0
USR_04634,2026-06-11 03:09:13,control,0
USR_00484,2026-06-11 03:09:45,treatment,0
USR_11652,2026-06-11 03:09:47,treatment,0
USR_15760,2026-06-11 03:10:00,treatment,0
USR_04398,2026-06-11 03:11:10,treatment,0
USR_04017,2026-06-11 03:13:09,treatment,1
USR_16861,2026-06-11 03:13:20,control,0
USR_19101,2026-06-11 03:13:46,treatment,0
USR_07344,2026-06-11 03:14:12,treatment,0
USR_01378,2026-06-11 03:14:58,control,0
USR_11516,2026-06-11 03:15:06,treatment,0
USR_02794,2026-06-11 03:15:50,treatment,0
USR_02539,2026-06-11 03:17:41,treatment,0
USR_01178,2026-06-11 03:19:27,treatment,0
USR_00916,2026-06-11 03:20:39,treatment,0
USR_10074,2026-06-11 03:21:19,control,0
USR_01267,2026-06-11 03:21:28,treatment,0
USR_12691,2026-06-11 03:24:01,control,0
USR_04942,2026-06-11 03:24:08,treatment,0
USR_19368,2026-06-11 03:24:23,control,0
USR_05422,2026-06-11 03:24:28,control,0
USR_10518,2026-06-11 03:25:21,treatment,0
USR_09516,2026-06-11 03:26:47,treatment,0
USR_17909,2026-06-11 03:28:46,control,0
USR_07947,2026-06-11 03:30:35,treatment,0
USR_06847,2026-06-11 03:33:25,control,0
USR_18331,2026-06-11 03:34:12,treatment,0
USR_04451,2026-06-11 03:34:46,control,0
USR_08248,2026-06-11 03:35:39,control,0
USR_18697,2026-06-11 03:36:09,control,1
USR_08226,2026-06-11 03:36:33,control,0
USR_13421,2026-06-11 03:37:18,control,1
USR_18561,2026-06-11 03:38:23,treatment,0
USR_14456,2026-06-11 03:40:04,treatment,0
USR_12074,2026-06-11 03:41:24,control,0
USR_14412,2026-06-11 03:42:02,control,0
USR_09124,2026-06-11 03:43:08,control,0
USR_15881,2026-06-11 03:43:49,treatment,0
USR_04965,2026-06-11 03:44:09,treatment,0
USR_09433,2026-06-11 03:44:11,control,0
USR_00696,2026-06-11 03:45:51,treatment,0
USR_02325,2026-06-11 03:47:11,treatment,0
USR_19344,2026-06-11 03:49:03,treatment,0
USR_09988,2026-06-11 03:51:36,control,0
USR_09978,2026-06-11 03:53:13,treatment,0
USR_07712,2026-06-11 03:53:30,treatment,0
USR_03760,2026-06-11 03:54:51,control,1
USR_16672,2026-06-11 03:55:06,control,0
USR_14145,2026-06-11 03:55:12,treatment,0
USR_01726,2026-06-11 03:55:19,control,0
USR_08398,2026-06-11 03:57:49,control,0
USR_07046,2026-06-11 03:59:11,treatment,0
USR_02996,2026-06-11 04:01:03,treatment,0
USR_02861,2026-06-11 04:02:54,control,0
USR_11908,2026-06-11 04:03:44,control,0
USR_01236,2026-06-11 04:04:32,treatment,0
USR_12500,2026-06-11 04:05:08,treatment,0
USR_13103,2026-06-11 04:05:22,treatment,0
USR_13166,2026-06-11 04:06:22,treatment,0
USR_16767,2026-06-11 04:07:20,control,0
USR_10137,2026-06-11 04:08:31,control,0
USR_01845,2026-06-11 04:08:56,treatment,0
USR_03043,2026-06-11 04:09:31,control,0
USR_08660,2026-06-11 04:09:57,control,0
USR_12632,2026-06-11 04:10:00,treatment,0
USR_15154,2026-06-11 04:10:41,control,0
USR_19002,2026-06-11 04:12:41,control,0
USR_10262,2026-06-11 04:12:46,control,0
USR_03183,2026-06-11 04:14:12,treatment,0
USR_04477,2026-06-11 04:18:37,treatment,0
USR_05542,2026-06-11 04:18:47,treatment,0
USR_13744,2026-06-11 04:19:48,control,0
USR_13563,2026-06-11 04:22:54,control,1
USR_18998,2026-06-11 04:23:23,treatment,0
USR_02628,2026-06-11 04:24:23,control,0
USR_12493,2026-06-11 04:26:03,treatment,0
USR_18203,2026-06-11 04:26:10,treatment,0
USR_17923,2026-06-11 04:26:39,treatment,0
USR_03067,2026-06-11 04:28:20,control,0
USR_00970,2026-06-11 04:28:46,treatment,0
USR_17594,2026-06-11 04:29:18,control,0
USR_12031,2026-06-11 04:29:20,treatment,0
USR_06685,2026-06-11 04:29:29,control,0
USR_07782,2026-06-11 04:29:51,control,1
USR_10143,2026-06-11 04:30:32,control,0
USR_12497,2026-06-11 04:31:56,control,0
USR_05261,2026-06-11 04:32:21,treatment,0
USR_06285,2026-06-11 04:35:06,control,0
USR_13134,2026-06-11 04:35:39,treatment,0
USR_04169,2026-06-11 04:36:59,control,0
USR_11870,2026-06-11 04:38:37,treatment,0
USR_07349,2026-06-11 04:39:54,treatment,0
USR_10180,2026-06-11 04:41:30,control,0
USR_11491,2026-06-11 04:43:32,control,0
USR_19143,2026-06-11 04:44:08,control,0
USR_09868,2026-06-11 04:44:18,treatment,0
USR_09313,2026-06-11 04:45:29,control,0
USR_00421,2026-06-11 04:46:09,treatment,0
USR_10064,2026-06-11 04:47:46,control,0
USR_09457,2026-06-11 04:49:04,treatment,0
USR_12907,2026-06-11 04:52:05,control,1
USR_05431,2026-06-11 04:52:18,treatment,0
USR_09546,2026-06-11 04:52:54,treatment,1
USR_00396,2026-06-11 04:54:23,control,0
USR_07114,2026-06-11 04:54:30,treatment,0
USR_12759,2026-06-11 04:55:42,control,0
USR_09393,2026-06-11 04:57:46,control,0
USR_00834,2026-06-11 04:58:57,treatment,0
USR_08187,2026-06-11 05:00:48,treatment,0
USR_04856,2026-06-11 05:00:48,control,0
USR_01305,2026-06-11 05:03:15,treatment,0
USR_12093,2026-06-11 05:03:23,control,1
USR_02502,2026-06-11 05:04:40,control,0
USR_00020,2026-06-11 05:05:09,control,0
USR_17171,2026-06-11 05:06:16,treatment,0
USR_01509,2026-06-11 05:07:15,treatment,0
USR_06218,2026-06-11 05:07:29,control,0
USR_13340,2026-06-11 05:08:02,treatment,0
USR_12556,2026-06-11 05:08:20,control,0
USR_18128,2026-06-11 05:08:33,control,0
USR_15582,2026-06-11 05:09:02,treatment,0
USR_15608,2026-06-11 05:10:39,treatment,0
USR_06070,2026-06-11 05:10:57,control,0
USR_15873,2026-06-11 05:11:12,treatment,0
USR_00228,2026-06-11 05:11:54,treatment,0
USR_05064,2026-06-11 05:11:56,control,0
USR_19562,2026-06-11 05:14:22,control,0
USR_18980,2026-06-11 05:17:48,control,0
USR_12068,2026-06-11 05:18:05,control,0
USR_01129,2026-06-11 05:18:27,treatment,0
USR_03585,2026-06-11 05:18:42,control,1
USR_09315,2026-06-11 05:19:21,treatment,0
USR_18034,2026-06-11 05:24:23,treatment,0
USR_03623,2026-06-11 05:24:45,treatment,0
USR_06073,2026-06-11 05:25:33,control,0
USR_10694,2026-06-11 05:25:54,treatment,0
USR_06690,2026-06-11 05:26:10,control,0
USR_08378,2026-06-11 05:27:15,treatment,0
USR_18055,2026-06-11 05:27:50,control,0
USR_11973,2026-06-11 05:28:03,treatment,0
USR_00237,2026-06-11 05:28:27,control,0
USR_03865,2026-06-11 05:32:21,treatment,0
USR_02492,2026-06-11 05:34:19,control,0
USR_05897,2026-06-11 05:35:11,control,0
USR_05679,2026-06-11 05:35:34,treatment,0
USR_15866,2026-06-11 05:36:29,treatment,0
USR_04401,2026-06-11 05:37:57,control,0
USR_04004,2026-06-11 05:41:39,treatment,0
USR_09719,2026-06-11 05:43:24,treatment,0
USR_14603,2026-06-11 05:44:31,treatment,0
USR_13338,2026-06-11 05:46:12,control,1
USR_15542,2026-06-11 05:47:07,control,0
USR_19695,2026-06-11 05:47:24,treatment,0
USR_06776,2026-06-11 05:47:27,treatment,1
USR_05359,2026-06-11 05:47:58,control,0
USR_14771,2026-06-11 05:52:48,treatment,0
USR_14768,2026-06-11 05:54:06,control,0
USR_15303,2026-06-11 05:54:12,control,0
USR_16081,2026-06-11 05:55:30,control,0
USR_17005,2026-06-11 05:57:18,control,0
USR_10090,2026-06-11 05:58:58,control,0
USR_17452,2026-06-11 06:01:14,control,1
USR_19648,2026-06-11 06:01:50,control,0
USR_17734,2026-06-11 06:03:02,treatment,1
USR_01870,2026-06-11 06:04:36,treatment,0
USR_09245,2026-06-11 06:04:39,treatment,0
USR_17989,2026-06-11 06:06:44,control,0
USR_12510,2026-06-11 06:07:20,control,0
USR_00663,2026-06-11 06:10:28,treatment,0
USR_05705,2026-06-11 06:11:07,treatment,0
USR_06032,2026-06-11 06:13:44,control,0
USR_09689,2026-06-11 06:14:33,treatment,0
USR_12182,2026-06-11 06:15:12,control,0
USR_00202,2026-06-11 06:16:26,treatment,0
USR_07650,2026-06-11 06:16:40,treatment,0
USR_09302,2026-06-11 06:17:25,control,0
USR_19137,2026-06-11 06:18:36,treatment,0
USR_03284,2026-06-11 06:23:19,treatment,0
USR_01546,2026-06-11 06:23:22,treatment,0
USR_03036,2026-06-11 06:23:32,control,0
USR_00662,2026-06-11 06:24:29,control,0
USR_03045,2026-06-11 06:24:53,treatment,0
USR_17511,2026-06-11 06:25:34,treatment,1
USR_12246,2026-06-11 06:25:50,control,0
USR_04319,2026-06-11 06:26:51,treatment,0
USR_17892,2026-06-11 06:27:18,control,1
USR_03818,2026-06-11 06:28:44,control,0
USR_07359,2026-06-11 06:30:37,control,0
USR_13690,2026-06-11 06:31:16,control,0
USR_03401,2026-06-11 06:32:01,treatment,0
USR_05216,2026-06-11 06:32:58,control,1
USR_06921,2026-06-11 06:34:13,treatment,1
USR_13570,2026-06-11 06:34:56,treatment,0
USR_09442,2026-06-11 06:37:21,control,0
USR_15601,2026-06-11 06:38:48,treatment,0
USR_08149,2026-06-11 06:39:43,treatment,0
USR_03980,2026-06-11 06:41:00,control,0
USR_07334,2026-06-11 06:42:12,treatment,0
USR_13390,2026-06-11 06:42:18,control,0
USR_18459,2026-06-11 06:42:23,treatment,0
USR_19068,2026-06-11 06:43:52,control,0
USR_02092,2026-06-11 06:44:36,control,0
USR_08730,2026-06-11 06:46:30,control,0
USR_06882,2026-06-11 06:46:36,treatment,0
USR_00061,2026-06-11 06:47:08,control,0
USR_08068,2026-06-11 06:47:11,treatment,0
USR_01682,2026-06-11 06:47:15,control,0
USR_05219,2026-06-11 06:47:20,control,0
USR_01465,2026-06-11 06:47:34,control,0
USR_00305,2026-06-11 06:49:24,control,0
USR_03382,2026-06-11 06:49:32,treatment,0
USR_11709,2026-06-11 06:50:27,treatment,0
USR_01216,2026-06-11 06:51:01,control,0
USR_04157,2026-06-11 06:51:13,control,0
USR_00041,2026-06-11 06:52:54,control,0
USR_06748,2026-06-11 06:54:08,control,0
USR_05588,2026-06-11 06:54:52,treatment,0
USR_12181,2026-06-11 06:55:27,control,0
USR_15633,2026-06-11 06:55:30,control,0
USR_10763,2026-06-11 06:56:11,control,0
USR_15156,2026-06-11 06:56:53,treatment,0
USR_01381,2026-06-11 06:57:58,treatment,0
USR_09664,2026-06-11 06:58:26,treatment,0
USR_12301,2026-06-11 06:58:28,treatment,0
USR_16803,2026-06-11 06:58:56,treatment,0
USR_00365,2026-06-11 06:59:15,treatment,0
USR_01619,2026-06-11 06:59:46,control,0
USR_14721,2026-06-11 07:00:30,treatment,0
USR_06422,2026-06-11 07:01:04,treatment,0
USR_03152,2026-06-11 07:02:16,control,0
USR_15623,2026-06-11 07:02:57,control,0
USR_05874,2026-06-11 07:03:23,control,0
USR_14664,2026-06-11 07:06:08,treatment,0
USR_06721,2026-06-11 07:06:13,treatment,0
USR_04638,2026-06-11 07:07:33,treatment,0
USR_01394,2026-06-11 07:08:26,treatment,1
USR_17951,2026-06-11 07:09:18,control,0
USR_07958,2026-06-11 07:10:08,control,0
USR_00355,2026-06-11 07:10:56,control,0
USR_12623,2026-06-11 07:11:03,treatment,0
USR_07315,2026-06-11 07:11:18,control,0
USR_13795,2026-06-11 07:13:20,control,0
USR_11080,2026-06-11 07:13:55,treatment,0
USR_05056,2026-06-11 07:14:08,control,0
USR_10170,2026-06-11 07:16:03,treatment,0
USR_02554,2026-06-11 07:20:49,treatment,0
USR_06619,2026-06-11 07:26:43,control,0
USR_13266,2026-06-11 07:29:20,control,0
USR_07556,2026-06-11 07:32:12,control,0
USR_14567,2026-06-11 07:33:14,treatment,0
USR_15702,2026-06-11 07:33:45,treatment,0
USR_08893,2026-06-11 07:34:00,treatment,0
USR_05746,2026-06-11 07:34:49,treatment,0
USR_00719,2026-06-11 07:39:29,treatment,0
USR_15868,2026-06-11 07:41:45,control,0
USR_02687,2026-06-11 07:43:47,treatment,0
USR_04511,2026-06-11 07:44:05,treatment,0
USR_17631,2026-06-11 07:45:13,treatment,0
USR_14264,2026-06-11 07:45:32,treatment,0
USR_09638,2026-06-11 07:46:04,control,0
USR_04843,2026-06-11 07:46:08,treatment,0
USR_16781,2026-06-11 07:46:22,control,0
USR_08154,2026-06-11 07:47:29,control,0
USR_14807,2026-06-11 07:49:28,control,0
USR_08745,2026-06-11 07:49:44,control,0
USR_01657,2026-06-11 07:50:49,treatment,0
USR_05037,2026-06-11 07:50:56,treatment,0
USR_04614,2026-06-11 07:51:20,control,0
USR_02008,2026-06-11 07:51:24,control,0
USR_09137,2026-06-11 07:51:46,control,0
USR_18941,2026-06-11 07:53:28,treatment,0
USR_04814,2026-06-11 07:56:42,treatment,0
USR_11579,2026-06-11 07:58:10,control,0
USR_02374,2026-06-11 07:58:12,treatment,0
USR_04417,2026-06-11 08:00:29,control,0
USR_14044,2026-06-11 08:00:56,control,0
USR_09398,2026-06-11 08:01:24,control,0
USR_02586,2026-06-11 08:02:03,control,0
USR_14834,2026-06-11 08:02:46,control,0
USR_08277,2026-06-11 08:03:13,treatment,0
USR_03437,2026-06-11 08:04:44,treatment,0
USR_18310,2026-06-11 08:05:09,treatment,0
USR_14001,2026-06-11 08:05:20,treatment,0
USR_06275,2026-06-11 08:05:38,control,0
USR_10247,2026-06-11 08:06:53,treatment,0
USR_17444,2026-06-11 08:08:23,treatment,0
USR_10914,2026-06-11 08:09:43,treatment,0
USR_02321,2026-06-11 08:12:13,control,0
USR_17544,2026-06-11 08:12:58,control,0
USR_11018,2026-06-11 08:15:49,treatment,0
USR_07555,2026-06-11 08:16:12,treatment,0
USR_17502,2026-06-11 08:16:50,treatment,0
USR_01053,2026-06-11 08:17:59,control,0
USR_03434,2026-06-11 08:19:03,treatment,0
USR_12447,2026-06-11 08:21:34,control,0
USR_19418,2026-06-11 08:22:57,treatment,0
USR_19942,2026-06-11 08:23:19,treatment,0
USR_14214,2026-06-11 08:24:18,treatment,0
USR_17510,2026-06-11 08:26:55,control,0
USR_14841,2026-06-11 08:27:37,control,0
USR_14156,2026-06-11 08:27:41,treatment,0
USR_15385,2026-06-11 08:27:46,control,0
USR_06502,2026-06-11 08:28:42,treatment,0
USR_18278,2026-06-11 08:29:11,control,0
USR_08997,2026-06-11 08:29:27,treatment,0
USR_19036,2026-06-11 08:30:03,control,0
USR_14237,2026-06-11 08:30:28,treatment,1
USR_06622,2026-06-11 08:32:07,treatment,0
USR_06163,2026-06-11 08:32:18,treatment,0
USR_00717,2026-06-11 08:35:14,control,0
USR_17161,2026-06-11 08:36:32,treatment,0
USR_08471,2026-06-11 08:37:38,control,0
USR_05245,2026-06-11 08:38:40,control,0
USR_17964,2026-06-11 08:39:46,treatment,0
USR_13276,2026-06-11 08:40:19,control,0
USR_16571,2026-06-11 08:40:40,control,0
USR_02135,2026-06-11 08:41:53,treatment,0
USR_10962,2026-06-11 08:43:14,control,0
USR_12471,2026-06-11 08:43:33,treatment,0
USR_08111,2026-06-11 08:46:38,control,0
USR_13984,2026-06-11 08:47:15,treatment,0
USR_10075,2026-06-11 08:49:10,control,0
USR_07715,2026-06-11 08:50:08,control,0
USR_14562,2026-06-11 08:55:02,control,0
USR_13869,2026-06-11 08:56:07,treatment,0
USR_10782,2026-06-11 08:56:24,control,0
USR_06765,2026-06-11 08:58:46,treatment,0
USR_10507,2026-06-11 09:00:48,control,0
USR_01625,2026-06-11 09:01:33,control,0
USR_05186,2026-06-11 09:01:45,treatment,0
USR_08073,2026-06-11 09:02:43,treatment,0
USR_05265,2026-06-11 09:04:30,treatment,0
USR_12254,2026-06-11 09:06:46,control,0
USR_14243,2026-06-11 09:09:24,treatment,0
USR_04483,2026-06-11 09:10:24,control,0
USR_19651,2026-06-11 09:10:26,treatment,0
USR_02871,2026-06-11 09:12:44,treatment,0
USR_09886,2026-06-11 09:12:59,control,0
USR_06029,2026-06-11 09:14:17,treatment,0
USR_14700,2026-06-11 09:14:31,treatment,0
USR_03773,2026-06-11 09:15:41,treatment,0
USR_19162,2026-06-11 09:16:17,treatment,0
USR_07342,2026-06-11 09:16:48,control,0
USR_18013,2026-06-11 09:17:21,control,0
USR_05006,2026-06-11 09:17:22,treatment,0
USR_15483,2026-06-11 09:19:32,control,0
USR_02345,2026-06-11 09:20:44,control,1
USR_08155,2026-06-11 09:21:23,control,0
USR_11929,2026-06-11 09:22:45,treatment,0
USR_10573,2026-06-11 09:24:35,treatment,0
USR_03884,2026-06-11 09:26:22,treatment,0
USR_17033,2026-06-11 09:26:54,treatment,0
USR_06657,2026-06-11 09:28:33,treatment,0
USR_15660,2026-06-11 09:29:02,control,0
USR_07405,2026-06-11 09:33:55,treatment,0
USR_02977,2026-06-11 09:33:56,treatment,1
USR_06368,2026-06-11 09:34:04,control,0
USR_17958,2026-06-11 09:35:14,treatment,1
USR_17043,2026-06-11 09:36:51,treatment,1
USR_08480,2026-06-11 09:37:32,treatment,0
USR_02070,2026-06-11 09:38:53,control,0
USR_06379,2026-06-11 09:39:25,treatment,0
USR_16330,2026-06-11 09:39:51,treatment,0
USR_07394,2026-06-11 09:39:54,control,0
USR_07600,2026-06-11 09:42:00,control,0
USR_07549,2026-06-11 09:44:52,control,0
USR_05189,2026-06-11 09:45:23,control,0
USR_08681,2026-06-11 09:45:44,control,0
USR_02994,2026-06-11 09:45:48,treatment,0
USR_10912,2026-06-11 09:47:41,treatment,1
USR_02032,2026-06-11 09:48:12,treatment,0
USR_19735,2026-06-11 09:49:43,control,0
USR_08375,2026-06-11 09:51:46,control,0
USR_03004,2026-06-11 09:52:52,control,0
USR_17648,2026-06-11 09:53:08,control,0
USR_13027,2026-06-11 09:54:56,control,0
USR_02656,2026-06-11 09:56:02,treatment,0
USR_14072,2026-06-11 09:56:25,treatment,0
USR_03830,2026-06-11 09:58:10,control,0
USR_02807,2026-06-11 10:02:05,treatment,1
USR_08099,2026-06-11 10:02:25,control,0
USR_15283,2026-06-11 10:03:19,control,0
USR_12958,2026-06-11 10:03:23,treatment,0
USR_00754,2026-06-11 10:03:26,treatment,0
USR_02567,2026-06-11 10:04:32,treatment,0
USR_17224,2026-06-11 10:04:33,treatment,0
USR_09993,2026-06-11 10:04:47,control,0
USR_02965,2026-06-11 10:05:19,treatment,0
USR_06633,2026-06-11 10:05:22,treatment,0
USR_12970,2026-06-11 10:05:33,treatment,0
USR_19131,2026-06-11 10:05:53,control,0
USR_13534,2026-06-11 10:07:08,control,0
USR_16656,2026-06-11 10:07:21,control,0
USR_15255,2026-06-11 10:08:10,treatment,0
USR_05000,2026-06-11 10:08:46,treatment,0
USR_01153,2026-06-11 10:08:55,control,0
USR_05197,2026-06-11 10:09:10,treatment,0
USR_16174,2026-06-11 10:10:20,treatment,0
USR_04039,2026-06-11 10:10:37,treatment,0
USR_05447,2026-06-11 10:10:46,control,0
USR_00187,2026-06-11 10:14:30,control,0
USR_08764,2026-06-11 10:17:49,control,0
USR_11273,2026-06-11 10:18:02,control,0
USR_10148,2026-06-11 10:18:28,control,0
USR_11857,2026-06-11 10:18:52,control,0
USR_06306,2026-06-11 10:19:09,control,0
USR_10700,2026-06-11 10:21:34,control,0
USR_17399,2026-06-11 10:21:39,treatment,0
USR_12552,2026-06-11 10:22:09,control,0
USR_18802,2026-06-11 10:22:29,control,0
USR_11943,2026-06-11 10:22:38,treatment,0
USR_02880,2026-06-11 10:23:48,control,0
USR_16742,2026-06-11 10:24:48,treatment,0
USR_05492,2026-06-11 10:24:49,treatment,0
USR_12268,2026-06-11 10:24:58,control,0
USR_11118,2026-06-11 10:25:59,treatment,0
USR_13935,2026-06-11 10:26:01,control,0
USR_11475,2026-06-11 10:26:31,control,0
USR_07221,2026-06-11 10:26:50,treatment,0
USR_00969,2026-06-11 10:27:12,treatment,0
USR_14073,2026-06-11 10:29:00,control,0
USR_13324,2026-06-11 10:30:29,control,0
USR_14154,2026-06-11 10:33:21,treatment,0
USR_09072,2026-06-11 10:34:35,treatment,0
USR_07081,2026-06-11 10:36:01,treatment,0
USR_05300,2026-06-11 10:38:25,treatment,1
USR_03413,2026-06-11 10:38:32,treatment,0
USR_06371,2026-06-11 10:40:11,treatment,0
USR_11066,2026-06-11 10:40:35,control,0
USR_05444,2026-06-11 10:42:32,control,0
USR_07327,2026-06-11 10:43:19,treatment,0
USR_05284,2026-06-11 10:44:37,treatment,0
USR_14322,2026-06-11 10:46:03,control,0
USR_17397,2026-06-11 10:47:51,treatment,0
USR_16047,2026-06-11 10:49:54,control,0
USR_14191,2026-06-11 10:50:07,control,1
USR_00238,2026-06-11 10:50:16,control,0
USR_08025,2026-06-11 10:52:01,treatment,0
USR_10464,2026-06-11 10:52:16,control,0
USR_12425,2026-06-11 10:53:37,control,0
USR_09844,2026-06-11 10:54:08,control,1
USR_10830,2026-06-11 10:54:31,control,0
USR_12506,2026-06-11 10:54:37,control,0
USR_06779,2026-06-11 10:54:51,control,0
USR_01929,2026-06-11 10:55:18,treatment,0
USR_09320,2026-06-11 10:55:21,treatment,1
USR_10586,2026-06-11 10:55:22,control,0
USR_17383,2026-06-11 10:56:25,control,0
USR_03350,2026-06-11 10:58:32,control,0
USR_06393,2026-06-11 10:59:12,control,0
USR_03565,2026-06-11 10:59:46,control,0
USR_10789,2026-06-11 11:00:40,treatment,0
USR_05313,2026-06-11 11:00:43,treatment,0
USR_01720,2026-06-11 11:02:00,control,0
USR_09486,2026-06-11 11:02:02,treatment,0
USR_16015,2026-06-11 11:03:01,treatment,0
USR_19641,2026-06-11 11:04:02,treatment,1
USR_01520,2026-06-11 11:04:22,treatment,0
USR_16695,2026-06-11 11:04:46,treatment,0
USR_02923,2026-06-11 11:04:55,treatment,0
USR_12330,2026-06-11 11:06:44,control,0
USR_04711,2026-06-11 11:06:47,control,0
USR_09262,2026-06-11 11:07:23,treatment,0
USR_03994,2026-06-11 11:07:56,treatment,1
USR_11883,2026-06-11 11:08:03,control,0
USR_08737,2026-06-11 11:10:18,treatment,0
USR_14737,2026-06-11 11:12:52,control,0
USR_10893,2026-06-11 11:13:59,treatment,0
USR_11930,2026-06-11 11:14:14,treatment,1
USR_02783,2026-06-11 11:14:55,treatment,0
USR_09595,2026-06-11 11:15:31,control,0
USR_17247,2026-06-11 11:15:49,treatment,0
USR_03684,2026-06-11 11:16:16,treatment,0
USR_14368,2026-06-11 11:16:38,treatment,0
USR_17303,2026-06-11 11:16:46,control,0
USR_02368,2026-06-11 11:17:16,treatment,0
USR_07519,2026-06-11 11:18:08,treatment,0
USR_19499,2026-06-11 11:19:08,treatment,0
USR_00403,2026-06-11 11:20:06,control,0
USR_18919,2026-06-11 11:20:26,control,0
USR_16968,2026-06-11 11:20:33,treatment,0
USR_08227,2026-06-11 11:21:05,treatment,0
USR_05786,2026-06-11 11:21:24,treatment,0
USR_10606,2026-06-11 11:22:32,treatment,0
USR_03223,2026-06-11 11:23:00,treatment,0
USR_08938,2026-06-11 11:24:14,treatment,0
USR_09453,2026-06-11 11:25:55,treatment,0
USR_13923,2026-06-11 11:30:25,control,0
USR_13188,2026-06-11 11:31:51,treatment,0
USR_17449,2026-06-11 11:32:38,treatment,0
USR_13521,2026-06-11 11:33:40,treatment,0
USR_17227,2026-06-11 11:33:42,control,0
USR_10254,2026-06-11 11:36:12,control,0
USR_11429,2026-06-11 11:36:22,treatment,0
USR_15994,2026-06-11 11:36:30,control,0
USR_18417,2026-06-11 11:36:50,control,0
USR_16683,2026-06-11 11:40:00,control,0
USR_16910,2026-06-11 11:40:22,treatment,0
USR_03912,2026-06-11 11:40:32,treatment,0
USR_08542,2026-06-11 11:40:50,control,0
USR_12244,2026-06-11 11:41:11,control,0
USR_06403,2026-06-11 11:41:24,control,0
USR_19181,2026-06-11 11:42:17,treatment,0
USR_11221,2026-06-11 11:42:48,control,0
USR_18196,2026-06-11 11:43:05,control,0
USR_14585,2026-06-11 11:43:08,control,0
USR_01556,2026-06-11 11:45:03,control,0
USR_15322,2026-06-11 11:45:33,treatment,0
USR_03163,2026-06-11 11:46:04,treatment,0
USR_14190,2026-06-11 11:46:44,control,0
USR_03063,2026-06-11 11:46:52,treatment,0
USR_02617,2026-06-11 11:47:28,treatment,1
USR_16235,2026-06-11 11:49:20,control,0
USR_16583,2026-06-11 11:49:47,treatment,0
USR_06140,2026-06-11 11:50:03,treatment,0
USR_07445,2026-06-11 11:53:23,treatment,1
USR_15803,2026-06-11 11:53:44,treatment,0
USR_07498,2026-06-11 11:55:33,control,0
USR_08069,2026-06-11 11:55:35,control,0
USR_02155,2026-06-11 11:55:49,control,0
USR_05666,2026-06-11 11:55:58,treatment,0
USR_14604,2026-06-11 11:56:08,control,1
USR_11248,2026-06-11 11:59:39,treatment,0
USR_19191,2026-06-11 11:59:44,control,0
USR_18797,2026-06-11 12:00:39,control,0
USR_11580,2026-06-11 12:02:19,treatment,0
USR_08342,2026-06-11 12:03:40,control,0
USR_08890,2026-06-11 12:03:52,control,0
USR_07346,2026-06-11 12:05:33,treatment,0
USR_15594,2026-06-11 12:08:05,control,0
USR_05635,2026-06-11 12:08:08,treatment,0
USR_08393,2026-06-11 12:08:50,control,0
USR_07160,2026-06-11 12:09:46,treatment,0
USR_10593,2026-06-11 12:11:17,control,0
USR_01510,2026-06-11 12:12:31,control,0
USR_11692,2026-06-11 12:12:57,control,0
USR_12105,2026-06-11 12:16:42,control,0
USR_00706,2026-06-11 12:17:44,treatment,0
USR_11922,2026-06-11 12:17:53,control,0
USR_04053,2026-06-11 12:20:26,treatment,0
USR_00448,2026-06-11 12:20:58,control,0
USR_17636,2026-06-11 12:22:02,treatment,1
USR_16780,2026-06-11 12:23:58,control,0
USR_06117,2026-06-11 12:24:19,treatment,0
USR_00888,2026-06-11 12:26:45,treatment,1
USR_00356,2026-06-11 12:27:16,control,0
USR_01535,2026-06-11 12:27:38,control,0
USR_19480,2026-06-11 12:27:41,treatment,0
USR_06231,2026-06-11 12:28:15,treatment,0
USR_18206,2026-06-11 12:28:24,treatment,0
USR_16554,2026-06-11 12:28:30,control,1
USR_05436,2026-06-11 12:28:46,control,0
USR_01420,2026-06-11 12:28:54,treatment,0
USR_08629,2026-06-11 12:29:02,treatment,0
USR_10332,2026-06-11 12:29:36,control,0
USR_01283,2026-06-11 12:30:05,control,0
USR_04706,2026-06-11 12:30:25,control,0
USR_12573,2026-06-11 12:30:38,control,0
USR_09429,2026-06-11 12:31:45,control,0
USR_01392,2026-06-11 12:32:10,treatment,0
USR_17784,2026-06-11 12:34:09,treatment,0
USR_13368,2026-06-11 12:37:25,control,0
USR_05641,2026-06-11 12:37:28,control,0
USR_16485,2026-06-11 12:40:05,treatment,0
USR_07957,2026-06-11 12:41:42,control,0
USR_13479,2026-06-11 12:43:49,treatment,0
USR_15549,2026-06-11 12:45:23,treatment,0
USR_19014,2026-06-11 12:46:01,control,0
USR_12946,2026-06-11 12:49:46,control,0
USR_05813,2026-06-11 12:50:19,control,0
USR_00520,2026-06-11 12:50:47,control,0
USR_09056,2026-06-11 12:51:31,control,0
USR_13686,2026-06-11 12:51:37,control,0
USR_13303,2026-06-11 12:52:24,control,0
USR_15862,2026-06-11 12:52:46,treatment,0
USR_17414,2026-06-11 12:52:49,control,0
USR_18253,2026-06-11 12:54:01,control,1
USR_11366,2026-06-11 12:54:57,treatment,0
USR_07887,2026-06-11 12:55:12,control,0
USR_13890,2026-06-11 12:56:11,treatment,0
USR_01789,2026-06-11 12:56:54,control,0
USR_12457,2026-06-11 12:57:03,treatment,0
USR_07822,2026-06-11 12:58:00,control,0
USR_19029,2026-06-11 12:58:09,treatment,0
USR_12802,2026-06-11 12:58:44,treatment,0
USR_09981,2026-06-11 12:59:05,treatment,0
USR_01800,2026-06-11 12:59:41,control,0
USR_06367,2026-06-11 13:00:02,control,0
USR_09645,2026-06-11 13:00:44,treatment,0
USR_07702,2026-06-11 13:01:35,control,0
USR_02613,2026-06-11 13:01:43,control,0
USR_03974,2026-06-11 13:02:53,control,0
USR_05949,2026-06-11 13:03:46,treatment,0
USR_06893,2026-06-11 13:04:04,control,0
USR_13150,2026-06-11 13:04:20,control,0
USR_03750,2026-06-11 13:04:33,control,0
USR_11478,2026-06-11 13:05:18,control,0
USR_19405,2026-06-11 13:05:19,treatment,0
USR_14306,2026-06-11 13:05:52,control,0
USR_11596,2026-06-11 13:07:45,control,0
USR_08414,2026-06-11 13:10:49,control,0
USR_04628,2026-06-11 13:11:17,control,0
USR_04911,2026-06-11 13:13:27,treatment,0
USR_05122,2026-06-11 13:16:33,control,0
USR_06180,2026-06-11 13:16:41,control,0
USR_00015,2026-06-11 13:18:40,treatment,0
USR_15585,2026-06-11 13:18:58,treatment,0
USR_12144,2026-06-11 13:20:08,control,0
USR_02451,2026-06-11 13:21:12,treatment,0
USR_02426,2026-06-11 13:21:18,treatment,0
USR_04135,2026-06-11 13:22:07,control,0
USR_06958,2026-06-11 13:23:49,control,0
USR_01591,2026-06-11 13:24:34,control,0
USR_02986,2026-06-11 13:25:03,control,0
USR_14218,2026-06-11 13:26:08,control,0
USR_03039,2026-06-11 13:26:53,control,0
USR_03820,2026-06-11 13:26:54,control,0
USR_17478,2026-06-11 13:27:37,treatment,0
USR_16117,2026-06-11 13:28:28,control,0
USR_02215,2026-06-11 13:31:32,treatment,0
USR_07968,2026-06-11 13:32:49,treatment,0
USR_01416,2026-06-11 13:34:13,treatment,0
USR_15557,2026-06-11 13:34:15,treatment,0
USR_19925,2026-06-11 13:34:38,control,0
USR_14583,2026-06-11 13:36:07,treatment,0
USR_18760,2026-06-11 13:36:34,control,0
USR_05473,2026-06-11 13:38:54,treatment,0
USR_09764,2026-06-11 13:39:33,control,0
USR_10626,2026-06-11 13:40:18,treatment,0
USR_01084,2026-06-11 13:40:57,treatment,0
USR_10799,2026-06-11 13:41:25,control,0
USR_16572,2026-06-11 13:42:14,treatment,0
USR_18773,2026-06-11 13:43:49,treatment,0
USR_06078,2026-06-11 13:44:24,treatment,0
USR_19281,2026-06-11 13:47:03,control,0
USR_17515,2026-06-11 13:47:45,control,0
USR_01361,2026-06-11 13:47:52,treatment,0
USR_13682,2026-06-11 13:50:23,treatment,0
USR_16960,2026-06-11 13:50:36,treatment,0
USR_14147,2026-06-11 13:50:48,control,0
USR_02570,2026-06-11 13:53:23,control,0
USR_18422,2026-06-11 13:56:21,treatment,0
USR_03365,2026-06-11 13:56:48,control,0
USR_06937,2026-06-11 13:58:51,control,0
USR_11330,2026-06-11 14:01:09,control,0
USR_07499,2026-06-11 14:01:29,control,0
USR_17500,2026-06-11 14:01:38,treatment,0
USR_15143,2026-06-11 14:05:04,treatment,0
USR_15621,2026-06-11 14:05:30,control,0
USR_14292,2026-06-11 14:05:59,treatment,0
USR_14440,2026-06-11 14:06:34,control,0
USR_18678,2026-06-11 14:06:39,treatment,1
USR_02840,2026-06-11 14:07:44,treatment,0
USR_09225,2026-06-11 14:07:58,control,0
USR_13540,2026-06-11 14:09:49,treatment,0
USR_18608,2026-06-11 14:10:10,control,0
USR_00125,2026-06-11 14:10:24,treatment,0
USR_01651,2026-06-11 14:12:04,treatment,0
USR_19422,2026-06-11 14:12:11,control,0
USR_04548,2026-06-11 14:13:04,treatment,0
USR_04212,2026-06-11 14:13:54,treatment,0
USR_02165,2026-06-11 14:14:52,control,0
USR_11304,2026-06-11 14:15:09,control,0
USR_02722,2026-06-11 14:15:27,treatment,0
USR_11095,2026-06-11 14:17:08,control,0
USR_18607,2026-06-11 14:17:32,treatment,0
USR_12550,2026-06-11 14:17:57,treatment,0
USR_16418,2026-06-11 14:19:33,control,0
USR_11370,2026-06-11 14:20:07,treatment,0
USR_09954,2026-06-11 14:21:38,treatment,0
USR_17065,2026-06-11 14:22:19,control,0
USR_15100,2026-06-11 14:22:35,treatment,0
USR_04903,2026-06-11 14:24:19,treatment,0
USR_19848,2026-06-11 14:25:29,control,0
USR_17920,2026-06-11 14:27:11,treatment,0
USR_10561,2026-06-11 14:27:29,control,0
USR_02011,2026-06-11 14:28:18,treatment,0
USR_14813,2026-06-11 14:28:24,control,1
USR_16283,2026-06-11 14:31:20,control,0
USR_18164,2026-06-11 14:33:15,control,0
USR_04840,2026-06-11 14:33:40,control,0
USR_17904,2026-06-11 14:35:37,treatment,0
USR_06783,2026-06-11 14:36:12,treatment,0
USR_06673,2026-06-11 14:37:53,treatment,0
USR_19596,2026-06-11 14:41:37,treatment,0
USR_09361,2026-06-11 14:43:15,control,0
USR_00885,2026-06-11 14:43:48,control,0
USR_18657,2026-06-11 14:44:31,treatment,0
USR_09421,2026-06-11 14:48:47,control,0
USR_08221,2026-06-11 14:50:04,treatment,0
USR_06632,2026-06-11 14:50:17,control,0
USR_14257,2026-06-11 14:50:59,control,0
USR_03221,2026-06-11 14:51:00,control,0
USR_08715,2026-06-11 14:53:06,treatment,0
USR_06172,2026-06-11 14:53:31,control,0
USR_16472,2026-06-11 14:53:35,control,0
USR_10723,2026-06-11 14:54:31,treatment,0
USR_07589,2026-06-11 14:55:37,control,0
USR_09472,2026-06-11 14:58:49,treatment,0
USR_05472,2026-06-11 14:58:50,control,0
USR_04322,2026-06-11 15:00:27,control,0
USR_08387,2026-06-11 15:03:30,control,0
USR_05553,2026-06-11 15:04:00,treatment,0
USR_18966,2026-06-11 15:04:19,control,0
USR_00087,2026-06-11 15:04:47,control,0
USR_08798,2026-06-11 15:04:59,treatment,1
USR_06750,2026-06-11 15:05:19,control,0
USR_06499,2026-06-11 15:05:51,treatment,0
USR_01232,2026-06-11 15:10:40,control,0
USR_13353,2026-06-11 15:10:46,control,0
USR_15906,2026-06-11 15:10:53,treatment,0
USR_03003,2026-06-11 15:11:42,control,0
USR_07275,2026-06-11 15:12:00,treatment,0
USR_11484,2026-06-11 15:12:09,treatment,0
USR_09801,2026-06-11 15:12:43,treatment,0
USR_08794,2026-06-11 15:13:32,control,0
USR_13975,2026-06-11 15:13:34,control,0
USR_18022,2026-06-11 15:14:08,treatment,0
USR_01637,2026-06-11 15:14:22,control,0
USR_07576,2026-06-11 15:15:50,treatment,0
USR_15606,2026-06-11 15:16:30,treatment,0
USR_14875,2026-06-11 15:16:31,control,0
USR_06004,2026-06-11 15:16:33,treatment,0
USR_15819,2026-06-11 15:18:50,control,0
USR_17798,2026-06-11 15:22:00,treatment,0
USR_02562,2026-06-11 15:22:49,control,0
USR_09484,2026-06-11 15:23:18,treatment,0
USR_19728,2026-06-11 15:23:23,control,0
USR_06361,2026-06-11 15:23:26,treatment,0
USR_03212,2026-06-11 15:23:54,control,0
USR_01631,2026-06-11 15:24:19,treatment,0
USR_07031,2026-06-11 15:24:26,control,0
USR_09403,2026-06-11 15:25:40,treatment,0
USR_00343,2026-06-11 15:30:46,control,0
USR_19446,2026-06-11 15:30:59,treatment,0
USR_18590,2026-06-11 15:31:14,treatment,1
USR_07868,2026-06-11 15:31:18,control,0
USR_01696,2026-06-11 15:31:40,control,0
USR_11975,2026-06-11 15:31:55,treatment,0
USR_17922,2026-06-11 15:31:57,treatment,0
USR_07627,2026-06-11 15:32:39,control,0
USR_06785,2026-06-11 15:33:43,control,0
USR_10956,2026-06-11 15:36:02,treatment,0
USR_03863,2026-06-11 15:36:54,treatment,0
USR_18260,2026-06-11 15:38:22,control,0
USR_15268,2026-06-11 15:39:26,control,0
USR_17709,2026-06-11 15:40:23,control,0
USR_06824,2026-06-11 15:41:56,control,0
USR_08329,2026-06-11 15:43:22,control,0
USR_08317,2026-06-11 15:43:57,treatment,1
USR_12136,2026-06-11 15:44:05,control,0
USR_02007,2026-06-11 15:44:15,treatment,0
USR_07550,2026-06-11 15:44:22,treatment,0
USR_14384,2026-06-11 15:47:25,control,0
USR_10399,2026-06-11 15:47:31,control,0
USR_03260,2026-06-11 15:49:17,control,0
USR_11900,2026-06-11 15:49:22,control,0
USR_12255,2026-06-11 15:49:26,control,0
USR_15388,2026-06-11 15:49:28,control,0
USR_19694,2026-06-11 15:49:45,control,0
USR_03985,2026-06-11 15:49:54,treatment,0
USR_18165,2026-06-11 15:52:42,control,0
USR_00852,2026-06-11 15:54:23,control,0
USR_08991,2026-06-11 15:56:12,control,0
USR_12310,2026-06-11 15:58:30,control,0
USR_16557,2026-06-11 15:58:59,treatment,0
USR_01246,2026-06-11 15:59:01,control,0
USR_01865,2026-06-11 16:00:14,control,0
USR_08811,2026-06-11 16:01:07,treatment,0
USR_06969,2026-06-11 16:01:46,control,0
USR_06651,2026-06-11 16:01:57,control,0
USR_08108,2026-06-11 16:03:08,treatment,1
USR_01833,2026-06-11 16:03:29,treatment,0
USR_19509,2026-06-11 16:04:15,control,0
USR_02010,2026-06-11 16:06:03,control,0
USR_18903,2026-06-11 16:09:23,treatment,0
USR_10340,2026-06-11 16:09:41,control,0
USR_04861,2026-06-11 16:12:17,treatment,0
USR_00164,2026-06-11 16:12:26,control,0
USR_08612,2026-06-11 16:12:31,treatment,0
USR_05398,2026-06-11 16:13:00,control,0
USR_18546,2026-06-11 16:13:38,treatment,0
USR_19585,2026-06-11 16:14:20,treatment,0
USR_04731,2026-06-11 16:14:43,control,0
USR_02507,2026-06-11 16:15:00,control,0
USR_00280,2026-06-11 16:15:48,control,0
USR_12067,2026-06-11 16:17:27,control,0
USR_02524,2026-06-11 16:19:58,treatment,0
USR_18630,2026-06-11 16:21:15,treatment,0
USR_15251,2026-06-11 16:21:31,control,0
USR_13803,2026-06-11 16:21:41,control,0
USR_09423,2026-06-11 16:22:30,control,0
USR_18625,2026-06-11 16:22:39,control,0
USR_07276,2026-06-11 16:22:52,treatment,0
USR_18798,2026-06-11 16:26:31,treatment,0
USR_15064,2026-06-11 16:27:53,treatment,0
USR_16993,2026-06-11 16:30:49,treatment,0
USR_15984,2026-06-11 16:32:10,control,0
USR_17501,2026-06-11 16:33:18,control,0
USR_10689,2026-06-11 16:37:19,treatment,0
USR_19152,2026-06-11 16:38:43,control,0
USR_09144,2026-06-11 16:39:24,control,0
USR_17466,2026-06-11 16:40:43,treatment,0
USR_02882,2026-06-11 16:41:25,control,0
USR_06575,2026-06-11 16:42:12,control,0
USR_07376,2026-06-11 16:42:25,control,0
USR_09696,2026-06-11 16:42:26,control,0
USR_13606,2026-06-11 16:45:00,control,0
USR_11158,2026-06-11 16:45:24,treatment,0
USR_07754,2026-06-11 16:45:38,control,0
USR_18578,2026-06-11 16:49:53,control,0
USR_03319,2026-06-11 16:51:25,control,0
USR_09518,2026-06-11 16:51:25,treatment,0
USR_16029,2026-06-11 16:55:09,control,0
USR_08567,2026-06-11 16:58:31,treatment,0
USR_11658,2026-06-11 16:58:51,treatment,0
USR_14527,2026-06-11 16:58:56,treatment,0
USR_19587,2026-06-11 16:59:09,treatment,0
USR_01617,2026-06-11 16:59:52,control,0
USR_00510,2026-06-11 16:59:55,control,0
USR_08965,2026-06-11 17:05:19,treatment,0
USR_01809,2026-06-11 17:07:16,control,0
USR_07343,2026-06-11 17:07:26,control,0
USR_00130,2026-06-11 17:07:52,treatment,0
USR_06179,2026-06-11 17:08:31,treatment,1
USR_01218,2026-06-11 17:10:05,control,0
USR_15777,2026-06-11 17:10:39,treatment,0
USR_06569,2026-06-11 17:11:51,control,0
USR_18793,2026-06-11 17:13:17,treatment,0
USR_02636,2026-06-11 17:14:13,control,0
USR_04821,2026-06-11 17:16:25,control,0
USR_04156,2026-06-11 17:16:36,control,0
USR_14076,2026-06-11 17:16:50,control,0
USR_11801,2026-06-11 17:17:40,control,0
USR_02030,2026-06-11 17:19:41,control,0
USR_14330,2026-06-11 17:21:02,treatment,0
USR_18959,2026-06-11 17:21:26,control,0
USR_12945,2026-06-11 17:23:30,treatment,0
USR_08605,2026-06-11 17:23:34,treatment,1
USR_07241,2026-06-11 17:23:47,control,0
USR_03072,2026-06-11 17:24:06,control,0
USR_12243,2026-06-11 17:25:19,control,0
USR_17875,2026-06-11 17:25:23,control,1
USR_12340,2026-06-11 17:27:02,treatment,0
USR_03816,2026-06-11 17:27:03,control,0
USR_17440,2026-06-11 17:28:45,treatment,1
USR_00127,2026-06-11 17:30:41,treatment,0
USR_01303,2026-06-11 17:31:49,treatment,0
USR_14818,2026-06-11 17:33:57,control,0
USR_13518,2026-06-11 17:34:07,control,0
USR_16545,2026-06-11 17:34:32,control,0
USR_05530,2026-06-11 17:37:26,treatment,0
USR_06217,2026-06-11 17:39:43,control,0
USR_09674,2026-06-11 17:39:50,control,0
USR_05866,2026-06-11 17:41:02,control,0
USR_17649,2026-06-11 17:41:47,control,0
USR_10179,2026-06-11 17:42:47,control,0
USR_10837,2026-06-11 17:43:58,control,0
USR_06166,2026-06-11 17:44:11,control,1
USR_05088,2026-06-11 17:45:15,control,0
USR_02148,2026-06-11 17:45:18,treatment,0
USR_09972,2026-06-11 17:46:29,treatment,0
USR_19126,2026-06-11 17:47:01,control,0
USR_05751,2026-06-11 17:47:26,control,0
USR_14532,2026-06-11 17:47:31,control,0
USR_14640,2026-06-11 17:52:55,treatment,0
USR_09940,2026-06-11 17:53:16,treatment,0
USR_08495,2026-06-11 17:53:19,control,0
USR_08003,2026-06-11 17:54:52,treatment,0
USR_11043,2026-06-11 17:55:12,control,0
USR_14669,2026-06-11 17:55:38,control,0
USR_19264,2026-06-11 17:57:01,control,1
USR_15833,2026-06-11 17:57:55,control,0
USR_06244,2026-06-11 17:59:22,control,0
USR_13533,2026-06-11 17:59:48,control,0
USR_04978,2026-06-11 18:02:11,control,0
USR_19799,2026-06-11 18:02:47,treatment,1
USR_15213,2026-06-11 18:03:12,treatment,0
USR_17776,2026-06-11 18:03:13,control,0
USR_16146,2026-06-11 18:05:34,control,0
USR_09572,2026-06-11 18:06:26,control,0
USR_17237,2026-06-11 18:07:26,treatment,0
USR_18858,2026-06-11 18:08:04,control,0
USR_14564,2026-06-11 18:08:12,control,0
USR_10070,2026-06-11 18:08:29,control,0
USR_07918,2026-06-11 18:08:39,treatment,0
USR_07881,2026-06-11 18:09:13,control,0
USR_09220,2026-06-11 18:10:20,treatment,0
USR_09618,2026-06-11 18:10:36,treatment,0
USR_05625,2026-06-11 18:11:04,treatment,1
USR_09364,2026-06-11 18:12:15,control,0
USR_04787,2026-06-11 18:12:42,treatment,0
USR_00735,2026-06-11 18:13:16,control,0
USR_05023,2026-06-11 18:14:18,treatment,0
USR_11360,2026-06-11 18:14:44,treatment,0
USR_01719,2026-06-11 18:16:04,treatment,0
USR_12396,2026-06-11 18:17:20,treatment,0
USR_01527,2026-06-11 18:18:08,control,0
USR_17566,2026-06-11 18:21:58,treatment,0
USR_16582,2026-06-11 18:22:29,treatment,0
USR_05586,2026-06-11 18:24:54,treatment,0
USR_03961,2026-06-11 18:26:45,treatment,0
USR_03203,2026-06-11 18:29:30,control,0
USR_06221,2026-06-11 18:31:00,treatment,0
USR_16928,2026-06-11 18:32:55,control,0
USR_13411,2026-06-11 18:33:31,control,0
USR_07232,2026-06-11 18:34:17,control,0
USR_04204,2026-06-11 18:34:33,control,0
USR_18100,2026-06-11 18:35:11,control,0
USR_00816,2026-06-11 18:35:48,treatment,0
USR_15869,2026-06-11 18:35:53,control,0
USR_08478,2026-06-11 18:36:54,control,0
USR_13463,2026-06-11 18:37:05,control,0
USR_16209,2026-06-11 18:39:45,treatment,0
USR_06848,2026-06-11 18:39:50,control,0
USR_11108,2026-06-11 18:41:59,treatment,0
USR_17421,2026-06-11 18:42:16,control,1
USR_11050,2026-06-11 18:42:40,treatment,0
USR_16154,2026-06-11 18:42:50,treatment,0
USR_08288,2026-06-11 18:42:54,treatment,0
USR_19899,2026-06-11 18:43:50,control,0
USR_19017,2026-06-11 18:44:26,treatment,1
USR_05670,2026-06-11 18:47:26,treatment,1
USR_00745,2026-06-11 18:48:06,treatment,0
USR_16700,2026-06-11 18:50:11,control,0
USR_01227,2026-06-11 18:51:06,treatment,0
USR_17030,2026-06-11 18:53:08,treatment,0
USR_01917,2026-06-11 18:53:57,treatment,0
USR_17865,2026-06-11 18:54:46,control,0
USR_08346,2026-06-11 18:56:13,treatment,0
USR_07269,2026-06-11 18:56:49,control,0
USR_01139,2026-06-11 19:00:03,treatment,0
USR_13020,2026-06-11 19:00:07,control,0
USR_08178,2026-06-11 19:00:54,control,0
USR_03331,2026-06-11 19:02:48,treatment,0
USR_11666,2026-06-11 19:03:45,control,0
USR_15614,2026-06-11 19:05:06,control,0
USR_08429,2026-06-11 19:05:27,treatment,0
USR_15391,2026-06-11 19:06:03,control,0
USR_13528,2026-06-11 19:06:51,treatment,1
USR_05687,2026-06-11 19:07:33,control,0
USR_16702,2026-06-11 19:08:11,treatment,0
USR_17888,2026-06-11 19:09:55,treatment,0
USR_07433,2026-06-11 19:11:30,treatment,0
USR_05475,2026-06-11 19:14:04,treatment,0
USR_13774,2026-06-11 19:14:23,treatment,0
USR_07148,2026-06-11 19:16:51,control,0
USR_04377,2026-06-11 19:21:17,treatment,0
USR_07751,2026-06-11 19:21:25,treatment,0
USR_19081,2026-06-11 19:21:26,control,1
USR_18350,2026-06-11 19:21:59,treatment,0
USR_02799,2026-06-11 19:25:29,treatment,0
USR_01871,2026-06-11 19:26:45,treatment,0
USR_02009,2026-06-11 19:28:14,control,0
USR_13476,2026-06-11 19:29:23,control,0
USR_06448,2026-06-11 19:30:47,treatment,0
USR_00691,2026-06-11 19:30:53,treatment,0
USR_04153,2026-06-11 19:30:57,control,0
USR_05567,2026-06-11 19:31:43,treatment,0
USR_04653,2026-06-11 19:31:56,treatment,0
USR_17014,2026-06-11 19:32:24,treatment,0
USR_19147,2026-06-11 19:32:59,control,0
USR_18851,2026-06-11 19:35:58,control,0
USR_14547,2026-06-11 19:36:30,treatment,0
USR_10692,2026-06-11 19:38:10,treatment,0
USR_17100,2026-06-11 19:38:48,treatment,0
USR_14962,2026-06-11 19:38:59,control,0
USR_16785,2026-06-11 19:41:42,control,0
USR_09833,2026-06-11 19:41:45,treatment,0
USR_09068,2026-06-11 19:43:29,treatment,0
USR_00188,2026-06-11 19:44:45,control,1
USR_10100,2026-06-11 19:45:11,treatment,0
USR_00409,2026-06-11 19:47:46,control,0
USR_05826,2026-06-11 19:50:24,treatment,0
USR_16728,2026-06-11 19:50:26,treatment,0
USR_10164,2026-06-11 19:53:07,control,0
USR_12152,2026-06-11 19:53:50,control,0
USR_00713,2026-06-11 19:55:31,control,0
USR_06015,2026-06-11 19:56:05,control,0
USR_19708,2026-06-11 19:56:10,treatment,0
USR_11120,2026-06-11 19:56:41,control,0
USR_18070,2026-06-11 19:56:42,control,0
USR_00207,2026-06-11 19:58:06,control,0
USR_00661,2026-06-11 19:58:12,treatment,0
USR_10290,2026-06-11 19:58:13,control,0
USR_02859,2026-06-11 20:00:25,control,0
USR_06047,2026-06-11 20:01:33,control,0
USR_18910,2026-06-11 20:02:16,treatment,0
USR_13288,2026-06-11 20:02:23,control,0
USR_08062,2026-06-11 20:03:00,control,0
USR_15750,2026-06-11 20:03:39,treatment,0
USR_07012,2026-06-11 20:07:04,control,0
USR_00714,2026-06-11 20:07:16,treatment,0
USR_08596,2026-06-11 20:08:33,control,1
USR_05512,2026-06-11 20:09:18,control,0
USR_13386,2026-06-11 20:10:27,treatment,0
USR_05735,2026-06-11 20:11:12,control,0
USR_05986,2026-06-11 20:11:21,treatment,0
USR_19577,2026-06-11 20:13:42,treatment,0
USR_17536,2026-06-11 20:15:45,treatment,0
USR_00597,2026-06-11 20:16:03,control,0
USR_04013,2026-06-11 20:16:16,treatment,0
USR_07718,2026-06-11 20:17:16,treatment,0
USR_16514,2026-06-11 20:17:22,treatment,0
USR_17402,2026-06-11 20:18:14,control,0
USR_12411,2026-06-11 20:18:55,treatment,0
USR_05012,2026-06-11 20:20:28,control,0
USR_04747,2026-06-11 20:21:44,treatment,0
USR_06039,2026-06-11 20:22:39,treatment,0
USR_03715,2026-06-11 20:23:22,treatment,0
USR_12960,2026-06-11 20:23:56,control,0
USR_16734,2026-06-11 20:25:40,treatment,0
USR_13724,2026-06-11 20:25:51,treatment,0
USR_17215,2026-06-11 20:26:27,control,0
USR_07920,2026-06-11 20:27:15,treatment,0
USR_08797,2026-06-11 20:27:15,treatment,0
USR_00441,2026-06-11 20:27:46,treatment,0
USR_09445,2026-06-11 20:30:45,control,0
USR_18821,2026-06-11 20:33:12,treatment,0
USR_10557,2026-06-11 20:34:01,treatment,0
USR_04902,2026-06-11 20:34:14,treatment,0
USR_13363,2026-06-11 20:37:10,treatment,0
USR_05201,2026-06-11 20:38:30,control,0
USR_18532,2026-06-11 20:39:42,control,0
USR_13623,2026-06-11 20:42:08,treatment,0
USR_08940,2026-06-11 20:44:31,control,0
USR_14497,2026-06-11 20:45:27,treatment,0
USR_08456,2026-06-11 20:45:45,treatment,0
USR_08546,2026-06-11 20:47:23,control,0
USR_02526,2026-06-11 20:48:46,control,0
USR_16438,2026-06-11 20:48:51,control,0
USR_06961,2026-06-11 20:52:39,control,0
USR_06463,2026-06-11 20:53:49,treatment,0
USR_12518,2026-06-11 20:54:28,treatment,0
USR_10316,2026-06-11 20:54:55,control,0
USR_17035,2026-06-11 20:58:08,control,0
USR_13152,2026-06-11 21:00:44,control,0
USR_14390,2026-06-11 21:04:24,treatment,0
USR_00807,2026-06-11 21:05:16,control,0
USR_16533,2026-06-11 21:06:02,treatment,0
USR_04885,2026-06-11 21:08:21,control,0
USR_11098,2026-06-11 21:10:31,control,0
USR_00736,2026-06-11 21:13:24,treatment,0
USR_15574,2026-06-11 21:14:03,treatment,0
USR_05634,2026-06-11 21:17:17,control,0
USR_07369,2026-06-11 21:20:58,control,0
USR_01197,2026-06-11 21:22:03,control,0
USR_05338,2026-06-11 21:23:03,control,0
USR_00990,2026-06-11 21:24:07,control,0
USR_07830,2026-06-11 21:24:17,control,0
USR_05200,2026-06-11 21:25:24,control,0
USR_07474,2026-06-11 21:26:56,treatment,0
USR_14545,2026-06-11 21:27:04,treatment,0
USR_01172,2026-06-11 21:28:44,control,0
USR_03425,2026-06-11 21:30:55,treatment,1
USR_06724,2026-06-11 21:31:51,treatment,0
USR_04065,2026-06-11 21:32:39,control,0
USR_05913,2026-06-11 21:33:34,treatment,0
USR_06268,2026-06-11 21:33:55,control,0
USR_11938,2026-06-11 21:36:00,control,0
USR_03509,2026-06-11 21:37:03,control,0
USR_11520,2026-06-11 21:37:36,treatment,0
USR_10568,2026-06-11 21:38:38,treatment,0
USR_10000,2026-06-11 21:39:08,treatment,1
USR_15422,2026-06-11 21:39:27,control,0
USR_06720,2026-06-11 21:39:54,treatment,0
USR_00731,2026-06-11 21:39:55,treatment,0
USR_13747,2026-06-11 21:40:39,treatment,0
USR_14000,2026-06-11 21:42:42,control,0
USR_12037,2026-06-11 21:43:12,control,0
USR_16698,2026-06-11 21:43:42,treatment,0
USR_03498,2026-06-11 21:44:40,control,1
USR_16288,2026-06-11 21:44:55,treatment,0
USR_19133,2026-06-11 21:45:09,control,0
USR_19183,2026-06-11 21:45:17,treatment,0
USR_00216,2026-06-11 21:45:33,control,0
USR_11312,2026-06-11 21:47:05,treatment,0
USR_11984,2026-06-11 21:47:44,treatment,1
USR_00572,2026-06-11 21:48:32,treatment,0
USR_06138,2026-06-11 21:49:29,control,0
USR_05760,2026-06-11 21:49:53,control,0
USR_03120,2026-06-11 21:51:38,control,0
USR_11996,2026-06-11 21:51:43,treatment,0
USR_05916,2026-06-11 21:52:59,control,0
USR_16372,2026-06-11 21:53:40,treatment,0
USR_10654,2026-06-11 21:54:45,control,0
USR_17322,2026-06-11 21:55:20,control,0
USR_18902,2026-06-11 21:56:16,control,1
USR_04547,2026-06-11 21:57:36,treatment,0
USR_15822,2026-06-11 21:58:31,treatment,0
USR_18342,2026-06-11 22:01:17,treatment,0
USR_15580,2026-06-11 22:02:48,treatment,0
USR_02438,2026-06-11 22:03:14,control,0
USR_08222,2026-06-11 22:03:30,control,1
USR_12731,2026-06-11 22:05:23,control,0
USR_18635,2026-06-11 22:05:39,control,0
USR_03452,2026-06-11 22:06:33,control,0
USR_18509,2026-06-11 22:06:57,treatment,0
USR_07536,2026-06-11 22:07:09,control,0
USR_10760,2026-06-11 22:07:16,control,0
USR_16532,2026-06-11 22:08:02,treatment,0
USR_17513,2026-06-11 22:09:21,treatment,0
USR_03238,2026-06-11 22:09:48,treatment,0
USR_03579,2026-06-11 22:09:51,control,0
USR_18878,2026-06-11 22:10:08,control,0
USR_04550,2026-06-11 22:10:16,treatment,0
USR_06192,2026-06-11 22:11:07,control,0
USR_00633,2026-06-11 22:11:15,treatment,0
USR_08510,2026-06-11 22:15:19,control,0
USR_06758,2026-06-11 22:17:31,control,1
USR_01297,2026-06-11 22:22:50,control,0
USR_04603,2026-06-11 22:23:44,control,0
USR_05074,2026-06-11 22:25:09,treatment,0
USR_06271,2026-06-11 22:26:18,treatment,0
USR_09287,2026-06-11 22:26:31,treatment,0
USR_02815,2026-06-11 22:28:09,control,0
USR_19122,2026-06-11 22:32:53,treatment,0
USR_19140,2026-06-11 22:33:51,control,0
USR_13146,2026-06-11 22:34:01,treatment,0
USR_09156,2026-06-11 22:34:06,control,0
USR_17812,2026-06-11 22:36:09,control,0
USR_18996,2026-06-11 22:36:10,control,0
USR_10200,2026-06-11 22:37:06,treatment,0
USR_06038,2026-06-11 22:37:51,treatment,0
USR_12524,2026-06-11 22:39:01,control,0
USR_17844,2026-06-11 22:39:46,treatment,0
USR_10527,2026-06-11 22:40:03,control,0
USR_10821,2026-06-11 22:40:19,treatment,0
USR_02096,2026-06-11 22:41:25,control,0
USR_07674,2026-06-11 22:41:31,control,0
USR_07601,2026-06-11 22:41:49,control,0
USR_09347,2026-06-11 22:42:16,control,0
USR_19967,2026-06-11 22:42:52,control,0
USR_17834,2026-06-11 22:43:00,treatment,0
USR_19376,2026-06-11 22:44:04,control,0
USR_12723,2026-06-11 22:45:57,control,0
USR_01086,2026-06-11 22:48:29,treatment,1
USR_07901,2026-06-11 22:49:35,control,0
USR_19254,2026-06-11 22:49:42,control,0
USR_10727,2026-06-11 22:51:41,treatment,0
USR_18142,2026-06-11 22:54:23,control,0
USR_04507,2026-06-11 22:55:15,control,0
USR_19824,2026-06-11 22:55:20,treatment,0
USR_03398,2026-06-11 22:56:43,control,0
USR_07529,2026-06-11 22:58:18,control,0
USR_05743,2026-06-11 22:58:38,control,0
USR_06366,2026-06-11 22:59:54,control,0
USR_04738,2026-06-11 23:01:15,control,0
USR_07596,2026-06-11 23:01:43,treatment,0
USR_04224,2026-06-11 23:03:11,treatment,0
USR_10134,2026-06-11 23:04:39,treatment,0
USR_10706,2026-06-11 23:05:42,treatment,0
USR_00574,2026-06-11 23:06:05,control,0
USR_16751,2026-06-11 23:06:33,control,0
USR_03907,2026-06-11 23:09:03,treatment,0
USR_02616,2026-06-11 23:10:07,control,0
USR_04955,2026-06-11 23:11:51,treatment,0
USR_01775,2026-06-11 23:12:22,control,0
USR_19166,2026-06-11 23:12:41,treatment,0
USR_02480,2026-06-11 23:13:08,treatment,0
USR_00383,2026-06-11 23:13:53,treatment,0
USR_16400,2026-06-11 23:14:37,control,0
USR_04407,2026-06-11 23:15:11,control,0
USR_03772,2026-06-11 23:15:36,control,0
USR_05010,2026-06-11 23:15:52,control,0
USR_05802,2026-06-11 23:16:34,control,0
USR_10339,2026-06-11 23:16:42,control,0
USR_07786,2026-06-11 23:17:03,control,0
USR_15928,2026-06-11 23:18:19,treatment,0
USR_02388,2026-06-11 23:20:21,control,0
USR_01914,2026-06-11 23:21:00,control,0
USR_19936,2026-06-11 23:21:44,treatment,0
USR_06820,2026-06-11 23:22:04,treatment,0
USR_16019,2026-06-11 23:23:09,control,0
USR_01221,2026-06-11 23:23:39,treatment,0
USR_17549,2026-06-11 23:24:35,control,0
USR_01994,2026-06-11 23:27:18,control,0
USR_19334,2026-06-11 23:27:45,control,0
USR_07379,2026-06-11 23:27:50,control,0
USR_16050,2026-06-11 23:30:11,control,0
USR_17330,2026-06-11 23:30:18,treatment,0
USR_05685,2026-06-11 23:31:39,control,0
USR_18916,2026-06-11 23:31:56,control,0
USR_14063,2026-06-11 23:32:10,treatment,0
USR_07648,2026-06-11 23:33:28,treatment,0
USR_07663,2026-06-11 23:33:56,treatment,0
USR_10089,2026-06-11 23:34:03,control,0
USR_18245,2026-06-11 23:34:12,treatment,0
USR_06681,2026-06-11 23:38:06,control,0
USR_03296,2026-06-11 23:38:43,treatment,0
USR_09249,2026-06-11 23:38:52,treatment,0
USR_01618,2026-06-11 23:40:45,treatment,0
USR_13779,2026-06-11 23:41:35,treatment,0
USR_11917,2026-06-11 23:41:49,control,0
USR_11149,2026-06-11 23:42:04,treatment,0
USR_06441,2026-06-11 23:42:09,treatment,0
USR_02551,2026-06-11 23:42:35,treatment,0
USR_07229,2026-06-11 23:42:41,treatment,0
USR_15330,2026-06-11 23:43:51,treatment,0
USR_03676,2026-06-11 23:45:05,control,0
USR_07050,2026-06-11 23:45:28,control,0
USR_00945,2026-06-11 23:45:33,treatment,0
USR_15744,2026-06-11 23:45:56,control,0
USR_13804,2026-06-11 23:46:51,treatment,0
USR_17630,2026-06-11 23:47:00,control,0
USR_17838,2026-06-11 23:47:39,treatment,0
USR_16619,2026-06-11 23:51:35,control,0
USR_07509,2026-06-11 23:51:36,treatment,1
USR_07838,2026-06-11 23:52:14,control,0
USR_00654,2026-06-11 23:55:02,control,0
USR_19625,2026-06-11 23:56:32,treatment,1
USR_14635,2026-06-11 23:57:33,control,0
USR_09706,2026-06-11 23:59:12,treatment,1
USR_08914,2026-06-11 23:59:24,control,0
USR_10250,2026-06-12 00:00:03,control,0
USR_15238,2026-06-12 00:00:47,treatment,0
USR_16009,2026-06-12 00:01:02,control,0
USR_12583,2026-06-12 00:01:50,control,0
USR_14570,2026-06-12 00:02:23,control,0
USR_06600,2026-06-12 00:03:10,treatment,0
USR_04464,2026-06-12 00:05:35,control,0
USR_14069,2026-06-12 00:05:39,control,0
USR_18738,2026-06-12 00:05:50,control,0
USR_10485,2026-06-12 00:06:50,control,0
USR_00189,2026-06-12 00:07:14,treatment,1
USR_10662,2026-06-12 00:08:09,treatment,0
USR_16241,2026-06-12 00:09:09,control,0
USR_19467,2026-06-12 00:09:48,treatment,0
USR_15956,2026-06-12 00:10:15,treatment,0
USR_19907,2026-06-12 00:10:38,treatment,0
USR_16834,2026-06-12 00:10:54,control,0
USR_05057,2026-06-12 00:10:55,treatment,0
USR_02513,2026-06-12 00:11:25,treatment,0
USR_19770,2026-06-12 00:13:50,treatment,0
USR_03213,2026-06-12 00:14:55,treatment,0
USR_10097,2026-06-12 00:15:16,treatment,0
USR_15713,2026-06-12 00:15:36,control,0
USR_00695,2026-06-12 00:16:00,control,0
USR_14963,2026-06-12 00:16:34,control,0
USR_15320,2026-06-12 00:17:39,treatment,0
USR_02163,2026-06-12 00:17:57,treatment,0
USR_09749,2026-06-12 00:18:16,treatment,0
USR_14618,2026-06-12 00:18:51,control,0
USR_14880,2026-06-12 00:19:09,control,0
USR_17427,2026-06-12 00:20:22,treatment,0
USR_04853,2026-06-12 00:24:59,treatment,0
USR_12102,2026-06-12 00:24:59,control,0
USR_08974,2026-06-12 00:26:30,treatment,0
USR_04463,2026-06-12 00:27:37,treatment,0
USR_14821,2026-06-12 00:27:41,treatment,0
USR_16821,2026-06-12 00:27:46,control,1
USR_02741,2026-06-12 00:28:25,treatment,0
USR_16617,2026-06-12 00:29:08,control,0
USR_18679,2026-06-12 00:30:07,control,1
USR_09303,2026-06-12 00:30:20,treatment,0
USR_02712,2026-06-12 00:31:43,control,0
USR_16478,2026-06-12 00:32:04,treatment,0
USR_11115,2026-06-12 00:32:10,treatment,1
USR_13741,2026-06-12 00:34:06,treatment,0
USR_19043,2026-06-12 00:35:10,control,0
USR_01048,2026-06-12 00:38:58,treatment,0
USR_17249,2026-06-12 00:39:07,control,0
USR_06947,2026-06-12 00:40:45,control,0
USR_01722,2026-06-12 00:43:26,control,0
USR_03175,2026-06-12 00:43:27,control,0
USR_08200,2026-06-12 00:44:55,treatment,0
USR_03042,2026-06-12 00:46:49,treatment,0
USR_19335,2026-06-12 00:48:17,treatment,0
USR_11590,2026-06-12 00:49:02,treatment,0
USR_02588,2026-06-12 00:49:43,treatment,0
USR_01346,2026-06-12 00:49:53,treatment,0
USR_03736,2026-06-12 00:49:58,control,0
USR_07373,2026-06-12 00:50:49,control,0
USR_08679,2026-06-12 00:51:56,treatment,0
USR_18876,2026-06-12 00:52:04,control,0
USR_07397,2026-06-12 00:52:13,treatment,0
USR_05610,2026-06-12 00:54:48,treatment,0
USR_06752,2026-06-12 00:56:02,control,0
USR_16859,2026-06-12 00:56:17,control,1
USR_02594,2026-06-12 00:56:27,control,1
USR_08918,2026-06-12 00:56:39,treatment,0
USR_18507,2026-06-12 00:57:43,control,0
USR_16285,2026-06-12 00:58:42,control,0
USR_16042,2026-06-12 00:59:04,control,0
USR_09959,2026-06-12 00:59:05,treatment,0
USR_04744,2026-06-12 00:59:07,control,0
USR_13131,2026-06-12 00:59:13,control,0
USR_03301,2026-06-12 00:59:42,control,0
USR_06815,2026-06-12 01:00:53,control,0
USR_01200,2026-06-12 01:01:28,control,0
USR_07978,2026-06-12 01:01:50,treatment,0
USR_17851,2026-06-12 01:01:54,control,0
USR_16985,2026-06-12 01:02:13,treatment,0
USR_17680,2026-06-12 01:03:44,treatment,0
USR_04528,2026-06-12 01:04:23,treatment,0
USR_16877,2026-06-12 01:04:55,treatment,0
USR_12414,2026-06-12 01:05:49,treatment,0
USR_15975,2026-06-12 01:06:11,treatment,0
USR_06964,2026-06-12 01:07:23,treatment,1
USR_03143,2026-06-12 01:07:53,control,0
USR_18469,2026-06-12 01:08:07,treatment,0
USR_09033,2026-06-12 01:08:13,control,0
USR_17666,2026-06-12 01:09:37,treatment,1
USR_09903,2026-06-12 01:10:58,control,0
USR_03630,2026-06-12 01:12:09,treatment,0
USR_11657,2026-06-12 01:12:57,control,0
USR_17021,2026-06-12 01:15:05,control,0
USR_17609,2026-06-12 01:16:21,treatment,0
USR_04841,2026-06-12 01:17:04,treatment,0
USR_11219,2026-06-12 01:19:24,treatment,0
USR_14988,2026-06-12 01:20:08,treatment,1
USR_09441,2026-06-12 01:20:46,treatment,0
USR_14297,2026-06-12 01:21:16,control,0
USR_08515,2026-06-12 01:22:32,treatment,0
USR_05597,2026-06-12 01:22:33,control,0
USR_09439,2026-06-12 01:23:52,control,0
USR_19877,2026-06-12 01:23:57,control,0
USR_16805,2026-06-12 01:24:32,control,0
USR_15628,2026-06-12 01:27:57,control,0
USR_04436,2026-06-12 01:30:01,treatment,0
USR_14389,2026-06-12 01:30:33,treatment,0
USR_09997,2026-06-12 01:31:57,control,0
USR_13405,2026-06-12 01:33:47,treatment,0
USR_00786,2026-06-12 01:34:09,treatment,0
USR_08998,2026-06-12 01:35:08,control,0
USR_00357,2026-06-12 01:37:45,treatment,0
USR_06101,2026-06-12 01:38:50,treatment,0
USR_02297,2026-06-12 01:39:51,control,0
USR_16581,2026-06-12 01:40:18,treatment,0
USR_19366,2026-06-12 01:40:44,control,0
USR_08172,2026-06-12 01:43:28,control,0
USR_17952,2026-06-12 01:43:33,control,0
USR_02468,2026-06-12 01:43:50,treatment,0
USR_10542,2026-06-12 01:45:03,control,0
USR_12836,2026-06-12 01:45:06,treatment,0
USR_12034,2026-06-12 01:49:10,treatment,0
USR_12757,2026-06-12 01:50:56,treatment,0
USR_02838,2026-06-12 01:52:37,treatment,0
USR_17786,2026-06-12 01:52:57,treatment,0
USR_18388,2026-06-12 01:53:42,treatment,0
USR_01173,2026-06-12 01:55:08,treatment,0
USR_15397,2026-06-12 01:55:45,treatment,0
USR_18224,2026-06-12 01:55:52,treatment,0
USR_03431,2026-06-12 01:55:56,control,0
USR_03126,2026-06-12 01:58:19,treatment,0
USR_00116,2026-06-12 01:59:00,treatment,0
USR_18059,2026-06-12 02:00:02,control,0
USR_18160,2026-06-12 02:01:14,control,0
USR_15848,2026-06-12 02:01:24,treatment,1
USR_08631,2026-06-12 02:02:13,control,0
USR_12197,2026-06-12 02:03:18,control,0
USR_08150,2026-06-12 02:03:29,control,1
USR_07884,2026-06-12 02:04:02,control,0
USR_05811,2026-06-12 02:04:19,control,0
USR_05078,2026-06-12 02:04:30,treatment,0
USR_06582,2026-06-12 02:04:37,control,0
USR_11653,2026-06-12 02:05:03,control,0
USR_14318,2026-06-12 02:05:30,treatment,0
USR_07274,2026-06-12 02:05:53,treatment,1
USR_13671,2026-06-12 02:05:56,control,0
USR_18666,2026-06-12 02:06:20,control,0
USR_06131,2026-06-12 02:06:31,control,0
USR_00165,2026-06-12 02:07:01,treatment,0
USR_11633,2026-06-12 02:08:45,treatment,0
USR_11592,2026-06-12 02:09:00,control,0
USR_10197,2026-06-12 02:09:06,treatment,0
USR_00118,2026-06-12 02:09:21,control,0
USR_00268,2026-06-12 02:09:40,control,0
USR_06195,2026-06-12 02:09:55,control,0
USR_09854,2026-06-12 02:10:13,treatment,0
USR_08077,2026-06-12 02:10:25,control,0
USR_00400,2026-06-12 02:11:21,control,0
USR_02364,2026-06-12 02:12:44,control,0
USR_04047,2026-06-12 02:13:24,control,0
USR_04849,2026-06-12 02:13:51,treatment,0
USR_10255,2026-06-12 02:14:21,control,0
USR_10354,2026-06-12 02:16:03,control,0
USR_18446,2026-06-12 02:17:58,treatment,0
USR_01271,2026-06-12 02:18:09,control,0
USR_09632,2026-06-12 02:18:29,treatment,0
USR_17068,2026-06-12 02:20:10,control,0
USR_16141,2026-06-12 02:22:49,treatment,0
USR_04713,2026-06-12 02:22:56,control,0
USR_05850,2026-06-12 02:23:24,control,0
USR_12372,2026-06-12 02:24:19,control,0
USR_17733,2026-06-12 02:24:53,control,0
USR_02264,2026-06-12 02:25:06,control,0
USR_10393,2026-06-12 02:25:35,treatment,0
USR_09857,2026-06-12 02:26:32,control,0
USR_11983,2026-06-12 02:27:15,control,0
USR_14591,2026-06-12 02:27:56,treatment,0
USR_16713,2026-06-12 02:27:58,treatment,0
USR_03603,2026-06-12 02:28:32,control,0
USR_01367,2026-06-12 02:31:54,control,0
USR_17773,2026-06-12 02:33:10,control,0
USR_05692,2026-06-12 02:36:49,treatment,1
USR_03380,2026-06-12 02:38:04,control,0
USR_18705,2026-06-12 02:38:11,treatment,1
USR_15914,2026-06-12 02:39:58,treatment,0
USR_02955,2026-06-12 02:40:50,control,0
USR_11467,2026-06-12 02:41:49,control,0
USR_00308,2026-06-12 02:42:40,treatment,0
USR_07008,2026-06-12 02:43:16,treatment,0
USR_03563,2026-06-12 02:43:18,treatment,0
USR_00623,2026-06-12 02:44:35,treatment,0
USR_11359,2026-06-12 02:44:55,treatment,0
USR_05596,2026-06-12 02:47:06,control,0
USR_10317,2026-06-12 02:47:10,treatment,0
USR_03617,2026-06-12 02:47:32,treatment,0
USR_12042,2026-06-12 02:48:21,control,0
USR_18944,2026-06-12 02:49:49,treatment,0
USR_15563,2026-06-12 02:51:05,treatment,0
USR_16407,2026-06-12 02:51:08,treatment,0
USR_19943,2026-06-12 02:53:29,treatment,0
USR_00533,2026-06-12 02:53:40,control,0
USR_12925,2026-06-12 02:54:28,treatment,0
USR_06692,2026-06-12 02:55:16,treatment,0
USR_14383,2026-06-12 02:56:01,treatment,0
USR_12082,2026-06-12 02:57:16,control,0
USR_19882,2026-06-12 02:57:35,control,0
USR_00310,2026-06-12 02:58:11,control,0
USR_15345,2026-06-12 03:00:09,control,0
USR_16939,2026-06-12 03:00:25,treatment,0
USR_00350,2026-06-12 03:02:21,treatment,0
USR_01733,2026-06-12 03:02:42,control,0
USR_18939,2026-06-12 03:03:06,treatment,0
USR_12101,2026-06-12 03:05:07,control,0
USR_00747,2026-06-12 03:05:50,control,0
USR_03814,2026-06-12 03:06:44,treatment,0
USR_00247,2026-06-12 03:08:05,treatment,0
USR_13036,2026-06-12 03:09:09,control,0
USR_18988,2026-06-12 03:09:18,control,0
USR_08114,2026-06-12 03:09:21,control,0
USR_14114,2026-06-12 03:10:09,control,0
USR_19566,2026-06-12 03:10:36,control,0
USR_04714,2026-06-12 03:13:29,treatment,0
USR_00923,2026-06-12 03:14:50,control,0
USR_00873,2026-06-12 03:14:51,treatment,0
USR_19319,2026-06-12 03:18:42,treatment,0
USR_02236,2026-06-12 03:20:12,treatment,0
USR_16427,2026-06-12 03:20:21,control,0
USR_07624,2026-06-12 03:20:31,treatment,0
USR_02615,2026-06-12 03:20:42,treatment,0
USR_10802,2026-06-12 03:20:43,control,0
USR_02000,2026-06-12 03:20:48,treatment,0
USR_02644,2026-06-12 03:21:28,treatment,0
USR_11811,2026-06-12 03:23:38,control,0
USR_00005,2026-06-12 03:25:41,control,0
USR_18393,2026-06-12 03:26:02,control,0
USR_11749,2026-06-12 03:27:16,control,0
USR_00348,2026-06-12 03:27:21,control,0
USR_01118,2026-06-12 03:28:30,treatment,0
USR_08367,2026-06-12 03:28:35,control,0
USR_18320,2026-06-12 03:28:42,treatment,0
USR_19859,2026-06-12 03:29:16,control,0
USR_02976,2026-06-12 03:30:10,control,0
USR_17112,2026-06-12 03:30:34,treatment,0
USR_07577,2026-06-12 03:31:21,control,0
USR_15199,2026-06-12 03:31:56,treatment,0
USR_11297,2026-06-12 03:32:33,control,0
USR_02309,2026-06-12 03:36:19,control,0
USR_19130,2026-06-12 03:36:53,treatment,0
USR_11239,2026-06-12 03:37:26,control,0
USR_16774,2026-06-12 03:39:02,treatment,0
USR_04412,2026-06-12 03:40:10,control,0
USR_10952,2026-06-12 03:41:45,control,0
USR_04663,2026-06-12 03:42:49,control,0
USR_13436,2026-06-12 03:43:02,treatment,0
USR_06349,2026-06-12 03:43:56,treatment,0
USR_18308,2026-06-12 03:46:12,control,0
USR_02634,2026-06-12 03:46:24,control,0
USR_00962,2026-06-12 03:49:26,control,0
USR_15447,2026-06-12 03:50:11,treatment,0
USR_06490,2026-06-12 03:50:47,treatment,0
USR_19597,2026-06-12 03:51:11,control,0
USR_05155,2026-06-12 03:51:38,control,0
USR_18933,2026-06-12 03:51:45,control,0
USR_19809,2026-06-12 03:51:58,control,0
USR_07255,2026-06-12 03:52:12,control,0
USR_00621,2026-06-12 03:53:19,treatment,0
USR_06644,2026-06-12 03:53:26,treatment,0
USR_06917,2026-06-12 03:53:51,treatment,0
USR_00475,2026-06-12 03:54:42,treatment,0
USR_04567,2026-06-12 03:54:46,treatment,0
USR_00062,2026-06-12 03:56:46,control,0
USR_12575,2026-06-12 03:57:11,control,0
USR_07743,2026-06-12 03:57:59,control,0
USR_07137,2026-06-12 03:58:02,treatment,0
USR_01813,2026-06-12 03:59:02,control,0
USR_02445,2026-06-12 04:01:09,treatment,0
USR_18934,2026-06-12 04:01:48,treatment,0
USR_02572,2026-06-12 04:02:01,control,0
USR_13920,2026-06-12 04:02:13,control,0
USR_00972,2026-06-12 04:03:26,treatment,0
USR_11884,2026-06-12 04:03:36,treatment,0
USR_00742,2026-06-12 04:04:19,treatment,0
USR_13424,2026-06-12 04:06:04,treatment,0
USR_00608,2026-06-12 04:06:22,treatment,0
USR_13321,2026-06-12 04:07:57,control,0
USR_07518,2026-06-12 04:09:24,treatment,0
USR_09053,2026-06-12 04:09:57,treatment,0
USR_14960,2026-06-12 04:10:53,treatment,0
USR_12992,2026-06-12 04:11:15,control,0
USR_01253,2026-06-12 04:11:26,control,0
USR_12260,2026-06-12 04:15:07,treatment,0
USR_01262,2026-06-12 04:15:11,treatment,0
USR_06635,2026-06-12 04:16:11,treatment,1
USR_06941,2026-06-12 04:17:22,treatment,0
USR_18658,2026-06-12 04:17:58,treatment,0
USR_09400,2026-06-12 04:18:33,control,0
USR_07628,2026-06-12 04:19:22,treatment,0
USR_18362,2026-06-12 04:19:48,treatment,0
USR_06397,2026-06-12 04:20:12,treatment,0
USR_03426,2026-06-12 04:21:03,control,0
USR_11716,2026-06-12 04:21:53,treatment,0
USR_04042,2026-06-12 04:22:44,treatment,0
USR_10822,2026-06-12 04:23:28,control,0
USR_11854,2026-06-12 04:23:45,control,0
USR_18782,2026-06-12 04:24:03,control,0
USR_09104,2026-06-12 04:26:11,control,0
USR_06094,2026-06-12 04:26:23,control,0
USR_11157,2026-06-12 04:26:50,treatment,0
USR_07042,2026-06-12 04:27:59,treatment,0
USR_13860,2026-06-12 04:28:51,treatment,0
USR_03306,2026-06-12 04:29:19,treatment,0
USR_00304,2026-06-12 04:29:33,control,0
USR_06629,2026-06-12 04:29:52,treatment,0
USR_09617,2026-06-12 04:30:20,control,0
USR_11007,2026-06-12 04:31:29,treatment,0
USR_14290,2026-06-12 04:31:32,treatment,0
USR_17528,2026-06-12 04:32:52,control,0
USR_19999,2026-06-12 04:32:58,treatment,0
USR_13778,2026-06-12 04:33:18,treatment,0
USR_09177,2026-06-12 04:33:54,treatment,0
USR_12808,2026-06-12 04:34:36,control,0
USR_09197,2026-06-12 04:36:14,treatment,0
USR_07430,2026-06-12 04:36:19,treatment,0
USR_06219,2026-06-12 04:36:19,control,0
USR_03965,2026-06-12 04:36:59,control,0
USR_12183,2026-06-12 04:38:47,treatment,0
USR_18830,2026-06-12 04:39:15,control,0
USR_16148,2026-06-12 04:39:22,control,0
USR_19845,2026-06-12 04:39:34,control,0
USR_19400,2026-06-12 04:41:21,control,0
USR_03533,2026-06-12 04:41:37,treatment,0
USR_06262,2026-06-12 04:42:22,treatment,0
USR_06624,2026-06-12 04:43:56,treatment,0
USR_15189,2026-06-12 04:45:13,control,0
USR_14854,2026-06-12 04:46:50,control,0
USR_19786,2026-06-12 04:48:16,treatment,0
USR_19113,2026-06-12 04:49:00,treatment,0
USR_13465,2026-06-12 04:49:04,treatment,0
USR_16127,2026-06-12 04:50:54,control,1
USR_07385,2026-06-12 04:51:31,treatment,0
USR_03957,2026-06-12 04:51:48,treatment,0
USR_14266,2026-06-12 04:52:34,control,0
USR_12002,2026-06-12 04:54:04,treatment,0
USR_03160,2026-06-12 04:54:14,treatment,0
USR_06547,2026-06-12 04:54:47,treatment,0
USR_13736,2026-06-12 04:55:11,treatment,0
USR_09979,2026-06-12 04:57:06,treatment,0
USR_19396,2026-06-12 04:57:48,control,1
USR_19604,2026-06-12 04:59:16,control,0
USR_07985,2026-06-12 04:59:54,control,0
USR_03298,2026-06-12 05:00:05,treatment,0
USR_10437,2026-06-12 05:01:19,treatment,0
USR_10019,2026-06-12 05:01:36,treatment,0
USR_09666,2026-06-12 05:01:51,control,0
USR_06350,2026-06-12 05:02:40,control,0
USR_04777,2026-06-12 05:04:05,control,0
USR_05731,2026-06-12 05:06:17,control,0
USR_12024,2026-06-12 05:06:21,treatment,0
USR_04715,2026-06-12 05:08:24,treatment,0
USR_07199,2026-06-12 05:09:31,treatment,0
USR_04923,2026-06-12 05:10:20,treatment,0
USR_17499,2026-06-12 05:10:40,control,0
USR_16855,2026-06-12 05:12:36,treatment,0
USR_16039,2026-06-12 05:12:47,control,0
USR_01330,2026-06-12 05:14:31,treatment,0
USR_02671,2026-06-12 05:14:43,control,1
USR_04782,2026-06-12 05:15:10,control,0
USR_03926,2026-06-12 05:17:45,treatment,0
USR_00650,2026-06-12 05:18:01,control,0
USR_13172,2026-06-12 05:18:34,treatment,0
USR_06515,2026-06-12 05:21:14,control,0
USR_05867,2026-06-12 05:21:44,treatment,0
USR_16454,2026-06-12 05:22:37,treatment,0
USR_19290,2026-06-12 05:23:10,treatment,0
USR_14255,2026-06-12 05:24:28,treatment,0
USR_04750,2026-06-12 05:26:07,treatment,0
USR_10895,2026-06-12 05:27:03,treatment,0
USR_05109,2026-06-12 05:28:16,treatment,0
USR_02695,2026-06-12 05:29:15,treatment,0
USR_09533,2026-06-12 05:30:08,control,0
USR_00509,2026-06-12 05:30:13,control,0
USR_15420,2026-06-12 05:30:57,control,0
USR_13017,2026-06-12 05:31:20,control,0
USR_18333,2026-06-12 05:33:09,control,0
USR_00371,2026-06-12 05:33:47,control,0
USR_15076,2026-06-12 05:34:54,control,0
USR_10479,2026-06-12 05:36:38,control,0
USR_14167,2026-06-12 05:37:27,control,0
USR_00417,2026-06-12 05:38:10,control,0
USR_13422,2026-06-12 05:42:55,control,0
USR_08955,2026-06-12 05:46:55,control,0
USR_02015,2026-06-12 05:47:44,treatment,0
USR_07145,2026-06-12 05:48:05,control,0
USR_14688,2026-06-12 05:49:33,treatment,0
USR_05695,2026-06-12 05:50:31,control,0
USR_09966,2026-06-12 05:50:35,control,0
USR_09792,2026-06-12 05:50:47,treatment,0
USR_04427,2026-06-12 05:50:51,treatment,0
USR_13852,2026-06-12 05:51:35,treatment,0
USR_10809,2026-06-12 05:52:24,control,0
USR_14493,2026-06-12 05:52:37,treatment,0
USR_01432,2026-06-12 05:52:40,treatment,1
USR_14093,2026-06-12 05:52:58,treatment,0
USR_16021,2026-06-12 05:56:15,treatment,0
USR_10403,2026-06-12 05:58:19,control,0
USR_02323,2026-06-12 06:00:17,control,0
USR_12657,2026-06-12 06:01:15,treatment,0
USR_08932,2026-06-12 06:01:26,control,0
USR_07608,2026-06-12 06:01:47,control,0
USR_00681,2026-06-12 06:03:42,control,0
USR_00707,2026-06-12 06:03:54,control,0
USR_11346,2026-06-12 06:04:15,control,0
USR_10733,2026-06-12 06:04:34,control,0
USR_07805,2026-06-12 06:05:20,treatment,0
USR_17144,2026-06-12 06:05:30,control,0
USR_04121,2026-06-12 06:07:01,control,0
USR_08211,2026-06-12 06:07:15,treatment,0
USR_13507,2026-06-12 06:08:51,control,0
USR_09984,2026-06-12 06:09:25,control,0
USR_19756,2026-06-12 06:11:06,treatment,0
USR_01891,2026-06-12 06:12:30,treatment,0
USR_01044,2026-06-12 06:13:25,control,0
USR_12876,2026-06-12 06:13:46,treatment,0
USR_06083,2026-06-12 06:14:38,treatment,0
USR_06458,2026-06-12 06:15:21,control,0
USR_02731,2026-06-12 06:15:23,control,0
USR_08784,2026-06-12 06:15:43,control,0
USR_08338,2026-06-12 06:17:24,treatment,0
USR_11771,2026-06-12 06:20:01,control,0
USR_10405,2026-06-12 06:20:01,treatment,0
USR_09236,2026-06-12 06:24:47,control,0
USR_09724,2026-06-12 06:25:30,control,0
USR_17393,2026-06-12 06:26:11,control,0
USR_02651,2026-06-12 06:26:20,control,0
USR_04118,2026-06-12 06:27:45,treatment,0
USR_01479,2026-06-12 06:29:22,control,0
USR_12559,2026-06-12 06:30:44,control,0
USR_00208,2026-06-12 06:31:34,treatment,0
USR_00414,2026-06-12 06:31:48,control,0
USR_15205,2026-06-12 06:32:09,control,0
USR_04145,2026-06-12 06:33:14,control,0
USR_10268,2026-06-12 06:34:29,control,0
USR_03428,2026-06-12 06:35:12,control,0
USR_17935,2026-06-12 06:35:17,control,0
USR_11465,2026-06-12 06:35:58,treatment,0
USR_04906,2026-06-12 06:36:12,control,1
USR_10757,2026-06-12 06:38:19,control,0
USR_15111,2026-06-12 06:39:31,control,0
USR_19917,2026-06-12 06:40:03,control,0
USR_07629,2026-06-12 06:40:31,control,0
USR_06887,2026-06-12 06:40:52,treatment,0
USR_17987,2026-06-12 06:41:12,treatment,0
USR_01612,2026-06-12 06:42:29,treatment,0
USR_08572,2026-06-12 06:44:40,control,0
USR_04249,2026-06-12 06:44:57,control,0
USR_15770,2026-06-12 06:45:08,control,0
USR_11669,2026-06-12 06:48:29,control,0
USR_08093,2026-06-12 06:48:36,treatment,0
USR_15983,2026-06-12 06:49:51,treatment,1
USR_07635,2026-06-12 06:50:19,treatment,0
USR_06971,2026-06-12 06:50:50,treatment,0
USR_13674,2026-06-12 06:51:31,control,0
USR_01125,2026-06-12 06:51:38,control,0
USR_06332,2026-06-12 06:51:44,treatment,0
USR_05651,2026-06-12 06:53:27,control,0
USR_00197,2026-06-12 06:56:46,control,0
USR_05896,2026-06-12 06:56:49,treatment,0
USR_19230,2026-06-12 06:57:33,treatment,0
USR_12078,2026-06-12 06:58:52,treatment,0
USR_16366,2026-06-12 06:58:55,control,0
USR_10560,2026-06-12 06:59:50,treatment,0
USR_02266,2026-06-12 07:00:02,control,0
USR_09174,2026-06-12 07:01:31,treatment,0
USR_14745,2026-06-12 07:01:59,treatment,0
USR_07811,2026-06-12 07:02:02,control,0
USR_14836,2026-06-12 07:03:41,treatment,0
USR_07669,2026-06-12 07:07:58,treatment,0
USR_14529,2026-06-12 07:08:37,control,0
USR_01923,2026-06-12 07:08:55,treatment,0
USR_00359,2026-06-12 07:10:48,control,0
USR_10618,2026-06-12 07:13:55,control,0
USR_13801,2026-06-12 07:14:38,control,0
USR_18151,2026-06-12 07:15:26,treatment,0
USR_16775,2026-06-12 07:15:55,control,0
USR_12940,2026-06-12 07:16:16,control,0
USR_17913,2026-06-12 07:17:03,treatment,0
USR_13231,2026-06-12 07:17:59,control,0
USR_05084,2026-06-12 07:20:00,control,0
USR_10850,2026-06-12 07:20:21,control,0
USR_02597,2026-06-12 07:22:54,treatment,0
USR_07418,2026-06-12 07:28:31,treatment,0
USR_19318,2026-06-12 07:29:14,control,0
USR_17376,2026-06-12 07:30:26,treatment,1
USR_03058,2026-06-12 07:30:50,control,0
USR_07640,2026-06-12 07:31:14,treatment,0
USR_14779,2026-06-12 07:32:31,treatment,0
USR_01281,2026-06-12 07:41:38,control,0
USR_19908,2026-06-12 07:42:02,treatment,0
USR_15583,2026-06-12 07:42:32,treatment,0
USR_06889,2026-06-12 07:44:11,control,0
USR_08292,2026-06-12 07:44:24,control,0
USR_04769,2026-06-12 07:47:46,control,0
USR_11021,2026-06-12 07:48:01,control,0
USR_17963,2026-06-12 07:48:52,control,1
USR_05995,2026-06-12 07:49:40,control,0
USR_10392,2026-06-12 07:50:38,treatment,0
USR_02312,2026-06-12 07:50:38,control,0
USR_02271,2026-06-12 07:51:04,treatment,0
USR_07898,2026-06-12 07:54:39,control,0
USR_00141,2026-06-12 07:55:46,treatment,1
USR_09685,2026-06-12 07:55:52,treatment,0
USR_00867,2026-06-12 07:56:41,control,0
USR_02640,2026-06-12 07:57:42,treatment,1
USR_08040,2026-06-12 07:59:33,control,0
USR_09980,2026-06-12 08:00:02,treatment,0
USR_09360,2026-06-12 08:01:23,control,0
USR_00609,2026-06-12 08:01:49,control,0
USR_17535,2026-06-12 08:01:52,control,0
USR_00862,2026-06-12 08:03:33,control,0
USR_19795,2026-06-12 08:03:38,control,0
USR_13080,2026-06-12 08:04:07,control,0
USR_01708,2026-06-12 08:06:40,control,0
USR_07021,2026-06-12 08:08:00,control,0
USR_13712,2026-06-12 08:08:35,treatment,1
USR_00538,2026-06-12 08:09:21,control,0
USR_02774,2026-06-12 08:09:22,treatment,0
USR_10605,2026-06-12 08:09:58,control,0
USR_02720,2026-06-12 08:10:50,control,0
USR_08244,2026-06-12 08:11:43,control,0
USR_06164,2026-06-12 08:12:13,control,0
USR_08144,2026-06-12 08:12:21,treatment,0
USR_17610,2026-06-12 08:13:38,treatment,0
USR_03962,2026-06-12 08:14:44,control,0
USR_12458,2026-06-12 08:15:46,treatment,0
USR_17339,2026-06-12 08:15:49,control,1
USR_05571,2026-06-12 08:16:02,control,0
USR_16650,2026-06-12 08:16:27,treatment,0
USR_03259,2026-06-12 08:16:47,control,0
USR_01691,2026-06-12 08:19:19,treatment,0
USR_17056,2026-06-12 08:19:42,treatment,1
USR_18751,2026-06-12 08:20:19,control,0
USR_18529,2026-06-12 08:20:33,control,0
USR_10751,2026-06-12 08:20:42,treatment,0
USR_11295,2026-06-12 08:21:30,treatment,0
USR_12700,2026-06-12 08:22:10,control,0
USR_19933,2026-06-12 08:22:22,treatment,0
USR_10204,2026-06-12 08:22:30,treatment,0
USR_08009,2026-06-12 08:24:51,treatment,0
USR_01010,2026-06-12 08:24:57,treatment,0
USR_03266,2026-06-12 08:26:12,control,0
USR_10512,2026-06-12 08:26:59,treatment,0
USR_16635,2026-06-12 08:27:28,treatment,0
USR_10608,2026-06-12 08:27:36,treatment,0
USR_06902,2026-06-12 08:27:55,control,1
USR_19865,2026-06-12 08:28:23,treatment,0
USR_03356,2026-06-12 08:28:25,treatment,0
USR_16755,2026-06-12 08:30:03,treatment,0
USR_09702,2026-06-12 08:30:11,control,0
USR_10487,2026-06-12 08:30:28,treatment,0
USR_05113,2026-06-12 08:30:45,treatment,0
USR_07697,2026-06-12 08:31:20,treatment,0
USR_15463,2026-06-12 08:32:47,treatment,1
USR_01485,2026-06-12 08:33:16,control,0
USR_13888,2026-06-12 08:33:51,treatment,0
USR_01639,2026-06-12 08:34:33,control,0
USR_11046,2026-06-12 08:35:32,treatment,0
USR_04912,2026-06-12 08:36:48,control,0
USR_02128,2026-06-12 08:41:22,control,0
USR_14548,2026-06-12 08:41:24,control,0
USR_00904,2026-06-12 08:42:42,control,0
USR_18216,2026-06-12 08:42:54,treatment,0
USR_07725,2026-06-12 08:43:10,control,0
USR_04084,2026-06-12 08:43:34,control,0
USR_05796,2026-06-12 08:48:02,control,0
USR_11261,2026-06-12 08:48:23,control,0
USR_01787,2026-06-12 08:49:19,control,1
USR_17823,2026-06-12 08:49:44,treatment,0
USR_16574,2026-06-12 08:50:59,treatment,0
USR_03111,2026-06-12 08:51:07,treatment,0
USR_08667,2026-06-12 08:51:19,control,0
USR_03523,2026-06-12 08:52:24,treatment,0
USR_13267,2026-06-12 08:54:44,control,0
USR_11826,2026-06-12 08:55:17,treatment,0
USR_03032,2026-06-12 08:55:50,control,0
USR_00715,2026-06-12 08:57:53,treatment,0
USR_05855,2026-06-12 08:58:44,treatment,0
USR_09862,2026-06-12 08:59:08,control,0
USR_11133,2026-06-12 08:59:34,treatment,0
USR_10658,2026-06-12 09:03:43,control,0
USR_14287,2026-06-12 09:04:03,control,1
USR_12018,2026-06-12 09:05:29,treatment,0
USR_00700,2026-06-12 09:06:10,treatment,0
USR_15217,2026-06-12 09:07:55,treatment,0
USR_00330,2026-06-12 09:08:50,control,0
USR_05041,2026-06-12 09:09:46,control,0
USR_17430,2026-06-12 09:09:50,control,0
USR_14621,2026-06-12 09:11:00,treatment,0
USR_02682,2026-06-12 09:11:49,treatment,0
USR_10166,2026-06-12 09:11:52,treatment,0
USR_00200,2026-06-12 09:12:02,treatment,0
USR_02381,2026-06-12 09:12:37,treatment,0
USR_06665,2026-06-12 09:16:01,treatment,0
USR_02295,2026-06-12 09:17:17,control,1
USR_05077,2026-06-12 09:18:21,control,0
USR_18733,2026-06-12 09:18:34,treatment,0
USR_05557,2026-06-12 09:18:39,treatment,0
USR_02203,2026-06-12 09:20:27,treatment,0
USR_14806,2026-06-12 09:21:03,control,0
USR_11887,2026-06-12 09:21:16,treatment,0
USR_01245,2026-06-12 09:23:16,control,0
USR_04475,2026-06-12 09:25:40,treatment,0
USR_15468,2026-06-12 09:26:24,treatment,0
USR_09819,2026-06-12 09:26:26,treatment,0
USR_10466,2026-06-12 09:26:37,control,0
USR_15091,2026-06-12 09:29:44,control,0
USR_06165,2026-06-12 09:30:05,control,0
USR_01927,2026-06-12 09:32:01,treatment,0
USR_16840,2026-06-12 09:33:45,control,0
USR_02130,2026-06-12 09:35:07,control,0
USR_02153,2026-06-12 09:35:30,treatment,0
USR_03325,2026-06-12 09:35:52,treatment,0
USR_12698,2026-06-12 09:36:21,treatment,0
USR_09295,2026-06-12 09:36:32,control,0
USR_19934,2026-06-12 09:36:39,control,0
USR_07779,2026-06-12 09:37:35,control,0
USR_00233,2026-06-12 09:37:54,treatment,1
USR_08946,2026-06-12 09:38:01,treatment,0
USR_11545,2026-06-12 09:38:11,treatment,0
USR_12145,2026-06-12 09:38:13,control,0
USR_19301,2026-06-12 09:39:36,control,0
USR_09869,2026-06-12 09:39:44,treatment,0
USR_02787,2026-06-12 09:39:48,treatment,0
USR_15473,2026-06-12 09:42:35,treatment,0
USR_15666,2026-06-12 09:42:39,control,0
USR_08628,2026-06-12 09:42:46,control,0
USR_15904,2026-06-12 09:43:14,treatment,0
USR_18263,2026-06-12 09:43:42,treatment,0
USR_18899,2026-06-12 09:46:15,treatment,0
USR_04510,2026-06-12 09:47:16,treatment,0
USR_13797,2026-06-12 09:47:36,treatment,0
USR_01382,2026-06-12 09:48:36,treatment,0
USR_10703,2026-06-12 09:50:54,treatment,0
USR_07482,2026-06-12 09:51:41,control,0
USR_03697,2026-06-12 09:53:48,control,0
USR_10921,2026-06-12 09:54:42,treatment,0
USR_17858,2026-06-12 09:56:00,treatment,0
USR_17667,2026-06-12 09:56:58,control,0
USR_08105,2026-06-12 09:59:34,treatment,0
USR_09079,2026-06-12 10:00:32,control,0
USR_12791,2026-06-12 10:00:49,control,0
USR_10832,2026-06-12 10:01:22,control,0
USR_00564,2026-06-12 10:02:24,treatment,0
USR_19833,2026-06-12 10:02:49,control,0
USR_19136,2026-06-12 10:03:22,control,0
USR_06054,2026-06-12 10:03:49,control,0
USR_00515,2026-06-12 10:04:57,treatment,0
USR_05075,2026-06-12 10:06:52,control,0
USR_10032,2026-06-12 10:06:53,control,0
USR_13611,2026-06-12 10:08:26,control,0
USR_13358,2026-06-12 10:08:48,treatment,0
USR_00088,2026-06-12 10:09:34,treatment,0
USR_19478,2026-06-12 10:09:38,control,0
USR_01498,2026-06-12 10:10:08,treatment,0
USR_14409,2026-06-12 10:10:40,treatment,0
USR_06358,2026-06-12 10:11:24,treatment,0
USR_13093,2026-06-12 10:11:42,control,0
USR_10011,2026-06-12 10:12:02,treatment,0
USR_07785,2026-06-12 10:12:59,treatment,0
USR_08939,2026-06-12 10:15:26,control,0
USR_10226,2026-06-12 10:16:35,treatment,1
USR_17657,2026-06-12 10:16:40,control,0
USR_06798,2026-06-12 10:16:42,control,0
USR_17780,2026-06-12 10:17:35,control,0
USR_15429,2026-06-12 10:18:33,treatment,1
USR_05690,2026-06-12 10:19:07,control,1
USR_12579,2026-06-12 10:20:37,treatment,0
USR_11762,2026-06-12 10:26:05,control,0
USR_19610,2026-06-12 10:27:08,control,0
USR_12448,2026-06-12 10:27:13,control,0
USR_12158,2026-06-12 10:27:53,control,0
USR_04064,2026-06-12 10:28:09,treatment,0
USR_16950,2026-06-12 10:28:26,treatment,0
USR_15637,2026-06-12 10:28:31,treatment,0
USR_14597,2026-06-12 10:29:21,control,0
USR_18814,2026-06-12 10:30:02,treatment,0
USR_08844,2026-06-12 10:32:58,treatment,0
USR_06780,2026-06-12 10:34:39,treatment,0
USR_18626,2026-06-12 10:36:10,control,0
USR_09000,2026-06-12 10:38:56,treatment,0
USR_14958,2026-06-12 10:39:08,control,0
USR_17124,2026-06-12 10:39:30,control,0
USR_04151,2026-06-12 10:40:32,treatment,0
USR_07424,2026-06-12 10:41:07,treatment,0
USR_08559,2026-06-12 10:42:03,control,1
USR_14016,2026-06-12 10:43:15,treatment,0
USR_03150,2026-06-12 10:43:23,control,0
USR_09767,2026-06-12 10:43:56,control,0
USR_03520,2026-06-12 10:44:14,control,0
USR_04835,2026-06-12 10:44:30,treatment,0
USR_04986,2026-06-12 10:47:13,control,0
USR_03678,2026-06-12 10:49:08,treatment,0
USR_00553,2026-06-12 10:50:05,treatment,0
USR_08231,2026-06-12 10:51:42,control,0
USR_02053,2026-06-12 10:52:23,control,0
USR_10919,2026-06-12 10:58:34,control,0
USR_04920,2026-06-12 10:58:42,control,0
USR_15673,2026-06-12 10:59:10,control,0
USR_11367,2026-06-12 11:02:42,treatment,0
USR_05027,2026-06-12 11:02:58,control,0
USR_09178,2026-06-12 11:03:54,treatment,0
USR_09240,2026-06-12 11:04:02,treatment,0
USR_15440,2026-06-12 11:05:15,control,0
USR_17410,2026-06-12 11:05:26,control,0
USR_07096,2026-06-12 11:06:21,treatment,0
USR_01065,2026-06-12 11:08:51,control,0
USR_13127,2026-06-12 11:09:02,treatment,0
USR_15615,2026-06-12 11:09:16,treatment,0
USR_08470,2026-06-12 11:09:39,treatment,0
USR_13161,2026-06-12 11:09:47,control,0
USR_17040,2026-06-12 11:09:52,treatment,0
USR_18275,2026-06-12 11:09:56,control,0
USR_16004,2026-06-12 11:10:14,control,0
USR_09953,2026-06-12 11:10:24,treatment,0
USR_05766,2026-06-12 11:11:28,control,0
USR_11873,2026-06-12 11:12:58,control,0
USR_04535,2026-06-12 11:14:07,control,0
USR_18317,2026-06-12 11:16:45,treatment,0
USR_02713,2026-06-12 11:16:50,control,0
USR_11621,2026-06-12 11:17:34,treatment,0
USR_00253,2026-06-12 11:21:55,control,0
USR_01792,2026-06-12 11:22:18,control,0
USR_03198,2026-06-12 11:22:38,control,0
USR_11757,2026-06-12 11:24:50,control,0
USR_01407,2026-06-12 11:25:39,treatment,0
USR_14935,2026-06-12 11:26:03,treatment,0
USR_11195,2026-06-12 11:28:22,treatment,0
USR_12462,2026-06-12 11:28:24,control,0
USR_02182,2026-06-12 11:29:37,treatment,0
USR_08046,2026-06-12 11:30:40,control,0
USR_17282,2026-06-12 11:32:36,control,0
USR_03911,2026-06-12 11:32:44,control,0
USR_13086,2026-06-12 11:33:14,treatment,0
USR_10072,2026-06-12 11:33:35,treatment,0
USR_19332,2026-06-12 11:36:11,control,0
USR_16951,2026-06-12 11:36:50,control,0
USR_08332,2026-06-12 11:37:21,control,0
USR_01847,2026-06-12 11:38:05,control,0
USR_09188,2026-06-12 11:38:50,control,0
USR_19970,2026-06-12 11:40:40,control,0
USR_03815,2026-06-12 11:40:44,control,1
USR_05370,2026-06-12 11:42:35,control,0
USR_11126,2026-06-12 11:45:36,treatment,0
USR_07421,2026-06-12 11:47:05,treatment,0
USR_12394,2026-06-12 11:47:29,treatment,0
USR_16625,2026-06-12 11:47:53,treatment,0
USR_10856,2026-06-12 11:48:00,control,0
USR_13505,2026-06-12 11:49:21,treatment,0
USR_16869,2026-06-12 11:49:29,treatment,0
USR_14980,2026-06-12 11:49:57,treatment,0
USR_16262,2026-06-12 11:50:00,control,0
USR_14388,2026-06-12 11:55:34,treatment,0
USR_15296,2026-06-12 11:57:21,control,0
USR_16036,2026-06-12 11:58:22,control,0
USR_02284,2026-06-12 11:58:31,control,0
USR_08082,2026-06-12 11:59:33,treatment,0
USR_09936,2026-06-12 11:59:52,treatment,0
USR_05804,2026-06-12 12:00:56,treatment,0
USR_16794,2026-06-12 12:01:08,control,0
USR_11490,2026-06-12 12:01:14,control,0
USR_04519,2026-06-12 12:01:17,control,0
USR_07087,2026-06-12 12:03:33,control,0
USR_14638,2026-06-12 12:06:44,treatment,0
USR_16854,2026-06-12 12:06:45,treatment,0
USR_12252,2026-06-12 12:07:08,treatment,0
USR_00624,2026-06-12 12:07:15,control,1
USR_15554,2026-06-12 12:08:02,treatment,1
USR_14751,2026-06-12 12:08:09,treatment,1
USR_12403,2026-06-12 12:09:31,treatment,0
USR_15147,2026-06-12 12:10:56,control,0
USR_13458,2026-06-12 12:11:15,treatment,0
USR_14335,2026-06-12 12:13:28,treatment,0
USR_08733,2026-06-12 12:14:10,control,0
USR_19519,2026-06-12 12:15:15,control,0
USR_02094,2026-06-12 12:15:56,treatment,0
USR_15219,2026-06-12 12:16:29,treatment,0
USR_19952,2026-06-12 12:17:52,treatment,0
USR_15197,2026-06-12 12:19:04,control,0
USR_04324,2026-06-12 12:19:11,treatment,0
USR_14673,2026-06-12 12:22:01,control,0
USR_14045,2026-06-12 12:22:02,control,0
USR_04929,2026-06-12 12:23:50,control,0
USR_02412,2026-06-12 12:24:02,treatment,0
USR_07677,2026-06-12 12:24:04,treatment,1
USR_13049,2026-06-12 12:24:28,treatment,0
USR_12926,2026-06-12 12:26:44,treatment,0
USR_08421,2026-06-12 12:29:13,control,0
USR_14449,2026-06-12 12:29:27,treatment,0
USR_07147,2026-06-12 12:29:53,treatment,0
USR_16049,2026-06-12 12:30:37,control,0
USR_07571,2026-06-12 12:31:48,control,0
USR_10334,2026-06-12 12:33:16,control,0
USR_10607,2026-06-12 12:33:58,treatment,0
USR_04074,2026-06-12 12:34:16,treatment,0
USR_02406,2026-06-12 12:35:06,treatment,0
USR_00482,2026-06-12 12:35:25,control,0
USR_01582,2026-06-12 12:37:37,treatment,0
USR_11690,2026-06-12 12:38:06,control,0
USR_04045,2026-06-12 12:40:44,treatment,1
USR_08203,2026-06-12 12:41:08,control,0
USR_06485,2026-06-12 12:43:41,control,0
USR_03688,2026-06-12 12:48:41,control,0
USR_19271,2026-06-12 12:48:50,treatment,1
USR_04378,2026-06-12 12:48:59,control,0
USR_18812,2026-06-12 12:49:13,control,0
USR_11081,2026-06-12 12:50:00,treatment,0
USR_10922,2026-06-12 12:50:30,control,1
USR_10280,2026-06-12 12:50:44,control,0
USR_11063,2026-06-12 12:52:16,treatment,0
USR_12171,2026-06-12 12:55:31,treatment,0
USR_09701,2026-06-12 12:59:13,treatment,0
USR_02245,2026-06-12 12:59:29,treatment,0
USR_10271,2026-06-12 13:01:20,treatment,0
USR_07261,2026-06-12 13:02:33,treatment,0
USR_07890,2026-06-12 13:04:39,control,0
USR_03706,2026-06-12 13:04:56,control,0
USR_19808,2026-06-12 13:05:17,treatment,0
USR_10986,2026-06-12 13:05:54,treatment,0
USR_16808,2026-06-12 13:05:55,control,0
USR_18104,2026-06-12 13:06:47,treatment,0
USR_10877,2026-06-12 13:08:06,treatment,0
USR_18781,2026-06-12 13:09:43,control,0
USR_15086,2026-06-12 13:10:57,treatment,0
USR_18223,2026-06-12 13:11:25,control,0
USR_08145,2026-06-12 13:12:52,treatment,0
USR_16044,2026-06-12 13:15:36,treatment,0
USR_14616,2026-06-12 13:16:05,treatment,0
USR_17329,2026-06-12 13:16:38,control,0
USR_18074,2026-06-12 13:17:50,treatment,0
USR_16221,2026-06-12 13:18:20,treatment,0
USR_06459,2026-06-12 13:19:44,treatment,0
USR_19495,2026-06-12 13:20:45,control,0
USR_02110,2026-06-12 13:21:41,control,0
USR_09146,2026-06-12 13:22:20,treatment,0
USR_08059,2026-06-12 13:26:37,treatment,0
USR_08097,2026-06-12 13:28:08,treatment,0
USR_06708,2026-06-12 13:30:40,treatment,0
USR_19382,2026-06-12 13:31:11,treatment,0
USR_18946,2026-06-12 13:31:24,control,0
USR_11192,2026-06-12 13:32:07,control,0
USR_02187,2026-06-12 13:32:29,control,0
USR_02482,2026-06-12 13:33:11,treatment,0
USR_14068,2026-06-12 13:33:35,treatment,0
USR_16610,2026-06-12 13:35:22,treatment,0
USR_01830,2026-06-12 13:36:02,control,0
USR_17309,2026-06-12 13:38:01,treatment,0
USR_09304,2026-06-12 13:40:50,control,1
USR_07931,2026-06-12 13:40:58,treatment,0
USR_02537,2026-06-12 13:41:06,treatment,0
USR_10839,2026-06-12 13:41:21,control,0
USR_08645,2026-06-12 13:42:17,treatment,0
USR_14141,2026-06-12 13:42:53,control,0
USR_04104,2026-06-12 13:44:25,control,0
USR_09152,2026-06-12 13:45:46,treatment,0
USR_03559,2026-06-12 13:45:54,treatment,0
USR_09845,2026-06-12 13:46:39,treatment,0
USR_03303,2026-06-12 13:46:50,treatment,0
USR_10154,2026-06-12 13:47:38,control,0
USR_12434,2026-06-12 13:48:24,treatment,0
USR_10467,2026-06-12 13:49:04,treatment,0
USR_02099,2026-06-12 13:49:44,control,0
USR_12222,2026-06-12 13:51:33,control,0
USR_18526,2026-06-12 13:51:37,control,0
USR_04160,2026-06-12 13:51:47,control,0
USR_13006,2026-06-12 13:51:59,control,0
USR_04564,2026-06-12 13:54:09,control,0
USR_08726,2026-06-12 13:55:20,control,0
USR_16433,2026-06-12 13:55:35,control,0
USR_18709,2026-06-12 13:59:04,control,0
USR_18462,2026-06-12 13:59:24,treatment,0
USR_17284,2026-06-12 13:59:51,control,0
USR_19616,2026-06-12 14:01:36,control,0
USR_02090,2026-06-12 14:01:52,treatment,0
USR_10073,2026-06-12 14:02:44,control,0
USR_04820,2026-06-12 14:03:38,control,0
USR_14345,2026-06-12 14:03:41,control,0
USR_14986,2026-06-12 14:05:23,control,0
USR_18368,2026-06-12 14:05:35,treatment,0
USR_04280,2026-06-12 14:06:37,control,0
USR_18117,2026-06-12 14:07:14,treatment,0
USR_12920,2026-06-12 14:07:56,treatment,0
USR_00411,2026-06-12 14:08:22,treatment,0
USR_11747,2026-06-12 14:08:32,treatment,0
USR_02710,2026-06-12 14:08:49,control,0
USR_17762,2026-06-12 14:09:41,control,0
USR_08125,2026-06-12 14:10:16,control,0
USR_07459,2026-06-12 14:10:59,control,0
USR_16746,2026-06-12 14:12:28,control,0
USR_16467,2026-06-12 14:12:51,control,1
USR_04705,2026-06-12 14:13:19,treatment,0
USR_08355,2026-06-12 14:14:45,control,0
USR_18287,2026-06-12 14:14:55,control,0
USR_09209,2026-06-12 14:15:44,control,0
USR_08751,2026-06-12 14:16:05,control,0
USR_10640,2026-06-12 14:16:08,control,0
USR_19210,2026-06-12 14:16:43,control,0
USR_08957,2026-06-12 14:17:08,treatment,0
USR_12838,2026-06-12 14:17:27,treatment,0
USR_02418,2026-06-12 14:18:48,control,0
USR_16539,2026-06-12 14:19:01,treatment,0
USR_16172,2026-06-12 14:20:44,treatment,0
USR_13781,2026-06-12 14:21:54,treatment,0
USR_14414,2026-06-12 14:22:06,treatment,0
USR_07854,2026-06-12 14:23:18,control,0
USR_19216,2026-06-12 14:24:14,treatment,0
USR_13718,2026-06-12 14:24:31,treatment,0
USR_08980,2026-06-12 14:25:19,control,1
USR_12479,2026-06-12 14:26:09,control,0
USR_07592,2026-06-12 14:26:23,treatment,0
USR_10985,2026-06-12 14:26:38,control,0
USR_10338,2026-06-12 14:27:28,treatment,0
USR_16483,2026-06-12 14:27:40,control,0
USR_06013,2026-06-12 14:29:50,control,0
USR_14719,2026-06-12 14:30:28,control,0
USR_01310,2026-06-12 14:30:47,treatment,0
USR_12453,2026-06-12 14:32:11,treatment,1
USR_19125,2026-06-12 14:32:11,control,0
USR_17737,2026-06-12 14:33:16,treatment,0
USR_12117,2026-06-12 14:35:08,control,0
USR_19613,2026-06-12 14:35:40,treatment,0
USR_09114,2026-06-12 14:35:46,control,0
USR_06728,2026-06-12 14:38:06,treatment,0
USR_08999,2026-06-12 14:38:35,treatment,0
USR_02465,2026-06-12 14:39:34,control,1
USR_12959,2026-06-12 14:40:19,control,0
USR_11421,2026-06-12 14:42:27,treatment,0
USR_07079,2026-06-12 14:43:26,treatment,0
USR_02780,2026-06-12 14:44:00,treatment,0
USR_16152,2026-06-12 14:44:26,treatment,0
USR_17686,2026-06-12 14:45:17,treatment,0
USR_08322,2026-06-12 14:46:25,control,0
USR_04576,2026-06-12 14:46:42,control,0
USR_01516,2026-06-12 14:47:18,treatment,0
USR_03809,2026-06-12 14:47:38,control,0
USR_08112,2026-06-12 14:47:57,control,0
USR_01868,2026-06-12 14:49:07,treatment,0
USR_13742,2026-06-12 14:49:24,treatment,0
USR_06648,2026-06-12 14:49:34,treatment,0
USR_17363,2026-06-12 14:52:50,control,0
USR_09015,2026-06-12 14:53:06,treatment,0
USR_09693,2026-06-12 14:53:44,control,0
USR_04210,2026-06-12 14:55:56,treatment,0
USR_16527,2026-06-12 14:57:20,control,0
USR_17015,2026-06-12 14:57:45,control,0
USR_17988,2026-06-12 14:59:01,treatment,0
USR_07971,2026-06-12 14:59:06,control,0
USR_05585,2026-06-12 14:59:24,treatment,0
USR_08589,2026-06-12 15:00:31,treatment,0
USR_03693,2026-06-12 15:01:48,control,0
USR_06150,2026-06-12 15:05:11,control,0
USR_19681,2026-06-12 15:05:44,treatment,0
USR_17615,2026-06-12 15:06:20,control,0
USR_02980,2026-06-12 15:06:34,treatment,0
USR_05955,2026-06-12 15:07:49,control,0
USR_01755,2026-06-12 15:08:47,control,0
USR_00315,2026-06-12 15:10:03,control,0
USR_18049,2026-06-12 15:10:36,treatment,0
USR_03441,2026-06-12 15:11:40,treatment,0
USR_03037,2026-06-12 15:14:35,treatment,0
USR_02453,2026-06-12 15:15:47,control,0
USR_17428,2026-06-12 15:16:19,control,0
USR_01723,2026-06-12 15:16:57,treatment,0
USR_05772,2026-06-12 15:17:11,treatment,0
USR_06102,2026-06-12 15:18:23,treatment,0
USR_03567,2026-06-12 15:18:28,control,0
USR_10874,2026-06-12 15:18:49,control,0
USR_11791,2026-06-12 15:19:18,control,0
USR_09694,2026-06-12 15:20:45,control,0
USR_10539,2026-06-12 15:20:57,control,0
USR_18427,2026-06-12 15:22:18,treatment,0
USR_18755,2026-06-12 15:22:24,treatment,0
USR_13296,2026-06-12 15:25:10,control,0
USR_03707,2026-06-12 15:26:23,treatment,0
USR_00473,2026-06-12 15:30:50,treatment,0
USR_01296,2026-06-12 15:31:11,control,1
USR_06598,2026-06-12 15:31:34,control,0
USR_17407,2026-06-12 15:35:40,treatment,0
USR_14889,2026-06-12 15:36:50,treatment,0
USR_15311,2026-06-12 15:37:14,treatment,0
USR_11779,2026-06-12 15:38:03,control,0
USR_10321,2026-06-12 15:38:13,control,1
USR_09835,2026-06-12 15:38:31,treatment,0
USR_02164,2026-06-12 15:38:44,treatment,0
USR_15357,2026-06-12 15:38:56,control,0
USR_07467,2026-06-12 15:39:29,treatment,0
USR_09373,2026-06-12 15:39:48,control,0
USR_10318,2026-06-12 15:41:51,treatment,0
USR_08590,2026-06-12 15:42:22,treatment,0
USR_06840,2026-06-12 15:45:01,control,0
USR_11866,2026-06-12 15:46:12,control,0
USR_16323,2026-06-12 15:46:33,control,0
USR_02306,2026-06-12 15:46:38,control,0
USR_19798,2026-06-12 15:47:39,treatment,0
USR_19797,2026-06-12 15:50:45,control,0
USR_08014,2026-06-12 15:51:34,control,0
USR_09941,2026-06-12 15:54:36,treatment,0
USR_07011,2026-06-12 15:54:59,treatment,0
USR_07944,2026-06-12 15:55:52,treatment,0
USR_15935,2026-06-12 15:56:45,treatment,0
USR_09367,2026-06-12 15:57:10,control,1
USR_15452,2026-06-12 15:57:56,treatment,0
USR_05523,2026-06-12 15:58:21,treatment,0
USR_05367,2026-06-12 15:58:49,control,0
USR_14902,2026-06-12 16:00:16,treatment,0
USR_18929,2026-06-12 16:00:27,control,0
USR_13243,2026-06-12 16:01:02,control,1
USR_09922,2026-06-12 16:02:05,treatment,0
USR_10671,2026-06-12 16:05:53,control,0
USR_17919,2026-06-12 16:07:30,treatment,0
USR_07885,2026-06-12 16:10:10,treatment,0
USR_01837,2026-06-12 16:10:56,treatment,0
USR_11376,2026-06-12 16:11:05,treatment,1
USR_08638,2026-06-12 16:11:57,control,0
USR_05377,2026-06-12 16:12:22,control,0
USR_02673,2026-06-12 16:13:05,control,0
USR_12919,2026-06-12 16:15:58,control,0
USR_09557,2026-06-12 16:16:53,control,0
USR_11017,2026-06-12 16:17:56,control,0
USR_16395,2026-06-12 16:18:04,control,0
USR_07207,2026-06-12 16:18:26,treatment,0
USR_18725,2026-06-12 16:19:31,treatment,0
USR_15709,2026-06-12 16:19:53,control,0
USR_18817,2026-06-12 16:21:19,control,0
USR_08606,2026-06-12 16:22:32,control,0
USR_17553,2026-06-12 16:23:24,treatment,0
USR_02197,2026-06-12 16:24:16,treatment,0
USR_04254,2026-06-12 16:26:51,control,0
USR_19256,2026-06-12 16:27:01,control,0
USR_09452,2026-06-12 16:27:29,control,0
USR_18423,2026-06-12 16:29:36,treatment,0
USR_03504,2026-06-12 16:30:35,treatment,0
USR_11851,2026-06-12 16:30:39,treatment,0
USR_01417,2026-06-12 16:31:57,control,0
USR_14892,2026-06-12 16:32:04,treatment,0
USR_07402,2026-06-12 16:32:58,control,0
USR_07776,2026-06-12 16:33:36,control,0
USR_14168,2026-06-12 16:33:41,control,1
USR_09251,2026-06-12 16:35:28,treatment,0
USR_05476,2026-06-12 16:37:40,control,0
USR_10230,2026-06-12 16:38:16,control,0
USR_03506,2026-06-12 16:40:22,treatment,0
USR_01113,2026-06-12 16:40:32,control,1
USR_08392,2026-06-12 16:41:30,treatment,0
USR_16918,2026-06-12 16:44:19,control,0
USR_04123,2026-06-12 16:45:34,treatment,0
USR_09806,2026-06-12 16:45:49,treatment,0
USR_09434,2026-06-12 16:46:15,treatment,0
USR_03073,2026-06-12 16:47:54,treatment,0
USR_08424,2026-06-12 16:48:06,treatment,0
USR_14415,2026-06-12 16:48:30,treatment,0
USR_17238,2026-06-12 16:50:20,control,0
USR_19538,2026-06-12 16:50:22,treatment,0
USR_12109,2026-06-12 16:51:46,control,0
USR_11322,2026-06-12 16:53:09,control,0
USR_02239,2026-06-12 16:53:09,treatment,0
USR_19174,2026-06-12 16:53:57,control,0
USR_07005,2026-06-12 16:54:15,treatment,0
USR_13693,2026-06-12 16:54:16,control,0
USR_08129,2026-06-12 16:54:40,control,0
USR_03953,2026-06-12 16:54:44,treatment,0
USR_15261,2026-06-12 16:56:32,control,0
USR_09195,2026-06-12 16:57:54,control,0
USR_10648,2026-06-12 17:01:25,control,0
USR_17651,2026-06-12 17:01:33,treatment,0
USR_03164,2026-06-12 17:02:27,control,0
USR_10666,2026-06-12 17:02:28,control,0
USR_19595,2026-06-12 17:03:10,control,0
USR_11798,2026-06-12 17:03:53,control,0
USR_03968,2026-06-12 17:03:57,treatment,0
USR_08766,2026-06-12 17:04:38,control,0
USR_14683,2026-06-12 17:06:27,treatment,0
USR_18246,2026-06-12 17:06:39,control,0
USR_02568,2026-06-12 17:06:59,control,0
USR_17520,2026-06-12 17:07:20,control,0
USR_18826,2026-06-12 17:07:24,control,0
USR_11000,2026-06-12 17:08:22,control,0
USR_16529,2026-06-12 17:08:56,control,0
USR_07041,2026-06-12 17:09:13,control,0
USR_04170,2026-06-12 17:10:02,control,0
USR_02031,2026-06-12 17:13:47,treatment,0
USR_19464,2026-06-12 17:13:56,treatment,0
USR_14467,2026-06-12 17:15:51,treatment,0
USR_00117,2026-06-12 17:17:27,control,0
USR_02668,2026-06-12 17:18:40,treatment,1
USR_04202,2026-06-12 17:19:17,control,0
USR_05362,2026-06-12 17:19:43,treatment,0
USR_17981,2026-06-12 17:20:29,control,0
USR_16233,2026-06-12 17:21:19,treatment,0
USR_06702,2026-06-12 17:24:57,treatment,0
USR_15014,2026-06-12 17:25:41,control,0
USR_07377,2026-06-12 17:25:44,control,0
USR_13769,2026-06-12 17:29:06,control,0
USR_07851,2026-06-12 17:30:10,treatment,1
USR_10598,2026-06-12 17:30:42,treatment,0
USR_14008,2026-06-12 17:31:51,treatment,1
USR_04736,2026-06-12 17:32:10,control,0
USR_03049,2026-06-12 17:33:04,control,0
USR_17353,2026-06-12 17:33:12,treatment,1
USR_12977,2026-06-12 17:35:00,treatment,0
USR_07447,2026-06-12 17:35:31,control,0
USR_19922,2026-06-12 17:36:03,treatment,0
USR_17550,2026-06-12 17:37:14,treatment,0
USR_02142,2026-06-12 17:37:28,treatment,0
USR_02014,2026-06-12 17:38:26,control,0
USR_07477,2026-06-12 17:39:29,treatment,0
USR_00234,2026-06-12 17:40:44,control,0
USR_15354,2026-06-12 17:41:42,control,0
USR_09574,2026-06-12 17:42:24,treatment,0
USR_05672,2026-06-12 17:44:26,treatment,0
USR_02736,2026-06-12 17:45:51,control,0
USR_00607,2026-06-12 17:47:25,treatment,0
USR_00053,2026-06-12 17:47:28,control,0
USR_00279,2026-06-12 17:49:28,control,0
USR_11085,2026-06-12 17:50:49,treatment,0
USR_01308,2026-06-12 17:51:16,treatment,0
USR_05963,2026-06-12 17:51:32,control,0
USR_16401,2026-06-12 17:51:45,treatment,0
USR_11035,2026-06-12 17:51:52,control,0
USR_16034,2026-06-12 17:52:09,control,0
USR_05658,2026-06-12 17:52:30,control,0
USR_14484,2026-06-12 17:53:01,treatment,0
USR_06916,2026-06-12 17:53:05,control,0
USR_05515,2026-06-12 17:53:27,treatment,1
USR_07242,2026-06-12 17:54:45,control,0
USR_07580,2026-06-12 17:54:58,control,0
USR_19105,2026-06-12 17:56:04,control,0
USR_15872,2026-06-12 17:56:15,treatment,0
USR_06616,2026-06-12 17:57:29,control,0
USR_14225,2026-06-12 17:57:34,control,0
USR_00902,2026-06-12 17:57:46,control,0
USR_07912,2026-06-12 17:59:58,control,0
USR_06256,2026-06-12 18:00:17,treatment,0
USR_12314,2026-06-12 18:02:15,treatment,0
USR_17841,2026-06-12 18:05:14,control,0
USR_09091,2026-06-12 18:06:37,control,0
USR_14039,2026-06-12 18:06:50,control,0
USR_01158,2026-06-12 18:07:06,control,0
USR_07631,2026-06-12 18:07:50,treatment,1
USR_07305,2026-06-12 18:08:53,treatment,0
USR_03038,2026-06-12 18:09:11,control,0
USR_17377,2026-06-12 18:09:46,treatment,0
USR_12797,2026-06-12 18:10:58,treatment,0
USR_04501,2026-06-12 18:11:42,control,0
USR_00091,2026-06-12 18:11:48,control,0
USR_14137,2026-06-12 18:12:24,treatment,0
USR_04036,2026-06-12 18:12:42,control,0
USR_19906,2026-06-12 18:12:48,control,0
USR_00528,2026-06-12 18:15:08,treatment,0
USR_17596,2026-06-12 18:15:24,treatment,0
USR_10947,2026-06-12 18:16:46,treatment,0
USR_06272,2026-06-12 18:17:24,control,0
USR_13520,2026-06-12 18:18:19,control,0
USR_03326,2026-06-12 18:18:58,treatment,1
USR_03686,2026-06-12 18:22:07,control,1
USR_13919,2026-06-12 18:22:32,treatment,0
USR_00313,2026-06-12 18:24:06,control,0
USR_19076,2026-06-12 18:24:51,control,0
USR_06982,2026-06-12 18:27:02,control,0
USR_01438,2026-06-12 18:27:31,treatment,0
USR_03294,2026-06-12 18:30:53,treatment,0
USR_02715,2026-06-12 18:32:17,treatment,0
USR_19762,2026-06-12 18:32:59,control,0
USR_16437,2026-06-12 18:33:25,treatment,0
USR_16766,2026-06-12 18:33:32,control,0
USR_05412,2026-06-12 18:34:10,control,0
USR_07214,2026-06-12 18:34:21,treatment,1
USR_04410,2026-06-12 18:34:27,treatment,1
USR_17431,2026-06-12 18:35:48,control,0
USR_07206,2026-06-12 18:36:27,control,0
USR_10015,2026-06-12 18:37:42,treatment,0
USR_09391,2026-06-12 18:37:52,treatment,0
USR_04767,2026-06-12 18:38:07,treatment,0
USR_07709,2026-06-12 18:39:18,treatment,0
USR_13289,2026-06-12 18:41:42,treatment,0
USR_08981,2026-06-12 18:43:09,treatment,0
USR_03348,2026-06-12 18:43:29,treatment,0
USR_16832,2026-06-12 18:43:35,control,0
USR_03629,2026-06-12 18:45:48,control,0
USR_08121,2026-06-12 18:46:02,treatment,0
USR_12709,2026-06-12 18:46:20,control,0
USR_09952,2026-06-12 18:47:38,treatment,0
USR_06260,2026-06-12 18:48:29,control,0
USR_19107,2026-06-12 18:48:31,control,0
USR_10088,2026-06-12 18:50:13,treatment,1
USR_10783,2026-06-12 18:52:54,control,0
USR_09717,2026-06-12 18:53:43,control,0
USR_05126,2026-06-12 18:56:26,treatment,0
USR_11229,2026-06-12 18:57:44,control,0
USR_14362,2026-06-12 19:00:29,control,0
USR_16338,2026-06-12 19:00:46,control,0
USR_12213,2026-06-12 19:00:57,control,0
USR_03636,2026-06-12 19:06:10,control,0
USR_16626,2026-06-12 19:07:44,control,0
USR_04660,2026-06-12 19:08:21,treatment,0
USR_01500,2026-06-12 19:08:45,treatment,0
USR_11091,2026-06-12 19:09:12,control,0
USR_08011,2026-06-12 19:09:44,treatment,0
USR_18640,2026-06-12 19:11:32,treatment,1
USR_01068,2026-06-12 19:12:42,treatment,0
USR_14930,2026-06-12 19:12:54,treatment,0
USR_01522,2026-06-12 19:13:14,treatment,0
USR_07843,2026-06-12 19:13:21,treatment,0
USR_10108,2026-06-12 19:13:34,control,0
USR_10270,2026-06-12 19:13:55,treatment,0
USR_16977,2026-06-12 19:14:46,treatment,0
USR_10298,2026-06-12 19:16:40,treatment,0
USR_09162,2026-06-12 19:17:19,treatment,0
USR_12413,2026-06-12 19:18:02,control,0
USR_01099,2026-06-12 19:24:09,treatment,0
USR_11608,2026-06-12 19:24:46,treatment,0
USR_14436,2026-06-12 19:24:58,control,0
USR_03964,2026-06-12 19:25:21,treatment,0
USR_06112,2026-06-12 19:27:00,control,0
USR_02072,2026-06-12 19:28:22,control,0
USR_08116,2026-06-12 19:29:54,treatment,0
USR_05892,2026-06-12 19:30:04,control,0
USR_16983,2026-06-12 19:30:14,control,0
USR_16360,2026-06-12 19:30:36,treatment,0
USR_12085,2026-06-12 19:33:19,control,0
USR_15895,2026-06-12 19:35:31,control,0
USR_14067,2026-06-12 19:35:47,treatment,0
USR_02619,2026-06-12 19:38:32,treatment,0
USR_03159,2026-06-12 19:39:45,control,0
USR_01064,2026-06-12 19:40:13,treatment,0
USR_04944,2026-06-12 19:40:18,control,0
USR_08022,2026-06-12 19:40:24,control,0
USR_13726,2026-06-12 19:41:11,treatment,0
USR_03122,2026-06-12 19:41:33,treatment,1
USR_01573,2026-06-12 19:43:03,control,1
USR_05554,2026-06-12 19:43:27,control,0
USR_14766,2026-06-12 19:44:31,control,0
USR_04905,2026-06-12 19:45:17,treatment,0
USR_10048,2026-06-12 19:47:40,treatment,0
USR_17957,2026-06-12 19:49:01,treatment,0
USR_13527,2026-06-12 19:49:06,treatment,0
USR_11581,2026-06-12 19:49:08,control,1
USR_09815,2026-06-12 19:53:46,control,0
USR_17089,2026-06-12 19:54:04,control,0
USR_06273,2026-06-12 19:54:50,control,0
USR_04728,2026-06-12 19:56:13,control,0
USR_14646,2026-06-12 19:56:27,control,0
USR_12071,2026-06-12 19:58:05,treatment,0
USR_02087,2026-06-12 19:58:48,treatment,0
USR_02129,2026-06-12 19:59:20,control,0
USR_08051,2026-06-12 19:59:31,treatment,0
USR_04034,2026-06-12 20:01:44,treatment,0
USR_18464,2026-06-12 20:02:11,control,0
USR_14152,2026-06-12 20:02:23,treatment,0
USR_08775,2026-06-12 20:03:28,treatment,0
USR_19373,2026-06-12 20:03:42,control,0
USR_03134,2026-06-12 20:06:31,treatment,0
USR_05728,2026-06-12 20:07:39,treatment,0
USR_02361,2026-06-12 20:07:46,control,0
USR_11233,2026-06-12 20:08:16,control,0
USR_15031,2026-06-12 20:09:57,treatment,0
USR_12151,2026-06-12 20:09:58,treatment,0
USR_11704,2026-06-12 20:10:56,control,0
USR_05614,2026-06-12 20:11:19,treatment,0
USR_02649,2026-06-12 20:12:24,control,0
USR_08648,2026-06-12 20:14:42,control,0
USR_02900,2026-06-12 20:14:45,control,0
USR_16737,2026-06-12 20:16:24,control,0
USR_16444,2026-06-12 20:16:29,control,0
USR_02580,2026-06-12 20:17:16,treatment,0
USR_16121,2026-06-12 20:17:47,control,0
USR_03253,2026-06-12 20:18:39,control,0
USR_17857,2026-06-12 20:18:54,treatment,0
USR_08087,2026-06-12 20:19:32,treatment,0
USR_08577,2026-06-12 20:20:08,control,0
USR_19526,2026-06-12 20:21:16,control,0
USR_13687,2026-06-12 20:21:40,treatment,0
USR_12484,2026-06-12 20:22:09,treatment,1
USR_01014,2026-06-12 20:23:13,treatment,0
USR_07107,2026-06-12 20:23:38,treatment,0
USR_02875,2026-06-12 20:23:51,control,1
USR_06118,2026-06-12 20:25:16,treatment,0
USR_11459,2026-06-12 20:25:19,control,0
USR_06510,2026-06-12 20:28:47,control,0
USR_07907,2026-06-12 20:28:53,treatment,0
USR_15136,2026-06-12 20:30:19,control,1
USR_05203,2026-06-12 20:30:37,treatment,0
USR_01685,2026-06-12 20:30:43,control,0
USR_00946,2026-06-12 20:30:46,treatment,0
USR_07967,2026-06-12 20:31:29,control,0
USR_18816,2026-06-12 20:33:09,treatment,0
USR_01175,2026-06-12 20:33:15,control,0
USR_04605,2026-06-12 20:33:41,treatment,0
USR_13227,2026-06-12 20:33:43,control,0
USR_02429,2026-06-12 20:34:23,treatment,0
USR_09793,2026-06-12 20:35:38,control,0
USR_15036,2026-06-12 20:36:06,treatment,0
USR_18787,2026-06-12 20:36:52,treatment,0
USR_17560,2026-06-12 20:37:51,control,0
USR_11897,2026-06-12 20:39:31,treatment,0
USR_18184,2026-06-12 20:40:22,treatment,0
USR_09907,2026-06-12 20:42:51,treatment,0
USR_15547,2026-06-12 20:42:52,control,0
USR_15987,2026-06-12 20:44:54,control,0
USR_04552,2026-06-12 20:46:08,treatment,0
USR_08910,2026-06-12 20:47:36,control,0
USR_18146,2026-06-12 20:48:01,treatment,0
USR_02599,2026-06-12 20:48:22,treatment,0
USR_15488,2026-06-12 20:48:33,treatment,0
USR_17288,2026-06-12 20:48:44,control,0
USR_08857,2026-06-12 20:49:00,treatment,0
USR_08373,2026-06-12 20:51:16,control,0
USR_10054,2026-06-12 20:53:42,treatment,0
USR_06066,2026-06-12 20:53:47,control,0
USR_02440,2026-06-12 20:54:44,treatment,0
USR_17206,2026-06-12 20:59:19,treatment,0
USR_08410,2026-06-12 21:00:50,control,0
USR_08837,2026-06-12 21:02:19,treatment,0
USR_18269,2026-06-12 21:02:37,control,0
USR_14347,2026-06-12 21:03:11,treatment,0
USR_00084,2026-06-12 21:04:40,control,0
USR_12923,2026-06-12 21:06:34,treatment,0
USR_08557,2026-06-12 21:06:56,treatment,0
USR_12010,2026-06-12 21:08:52,control,0
USR_04670,2026-06-12 21:09:47,control,0
USR_15015,2026-06-12 21:10:12,treatment,0
USR_04102,2026-06-12 21:13:08,treatment,0
USR_19986,2026-06-12 21:14:28,control,0
USR_06089,2026-06-12 21:15:56,treatment,0
USR_07436,2026-06-12 21:16:18,control,0
USR_02531,2026-06-12 21:16:54,control,0
USR_15499,2026-06-12 21:17:22,treatment,0
USR_18460,2026-06-12 21:18:55,control,0
USR_18095,2026-06-12 21:19:17,control,0
USR_03767,2026-06-12 21:21:28,control,0
USR_06212,2026-06-12 21:23:12,treatment,0
USR_13160,2026-06-12 21:23:26,treatment,0
USR_00338,2026-06-12 21:23:42,treatment,0
USR_17315,2026-06-12 21:24:10,treatment,0
USR_14426,2026-06-12 21:25:07,control,0
USR_17205,2026-06-12 21:25:40,control,0
USR_12382,2026-06-12 21:26:27,treatment,0
USR_12347,2026-06-12 21:27:15,control,0
USR_15932,2026-06-12 21:27:54,control,0
USR_13650,2026-06-12 21:28:50,control,0
USR_00476,2026-06-12 21:29:29,control,0
USR_16782,2026-06-12 21:34:04,control,0
USR_04610,2026-06-12 21:34:42,control,0
USR_04957,2026-06-12 21:34:43,treatment,0
USR_10746,2026-06-12 21:36:23,treatment,0
USR_15778,2026-06-12 21:36:23,treatment,0
USR_01953,2026-06-12 21:36:43,control,0
USR_12906,2026-06-12 21:37:27,treatment,0
USR_19711,2026-06-12 21:37:55,control,1
USR_17287,2026-06-12 21:38:45,treatment,0
USR_13903,2026-06-12 21:39:42,treatment,0
USR_02198,2026-06-12 21:40:51,treatment,0
USR_15301,2026-06-12 21:46:20,control,0
USR_01165,2026-06-12 21:49:26,control,0
USR_03340,2026-06-12 21:49:37,control,0
USR_16332,2026-06-12 21:49:54,control,0
USR_11390,2026-06-12 21:50:18,treatment,0
USR_13776,2026-06-12 21:50:26,treatment,0
USR_12522,2026-06-12 21:50:27,treatment,0
USR_06636,2026-06-12 21:51:03,treatment,0
USR_12318,2026-06-12 21:52:44,control,0
USR_15929,2026-06-12 21:53:11,treatment,0
USR_05183,2026-06-12 21:53:13,treatment,0
USR_00148,2026-06-12 21:53:34,treatment,0
USR_09866,2026-06-12 21:54:19,treatment,0
USR_19601,2026-06-12 21:54:38,control,0
USR_09935,2026-06-12 21:54:43,treatment,0
USR_03448,2026-06-12 21:54:58,treatment,0
USR_00146,2026-06-12 21:55:22,treatment,0
USR_05528,2026-06-12 21:56:28,control,0
USR_00172,2026-06-12 21:57:02,control,0
USR_08179,2026-06-12 21:57:17,control,0
USR_04582,2026-06-12 21:58:37,control,0
USR_16264,2026-06-12 21:59:48,treatment,0
USR_15400,2026-06-12 22:00:33,treatment,0
USR_04365,2026-06-12 22:00:58,control,0
USR_09404,2026-06-12 22:02:04,control,0
USR_09829,2026-06-12 22:03:13,control,0
USR_19496,2026-06-12 22:03:34,treatment,0
USR_12549,2026-06-12 22:04:35,treatment,0
USR_02795,2026-06-12 22:09:57,treatment,0
USR_13038,2026-06-12 22:11:16,treatment,0
USR_08404,2026-06-12 22:11:44,control,0
USR_01697,2026-06-12 22:13:56,control,0
USR_02260,2026-06-12 22:14:10,treatment,0
USR_14148,2026-06-12 22:14:58,treatment,0
USR_05314,2026-06-12 22:20:17,control,0
USR_08352,2026-06-12 22:21:37,treatment,0
USR_18221,2026-06-12 22:21:57,control,0
USR_00080,2026-06-12 22:23:06,treatment,0
USR_05926,2026-06-12 22:24:25,control,0
USR_07453,2026-06-12 22:25:01,treatment,0
USR_00469,2026-06-12 22:25:45,control,0
USR_11846,2026-06-12 22:26:04,treatment,0
USR_19233,2026-06-12 22:26:14,control,0
USR_00577,2026-06-12 22:26:19,treatment,0
USR_05538,2026-06-12 22:26:25,control,0
USR_04848,2026-06-12 22:27:07,treatment,0
USR_07932,2026-06-12 22:28:24,treatment,0
USR_12385,2026-06-12 22:28:30,control,0
USR_08816,2026-06-12 22:31:35,treatment,1
USR_17765,2026-06-12 22:32:11,control,0
USR_09578,2026-06-12 22:32:40,control,0
USR_01069,2026-06-12 22:32:45,control,0
USR_18166,2026-06-12 22:36:06,treatment,1
USR_16336,2026-06-12 22:36:25,treatment,0
USR_03388,2026-06-12 22:36:48,treatment,0
USR_03586,2026-06-12 22:38:09,control,0
USR_07690,2026-06-12 22:38:26,control,0
USR_13983,2026-06-12 22:38:27,treatment,0
USR_17110,2026-06-12 22:38:33,control,0
USR_17885,2026-06-12 22:39:16,treatment,0
USR_10454,2026-06-12 22:40:29,control,0
USR_16245,2026-06-12 22:40:41,control,0
USR_13735,2026-06-12 22:43:02,treatment,0
USR_06241,2026-06-12 22:47:35,control,1
USR_06392,2026-06-12 22:49:07,control,0
USR_15101,2026-06-12 22:49:14,control,1
USR_07411,2026-06-12 22:52:17,control,1
USR_17645,2026-06-12 22:54:54,treatment,0
USR_16982,2026-06-12 22:55:28,treatment,0
USR_02328,2026-06-12 22:57:26,treatment,0
USR_00381,2026-06-12 22:57:48,control,0
USR_09725,2026-06-12 22:58:24,control,0
USR_07372,2026-06-12 22:58:42,treatment,0
USR_04526,2026-06-12 22:59:58,treatment,0
USR_14213,2026-06-12 23:02:19,treatment,0
USR_04780,2026-06-12 23:02:38,control,0
USR_07535,2026-06-12 23:02:53,treatment,0
USR_01552,2026-06-12 23:03:39,treatment,0
USR_18898,2026-06-12 23:04:39,treatment,0
USR_00326,2026-06-12 23:04:42,treatment,0
USR_02688,2026-06-12 23:05:28,treatment,0
USR_07143,2026-06-12 23:06:03,control,0
USR_17453,2026-06-12 23:06:18,treatment,0
USR_19488,2026-06-12 23:06:25,control,0
USR_03210,2026-06-12 23:06:41,control,1
USR_04258,2026-06-12 23:06:46,treatment,0
USR_04922,2026-06-12 23:06:51,control,0
USR_10267,2026-06-12 23:07:45,treatment,0
USR_02143,2026-06-12 23:08:05,control,0
USR_00329,2026-06-12 23:09:01,treatment,0
USR_16447,2026-06-12 23:10:02,control,0
USR_11600,2026-06-12 23:10:41,treatment,0
USR_13178,2026-06-12 23:11:48,control,1
USR_03838,2026-06-12 23:11:48,treatment,0
USR_00562,2026-06-12 23:13:33,treatment,0
USR_11170,2026-06-12 23:15:01,treatment,0
USR_09512,2026-06-12 23:15:37,control,0
USR_15722,2026-06-12 23:16:20,control,0
USR_03608,2026-06-12 23:16:25,control,0
USR_06382,2026-06-12 23:17:18,treatment,0
USR_05385,2026-06-12 23:17:43,control,0
USR_08623,2026-06-12 23:17:47,control,1
USR_12020,2026-06-12 23:18:11,control,0
USR_16701,2026-06-12 23:19:18,treatment,0
USR_10337,2026-06-12 23:19:20,treatment,0
USR_07196,2026-06-12 23:19:46,control,0
USR_07057,2026-06-12 23:21:10,treatment,0
USR_06085,2026-06-12 23:22:24,treatment,0
USR_02990,2026-06-12 23:22:52,control,0
USR_08701,2026-06-12 23:22:53,treatment,0
USR_15525,2026-06-12 23:23:28,control,0
USR_01473,2026-06-12 23:24:15,treatment,0
USR_01962,2026-06-12 23:24:56,treatment,0
USR_03231,2026-06-12 23:25:59,control,1
USR_12598,2026-06-12 23:28:11,control,0
USR_00028,2026-06-12 23:28:28,treatment,0
USR_05862,2026-06-12 23:29:23,control,0
USR_17475,2026-06-12 23:29:26,treatment,0
USR_04525,2026-06-12 23:31:31,treatment,0
USR_19308,2026-06-12 23:31:39,treatment,0
USR_19171,2026-06-12 23:34:59,control,0
USR_02341,2026-06-12 23:35:10,control,0
USR_11394,2026-06-12 23:35:24,treatment,0
USR_05715,2026-06-12 23:36:07,treatment,0
USR_16188,2026-06-12 23:36:17,treatment,0
USR_19031,2026-06-12 23:36:45,treatment,0
USR_12009,2026-06-12 23:37:04,treatment,0
USR_12317,2026-06-12 23:39:01,control,0
USR_14437,2026-06-12 23:39:52,treatment,1
USR_15321,2026-06-12 23:40:22,control,0
USR_06109,2026-06-12 23:40:57,control,0
USR_10585,2026-06-12 23:42:15,treatment,1
USR_19148,2026-06-12 23:42:21,control,0
USR_09583,2026-06-12 23:42:30,control,0
USR_00689,2026-06-12 23:43:10,treatment,0
USR_18099,2026-06-12 23:43:46,control,0
USR_18323,2026-06-12 23:43:51,control,0
USR_08293,2026-06-12 23:43:52,treatment,0
USR_05806,2026-06-12 23:43:59,treatment,0
USR_15384,2026-06-12 23:44:56,treatment,0
USR_04298,2026-06-12 23:46:11,treatment,0
USR_06858,2026-06-12 23:47:47,control,0
USR_14941,2026-06-12 23:47:56,control,0
USR_09268,2026-06-12 23:47:59,control,0
USR_08138,2026-06-12 23:48:02,treatment,0
USR_03121,2026-06-12 23:51:11,treatment,0
USR_15435,2026-06-12 23:52:08,treatment,0
USR_02678,2026-06-12 23:52:12,treatment,0
USR_19323,2026-06-12 23:52:42,control,0
USR_05349,2026-06-12 23:56:48,control,0
USR_06076,2026-06-12 23:56:57,treatment,0
USR_00454,2026-06-12 23:58:23,treatment,0
USR_07581,2026-06-12 23:59:09,control,1
USR_10668,2026-06-13 00:01:58,treatment,0
USR_12973,2026-06-13 00:02:58,control,0
USR_19416,2026-06-13 00:03:11,treatment,0
USR_09876,2026-06-13 00:04:18,treatment,1
USR_11006,2026-06-13 00:04:34,control,0
USR_17194,2026-06-13 00:04:34,control,0
USR_03700,2026-06-13 00:06:17,treatment,0
USR_13217,2026-06-13 00:10:31,treatment,0
USR_14061,2026-06-13 00:10:54,control,0
USR_09305,2026-06-13 00:13:52,control,0
USR_09612,2026-06-13 00:14:59,control,0
USR_03734,2026-06-13 00:15:54,treatment,0
USR_17345,2026-06-13 00:16:17,treatment,0
USR_12741,2026-06-13 00:16:41,control,0
USR_00791,2026-06-13 00:17:11,control,1
USR_17613,2026-06-13 00:20:07,treatment,0
USR_15538,2026-06-13 00:20:44,control,0
USR_18687,2026-06-13 00:21:04,treatment,0
USR_04793,2026-06-13 00:21:24,control,0
USR_03227,2026-06-13 00:22:22,control,0
USR_08047,2026-06-13 00:22:53,treatment,0
USR_02827,2026-06-13 00:24:29,control,0
USR_00856,2026-06-13 00:27:44,treatment,0
USR_09244,2026-06-13 00:29:40,treatment,0
USR_06993,2026-06-13 00:32:38,treatment,0
USR_06222,2026-06-13 00:33:04,treatment,0
USR_05270,2026-06-13 00:34:53,treatment,0
USR_05191,2026-06-13 00:36:07,treatment,0
USR_17790,2026-06-13 00:36:11,treatment,0
USR_15401,2026-06-13 00:36:29,treatment,0
USR_13614,2026-06-13 00:37:00,treatment,0
USR_14282,2026-06-13 00:39:42,treatment,0
USR_11737,2026-06-13 00:40:07,treatment,0
USR_01298,2026-06-13 00:40:26,treatment,1
USR_17883,2026-06-13 00:41:13,treatment,0
USR_01079,2026-06-13 00:41:56,control,0
USR_14717,2026-06-13 00:45:04,treatment,0
USR_14632,2026-06-13 00:45:47,control,0
USR_09800,2026-06-13 00:46:09,treatment,0
USR_12930,2026-06-13 00:46:16,control,0
USR_02582,2026-06-13 00:47:11,control,0
USR_07425,2026-06-13 00:47:28,treatment,0
USR_07007,2026-06-13 00:48:44,treatment,0
USR_05831,2026-06-13 00:49:56,treatment,0
USR_07119,2026-06-13 00:52:07,treatment,0
USR_15852,2026-06-13 00:52:09,treatment,0
USR_05330,2026-06-13 00:53:32,control,0
USR_17328,2026-06-13 00:54:04,control,0
USR_00179,2026-06-13 00:55:07,treatment,0
USR_13897,2026-06-13 00:55:22,treatment,0
USR_03089,2026-06-13 00:56:26,treatment,0
USR_16195,2026-06-13 00:56:34,control,1
USR_00687,2026-06-13 00:56:47,control,0
USR_17380,2026-06-13 00:58:12,treatment,0
USR_06561,2026-06-13 00:59:31,control,0
USR_09884,2026-06-13 01:00:13,treatment,0
USR_05468,2026-06-13 01:01:00,control,0
USR_05208,2026-06-13 01:02:51,treatment,1
USR_01155,2026-06-13 01:03:45,treatment,0
USR_19278,2026-06-13 01:06:52,control,1
USR_11405,2026-06-13 01:07:17,control,0
USR_19568,2026-06-13 01:07:21,treatment,0
USR_01492,2026-06-13 01:08:09,control,0
USR_11853,2026-06-13 01:08:49,control,1
USR_08945,2026-06-13 01:10:25,control,0
USR_14630,2026-06-13 01:10:57,control,0
USR_04562,2026-06-13 01:11:02,treatment,0
USR_13688,2026-06-13 01:11:35,treatment,0
USR_05516,2026-06-13 01:11:48,treatment,0
USR_05792,2026-06-13 01:12:02,control,0
USR_16345,2026-06-13 01:12:07,treatment,0
USR_11029,2026-06-13 01:12:20,control,0
USR_12075,2026-06-13 01:12:46,treatment,0
USR_04021,2026-06-13 01:13:54,control,0
USR_11812,2026-06-13 01:15:26,control,0
USR_02240,2026-06-13 01:15:48,control,0
USR_07521,2026-06-13 01:20:39,treatment,0
USR_04639,2026-06-13 01:20:39,control,0
USR_00167,2026-06-13 01:20:55,treatment,0
USR_06650,2026-06-13 01:21:10,control,0
USR_15171,2026-06-13 01:21:22,treatment,0
USR_13720,2026-06-13 01:21:24,treatment,0
USR_05863,2026-06-13 01:23:13,treatment,0
USR_10622,2026-06-13 01:23:17,treatment,0
USR_15368,2026-06-13 01:23:49,treatment,1
USR_09637,2026-06-13 01:23:55,treatment,0
USR_11803,2026-06-13 01:24:11,control,0
USR_03673,2026-06-13 01:28:19,control,0
USR_08677,2026-06-13 01:28:34,treatment,0
USR_02820,2026-06-13 01:29:47,treatment,0
USR_17983,2026-06-13 01:30:10,treatment,0
USR_08337,2026-06-13 01:30:18,treatment,0
USR_07983,2026-06-13 01:30:25,control,0
USR_08824,2026-06-13 01:32:17,treatment,0
USR_19536,2026-06-13 01:32:28,treatment,0
USR_07942,2026-06-13 01:34:51,control,0
USR_06990,2026-06-13 01:37:21,treatment,0
USR_15406,2026-06-13 01:38:05,treatment,1
USR_14401,2026-06-13 01:38:25,control,0
USR_08031,2026-06-13 01:43:22,treatment,0
USR_17075,2026-06-13 01:43:58,treatment,0
USR_18568,2026-06-13 01:45:05,control,0
USR_12610,2026-06-13 01:45:10,control,0
USR_00891,2026-06-13 01:45:12,control,0
USR_08169,2026-06-13 01:45:32,control,0
USR_16011,2026-06-13 01:46:53,treatment,0
USR_09752,2026-06-13 01:49:14,treatment,0
USR_12353,2026-06-13 01:50:02,control,0
USR_04476,2026-06-13 01:50:17,treatment,0
USR_17573,2026-06-13 01:51:55,control,0
USR_16279,2026-06-13 01:52:07,control,0
USR_05974,2026-06-13 01:52:33,treatment,0
USR_05482,2026-06-13 01:53:59,treatment,0
USR_15867,2026-06-13 01:54:00,treatment,0
USR_12996,2026-06-13 01:55:00,control,0
USR_17250,2026-06-13 01:55:22,treatment,0
USR_08558,2026-06-13 01:56:05,treatment,0
USR_02111,2026-06-13 01:57:02,control,0
USR_10984,2026-06-13 01:58:27,treatment,0
USR_06062,2026-06-13 01:58:45,treatment,0
USR_08448,2026-06-13 01:58:58,treatment,0
USR_11829,2026-06-13 01:59:14,treatment,0
USR_14586,2026-06-13 01:59:26,control,0
USR_12485,2026-06-13 02:00:44,control,0
USR_12591,2026-06-13 02:02:26,treatment,0
USR_00081,2026-06-13 02:03:04,control,0
USR_01100,2026-06-13 02:04:09,control,0
USR_19266,2026-06-13 02:06:35,treatment,0
USR_18722,2026-06-13 02:06:48,control,0
USR_15663,2026-06-13 02:06:54,control,0
USR_11328,2026-06-13 02:08:36,control,0
USR_16548,2026-06-13 02:09:12,treatment,0
USR_09878,2026-06-13 02:09:13,treatment,0
USR_03722,2026-06-13 02:09:53,treatment,0
USR_10673,2026-06-13 02:10:09,control,0
USR_17886,2026-06-13 02:10:13,treatment,0
USR_12358,2026-06-13 02:10:22,control,0
USR_18618,2026-06-13 02:11:08,treatment,0
USR_07070,2026-06-13 02:11:53,treatment,0
USR_02488,2026-06-13 02:12:30,control,0
USR_17106,2026-06-13 02:13:36,control,0
USR_09514,2026-06-13 02:14:33,treatment,0
USR_03904,2026-06-13 02:15:19,treatment,0
USR_01345,2026-06-13 02:17:07,control,0
USR_08071,2026-06-13 02:17:47,treatment,0
USR_11420,2026-06-13 02:17:55,treatment,0
USR_15331,2026-06-13 02:18:27,treatment,0
USR_11277,2026-06-13 02:18:46,treatment,0
USR_05194,2026-06-13 02:19:18,treatment,0
USR_15871,2026-06-13 02:20:40,treatment,0
USR_19758,2026-06-13 02:22:08,control,0
USR_18420,2026-06-13 02:23:21,control,0
USR_10411,2026-06-13 02:23:53,control,0
USR_11726,2026-06-13 02:24:22,treatment,0
USR_13105,2026-06-13 02:24:43,control,0
USR_14120,2026-06-13 02:26:39,control,0
USR_00547,2026-06-13 02:26:54,treatment,0
USR_10865,2026-06-13 02:27:05,treatment,0
USR_07605,2026-06-13 02:27:40,treatment,0
USR_13561,2026-06-13 02:29:03,treatment,0
USR_13871,2026-06-13 02:30:06,control,0
USR_01164,2026-06-13 02:30:27,control,0
USR_04812,2026-06-13 02:31:39,control,1
USR_13287,2026-06-13 02:32:13,treatment,0
USR_11086,2026-06-13 02:34:57,control,0
USR_13710,2026-06-13 02:35:01,control,0
USR_17817,2026-06-13 02:37:03,control,0
USR_09351,2026-06-13 02:40:32,treatment,0
USR_06010,2026-06-13 02:41:17,control,0
USR_06132,2026-06-13 02:42:31,treatment,0
USR_10033,2026-06-13 02:44:01,control,0
USR_07852,2026-06-13 02:44:53,control,0
USR_14878,2026-06-13 02:45:03,control,0
USR_02689,2026-06-13 02:45:29,treatment,0
USR_11941,2026-06-13 02:45:34,treatment,0
USR_12780,2026-06-13 02:46:47,treatment,0
USR_09548,2026-06-13 02:47:09,treatment,0
USR_12871,2026-06-13 02:47:43,control,0
USR_07173,2026-06-13 02:48:30,treatment,0
USR_10864,2026-06-13 02:49:34,control,0
USR_04623,2026-06-13 02:50:54,control,0
USR_19600,2026-06-13 02:51:11,treatment,0
USR_08504,2026-06-13 02:51:26,treatment,0
USR_03771,2026-06-13 02:52:49,treatment,0
USR_15746,2026-06-13 02:52:51,treatment,0
USR_11386,2026-06-13 02:52:55,control,0
USR_15626,2026-06-13 02:53:17,control,0
USR_09727,2026-06-13 02:54:13,control,0
USR_01176,2026-06-13 02:54:47,treatment,0
USR_09926,2026-06-13 02:56:29,control,1
USR_02059,2026-06-13 02:56:54,treatment,0
USR_12733,2026-06-13 02:57:44,control,0
USR_11082,2026-06-13 02:58:11,control,0
USR_10174,2026-06-13 03:00:14,control,0
USR_03092,2026-06-13 03:01:41,control,0
USR_08128,2026-06-13 03:02:04,treatment,1
USR_02269,2026-06-13 03:02:30,control,0
USR_02308,2026-06-13 03:03:27,control,0
USR_11630,2026-06-13 03:03:49,treatment,0
USR_11940,2026-06-13 03:07:41,treatment,0
USR_02785,2026-06-13 03:07:58,treatment,0
USR_10807,2026-06-13 03:10:17,treatment,0
USR_06699,2026-06-13 03:11:06,control,0
USR_14951,2026-06-13 03:11:18,treatment,0
USR_16731,2026-06-13 03:12:38,treatment,0
USR_14975,2026-06-13 03:13:58,control,0
USR_06454,2026-06-13 03:14:17,treatment,0
USR_06017,2026-06-13 03:16:29,control,0
USR_16518,2026-06-13 03:16:53,treatment,0
USR_19217,2026-06-13 03:17:27,control,0
USR_19677,2026-06-13 03:18:48,treatment,0
USR_16275,2026-06-13 03:18:59,control,0
USR_01082,2026-06-13 03:19:43,control,0
USR_09279,2026-06-13 03:22:28,control,0
USR_05252,2026-06-13 03:23:44,treatment,0
USR_17797,2026-06-13 03:25:16,control,0
USR_07503,2026-06-13 03:25:50,treatment,0
USR_16299,2026-06-13 03:26:10,control,0
USR_04683,2026-06-13 03:29:06,control,0
USR_02922,2026-06-13 03:30:48,treatment,0
USR_08917,2026-06-13 03:34:18,treatment,0
USR_11502,2026-06-13 03:36:31,treatment,0
USR_08801,2026-06-13 03:36:38,treatment,0
USR_06348,2026-06-13 03:37:14,control,0
USR_11247,2026-06-13 03:37:54,treatment,1
USR_01968,2026-06-13 03:40:35,treatment,0
USR_00685,2026-06-13 03:41:19,treatment,0
USR_08161,2026-06-13 03:43:00,treatment,0
USR_06716,2026-06-13 03:45:16,control,0
USR_18480,2026-06-13 03:47:10,treatment,0
USR_06601,2026-06-13 03:50:28,control,0
USR_02225,2026-06-13 03:51:10,control,1
USR_07820,2026-06-13 03:51:34,treatment,1
USR_18628,2026-06-13 03:51:36,control,0
USR_18689,2026-06-13 03:53:09,control,0
USR_17799,2026-06-13 03:54:29,treatment,0
USR_12717,2026-06-13 03:55:42,control,0
USR_14643,2026-06-13 03:56:36,control,0
USR_15577,2026-06-13 03:56:38,control,0
USR_15775,2026-06-13 03:57:01,control,0
USR_16416,2026-06-13 03:57:18,treatment,0
USR_10894,2026-06-13 03:57:27,treatment,0
USR_03761,2026-06-13 03:57:28,control,0
USR_05147,2026-06-13 03:58:22,treatment,0
USR_19666,2026-06-13 03:59:14,treatment,1
USR_18612,2026-06-13 04:00:08,treatment,0
USR_03650,2026-06-13 04:00:44,treatment,1
USR_15558,2026-06-13 04:01:30,control,0
USR_06807,2026-06-13 04:02:03,treatment,0
USR_15416,2026-06-13 04:02:22,control,0
USR_05952,2026-06-13 04:02:31,treatment,0
USR_17794,2026-06-13 04:04:55,treatment,0
USR_09797,2026-06-13 04:05:41,treatment,0
USR_09635,2026-06-13 04:07:49,control,0
USR_00478,2026-06-13 04:09:33,control,0
USR_03647,2026-06-13 04:09:55,treatment,0
USR_19482,2026-06-13 04:11:52,treatment,0
USR_07659,2026-06-13 04:11:56,control,0
USR_03429,2026-06-13 04:12:43,treatment,0
USR_16316,2026-06-13 04:14:11,treatment,0
USR_06411,2026-06-13 04:14:39,control,0
USR_18264,2026-06-13 04:14:51,treatment,0
USR_16606,2026-06-13 04:15:03,control,0
USR_06521,2026-06-13 04:15:18,treatment,0
USR_12437,2026-06-13 04:17:37,treatment,0
USR_03395,2026-06-13 04:19:52,control,0
USR_14829,2026-06-13 04:20:14,control,0
USR_03261,2026-06-13 04:20:33,treatment,0
USR_07701,2026-06-13 04:20:47,treatment,0
USR_09820,2026-06-13 04:23:13,treatment,0
USR_16250,2026-06-13 04:26:30,control,1
USR_18390,2026-06-13 04:27:29,control,0
USR_12297,2026-06-13 04:29:15,control,0
USR_16512,2026-06-13 04:33:47,treatment,0
USR_17714,2026-06-13 04:34:13,control,0
USR_14979,2026-06-13 04:34:29,control,0
USR_03457,2026-06-13 04:35:19,control,0
USR_07073,2026-06-13 04:35:32,treatment,0
USR_09649,2026-06-13 04:35:39,control,0
USR_03054,2026-06-13 04:37:13,control,0
USR_17669,2026-06-13 04:37:23,control,0
USR_08088,2026-06-13 04:41:44,control,0
USR_12035,2026-06-13 04:44:37,treatment,0
USR_01967,2026-06-13 04:47:00,treatment,0
USR_01677,2026-06-13 04:47:50,control,0
USR_08747,2026-06-13 04:47:57,treatment,0
USR_10155,2026-06-13 04:48:20,treatment,0
USR_08859,2026-06-13 04:50:23,control,0
USR_17685,2026-06-13 04:50:40,treatment,0
USR_07909,2026-06-13 04:51:12,control,0
USR_15900,2026-06-13 04:51:37,treatment,0
USR_19358,2026-06-13 04:53:21,treatment,0
USR_11933,2026-06-13 04:53:46,treatment,0
USR_16597,2026-06-13 04:54:49,treatment,0
USR_05118,2026-06-13 04:55:52,treatment,0
USR_10422,2026-06-13 04:55:52,control,0
USR_00626,2026-06-13 04:56:56,control,0
USR_00992,2026-06-13 04:57:25,control,0
USR_13251,2026-06-13 04:57:38,control,1
USR_19868,2026-06-13 04:57:42,treatment,0
USR_12070,2026-06-13 04:58:28,treatment,1
USR_03670,2026-06-13 04:58:52,control,0
USR_07562,2026-06-13 05:00:03,control,1
USR_19170,2026-06-13 05:00:31,treatment,0
USR_15933,2026-06-13 05:01:35,treatment,0
USR_08230,2026-06-13 05:02:33,treatment,0
USR_19871,2026-06-13 05:02:37,control,0
USR_11639,2026-06-13 05:03:16,treatment,0
USR_01102,2026-06-13 05:04:56,treatment,0
USR_04066,2026-06-13 05:04:58,treatment,0
USR_16920,2026-06-13 05:06:24,treatment,0
USR_00839,2026-06-13 05:07:02,control,0
USR_03265,2026-06-13 05:07:43,treatment,0
USR_03158,2026-06-13 05:08:30,treatment,0
USR_07316,2026-06-13 05:08:43,control,0
USR_00018,2026-06-13 05:08:43,treatment,0
USR_09346,2026-06-13 05:09:53,control,0
USR_14087,2026-06-13 05:10:18,control,0
USR_12188,2026-06-13 05:10:33,control,0
USR_06232,2026-06-13 05:11:01,control,0
USR_02631,2026-06-13 05:11:18,control,1
USR_08177,2026-06-13 05:11:54,control,0
USR_07078,2026-06-13 05:12:06,treatment,1
USR_03845,2026-06-13 05:12:09,treatment,0
USR_04489,2026-06-13 05:13:38,treatment,0
USR_17751,2026-06-13 05:14:38,control,0
USR_17997,2026-06-13 05:14:45,control,0
USR_08592,2026-06-13 05:14:56,control,0
USR_02089,2026-06-13 05:15:06,treatment,1
USR_15078,2026-06-13 05:15:42,treatment,1
USR_03508,2026-06-13 05:16:06,control,0
USR_08591,2026-06-13 05:16:35,treatment,1
USR_02662,2026-06-13 05:16:39,treatment,0
USR_08652,2026-06-13 05:19:39,treatment,0
USR_10182,2026-06-13 05:21:05,control,0
USR_12968,2026-06-13 05:22:30,treatment,1
USR_06406,2026-06-13 05:26:04,treatment,0
USR_07100,2026-06-13 05:27:50,control,0
USR_12221,2026-06-13 05:29:21,treatment,0
USR_03530,2026-06-13 05:30:33,control,0
USR_02400,2026-06-13 05:34:35,control,0
USR_10913,2026-06-13 05:35:52,control,0
USR_00334,2026-06-13 05:37:56,treatment,0
USR_04577,2026-06-13 05:39:23,treatment,0
USR_17614,2026-06-13 05:40:08,control,0
USR_16600,2026-06-13 05:40:22,treatment,0
USR_15404,2026-06-13 05:40:27,treatment,0
USR_15010,2026-06-13 05:41:39,treatment,0
USR_08716,2026-06-13 05:43:24,treatment,0
USR_10729,2026-06-13 05:43:24,control,0
USR_11785,2026-06-13 05:43:33,control,0
USR_19074,2026-06-13 05:44:21,treatment,0
USR_12618,2026-06-13 05:44:31,control,0
USR_14600,2026-06-13 05:47:18,treatment,0
USR_06862,2026-06-13 05:47:33,treatment,0
USR_15337,2026-06-13 05:48:02,treatment,0
USR_06278,2026-06-13 05:50:03,control,0
USR_02801,2026-06-13 05:50:09,control,0
USR_12135,2026-06-13 05:50:16,treatment,0
USR_01899,2026-06-13 05:50:26,treatment,0
USR_08653,2026-06-13 05:50:58,treatment,0
USR_06797,2026-06-13 05:51:35,control,1
USR_04383,2026-06-13 05:52:09,control,0
USR_00070,2026-06-13 05:53:36,control,0
USR_18502,2026-06-13 05:55:25,treatment,0
USR_12113,2026-06-13 05:55:35,treatment,1
USR_12875,2026-06-13 05:55:36,treatment,0
USR_14425,2026-06-13 06:01:06,control,0
USR_00697,2026-06-13 06:02:24,treatment,0
USR_04098,2026-06-13 06:04:01,treatment,0
USR_13655,2026-06-13 06:05:35,treatment,0
USR_17217,2026-06-13 06:06:53,control,0
USR_03979,2026-06-13 06:07:41,treatment,0
USR_04752,2026-06-13 06:09:00,control,0
USR_11632,2026-06-13 06:09:30,treatment,0
USR_00702,2026-06-13 06:10:04,treatment,0
USR_00503,2026-06-13 06:12:38,treatment,0
USR_18054,2026-06-13 06:13:16,control,0
USR_08095,2026-06-13 06:14:30,treatment,0
USR_15649,2026-06-13 06:15:05,control,0
USR_04325,2026-06-13 06:17:56,treatment,0
USR_00558,2026-06-13 06:19:57,treatment,0
USR_03345,2026-06-13 06:20:17,treatment,0
USR_02088,2026-06-13 06:20:30,control,0
USR_15356,2026-06-13 06:21:18,treatment,0
USR_01731,2026-06-13 06:21:27,treatment,0
USR_15287,2026-06-13 06:22:22,control,0
USR_16067,2026-06-13 06:22:34,control,0
USR_15413,2026-06-13 06:23:18,treatment,0
USR_19680,2026-06-13 06:23:34,control,0
USR_15712,2026-06-13 06:23:51,treatment,0
USR_05966,2026-06-13 06:24:30,control,0
USR_13418,2026-06-13 06:27:16,control,0
USR_07639,2026-06-13 06:27:48,control,0
USR_14123,2026-06-13 06:28:27,control,0
USR_09686,2026-06-13 06:30:30,control,0
USR_18157,2026-06-13 06:30:35,treatment,0
USR_18748,2026-06-13 06:34:12,control,0
USR_02813,2026-06-13 06:34:53,treatment,0
USR_07721,2026-06-13 06:37:50,treatment,1
USR_02748,2026-06-13 06:38:36,treatment,0
USR_02390,2026-06-13 06:40:25,control,0
USR_16063,2026-06-13 06:40:37,control,0
USR_10217,2026-06-13 06:42:26,control,0
USR_18061,2026-06-13 06:44:21,control,0
USR_13156,2026-06-13 06:45:40,control,0
USR_04570,2026-06-13 06:45:43,control,0
USR_03068,2026-06-13 06:48:17,control,0
USR_19842,2026-06-13 06:51:13,treatment,0
USR_13749,2026-06-13 06:52:23,treatment,0
USR_06522,2026-06-13 06:52:36,control,0
USR_17967,2026-06-13 06:52:40,control,0
USR_00235,2026-06-13 06:53:02,treatment,0
USR_08098,2026-06-13 06:55:23,treatment,0
USR_00680,2026-06-13 07:00:37,treatment,0
USR_08372,2026-06-13 07:06:01,treatment,1
USR_03050,2026-06-13 07:08:14,control,0
USR_15997,2026-06-13 07:09:01,control,0
USR_02648,2026-06-13 07:09:34,control,0
USR_17155,2026-06-13 07:09:53,treatment,0
USR_18482,2026-06-13 07:10:09,control,0
USR_04455,2026-06-13 07:12:56,treatment,0
USR_01387,2026-06-13 07:16:59,control,0
USR_17009,2026-06-13 07:18:35,control,1
USR_14481,2026-06-13 07:20:03,treatment,1
USR_07432,2026-06-13 07:21:31,control,0
USR_03898,2026-06-13 07:23:24,treatment,0
USR_16640,2026-06-13 07:24:13,treatment,0
USR_08622,2026-06-13 07:25:18,treatment,0
USR_00593,2026-06-13 07:25:53,treatment,0
USR_05423,2026-06-13 07:26:18,treatment,0
USR_15471,2026-06-13 07:26:29,treatment,0
USR_01921,2026-06-13 07:26:36,control,0
USR_09076,2026-06-13 07:27:40,treatment,1
USR_19862,2026-06-13 07:29:37,control,0
USR_11225,2026-06-13 07:29:59,control,0
USR_00543,2026-06-13 07:31:48,treatment,1
USR_15309,2026-06-13 07:36:02,control,0
USR_09796,2026-06-13 07:36:25,treatment,1
USR_08518,2026-06-13 07:37:16,control,0
USR_08382,2026-06-13 07:39:27,control,0
USR_02115,2026-06-13 07:41:06,control,0
USR_16614,2026-06-13 07:41:24,control,0
USR_16105,2026-06-13 07:42:59,treatment,0
USR_00285,2026-06-13 07:43:11,treatment,1
USR_12388,2026-06-13 07:44:38,treatment,0
USR_11285,2026-06-13 07:46:29,treatment,0
USR_05011,2026-06-13 07:46:55,control,0
USR_06320,2026-06-13 07:48:09,control,0
USR_13625,2026-06-13 07:50:45,treatment,0
USR_08888,2026-06-13 07:50:59,treatment,0
USR_11227,2026-06-13 07:51:00,treatment,0
USR_10863,2026-06-13 07:51:20,control,0
USR_15358,2026-06-13 07:52:01,control,0
USR_07829,2026-06-13 07:52:38,treatment,0
USR_08454,2026-06-13 07:52:53,treatment,0
USR_08922,2026-06-13 07:53:16,treatment,1
USR_09587,2026-06-13 07:53:58,treatment,0
USR_04872,2026-06-13 07:54:01,treatment,0
USR_01340,2026-06-13 07:54:32,control,0
USR_18175,2026-06-13 07:55:47,control,0
USR_15042,2026-06-13 07:55:49,treatment,0
USR_12223,2026-06-13 07:57:00,treatment,0
USR_02904,2026-06-13 07:59:00,control,0
USR_12230,2026-06-13 08:00:15,treatment,0
USR_01085,2026-06-13 08:00:17,treatment,0
USR_12412,2026-06-13 08:01:49,treatment,0
USR_09825,2026-06-13 08:02:14,treatment,0
USR_11778,2026-06-13 08:05:04,treatment,0
USR_08776,2026-06-13 08:05:25,control,0
USR_16641,2026-06-13 08:05:37,treatment,0
USR_18888,2026-06-13 08:06:38,treatment,0
USR_14474,2026-06-13 08:06:43,control,0
USR_06113,2026-06-13 08:07:43,control,0
USR_06788,2026-06-13 08:07:59,control,0
USR_05639,2026-06-13 08:09:10,control,0
USR_01442,2026-06-13 08:09:55,control,0
USR_05445,2026-06-13 08:11:59,treatment,0
USR_19205,2026-06-13 08:13:13,treatment,0
USR_03023,2026-06-13 08:13:18,treatment,0
USR_12517,2026-06-13 08:13:37,treatment,0
USR_07762,2026-06-13 08:14:29,control,0
USR_05951,2026-06-13 08:14:34,treatment,0
USR_03420,2026-06-13 08:16:34,control,0
USR_10596,2026-06-13 08:17:00,control,0
USR_07442,2026-06-13 08:17:47,control,0
USR_09335,2026-06-13 08:18:58,treatment,0
USR_05304,2026-06-13 08:19:35,control,0
USR_07846,2026-06-13 08:20:30,control,0
USR_08499,2026-06-13 08:22:50,control,0
USR_12815,2026-06-13 08:23:45,treatment,0
USR_19050,2026-06-13 08:27:52,control,0
USR_06867,2026-06-13 08:29:16,control,0
USR_06859,2026-06-13 08:29:30,control,0
USR_06479,2026-06-13 08:30:55,control,0
USR_14323,2026-06-13 08:31:14,control,0
USR_19938,2026-06-13 08:31:58,control,1
USR_10754,2026-06-13 08:33:25,treatment,0
USR_01421,2026-06-13 08:34:24,treatment,0
USR_13454,2026-06-13 08:36:04,treatment,0
USR_16628,2026-06-13 08:36:41,treatment,0
USR_15609,2026-06-13 08:38:43,treatment,0
USR_03078,2026-06-13 08:40:52,control,0
USR_12999,2026-06-13 08:43:36,treatment,0
USR_07423,2026-06-13 08:43:36,treatment,1
USR_13830,2026-06-13 08:44:58,treatment,0
USR_17364,2026-06-13 08:45:07,control,0
USR_00033,2026-06-13 08:46:42,treatment,0
USR_11174,2026-06-13 08:47:51,treatment,0
USR_08906,2026-06-13 08:48:19,control,0
USR_12851,2026-06-13 08:48:52,treatment,0
USR_15051,2026-06-13 08:50:38,treatment,0
USR_18820,2026-06-13 08:52:02,control,0
USR_17489,2026-06-13 08:54:22,treatment,0
USR_14107,2026-06-13 08:55:33,control,0
USR_12783,2026-06-13 08:56:23,treatment,0
USR_05657,2026-06-13 08:57:51,treatment,0
USR_02023,2026-06-13 08:58:25,control,0
USR_15971,2026-06-13 08:59:24,control,0
USR_18163,2026-06-13 09:00:55,treatment,1
USR_09417,2026-06-13 09:01:22,control,0
USR_04927,2026-06-13 09:01:37,treatment,0
USR_13329,2026-06-13 09:04:21,treatment,1
USR_11316,2026-06-13 09:06:30,treatment,0
USR_06591,2026-06-13 09:08:40,treatment,0
USR_18346,2026-06-13 09:09:06,treatment,0
USR_03730,2026-06-13 09:10:42,control,0
USR_00481,2026-06-13 09:12:01,control,0
USR_19226,2026-06-13 09:14:30,treatment,0
USR_01263,2026-06-13 09:17:29,treatment,0
USR_10958,2026-06-13 09:18:08,treatment,0
USR_08568,2026-06-13 09:18:31,control,0
USR_16005,2026-06-13 09:20:10,treatment,0
USR_00741,2026-06-13 09:24:40,control,0
USR_18032,2026-06-13 09:26:17,treatment,0
USR_13345,2026-06-13 09:26:51,treatment,0
USR_04704,2026-06-13 09:26:51,treatment,0
USR_13419,2026-06-13 09:27:47,control,0
USR_19652,2026-06-13 09:28:15,control,0
USR_16986,2026-06-13 09:28:39,control,1
USR_06294,2026-06-13 09:31:05,control,0
USR_13651,2026-06-13 09:34:10,treatment,0
USR_08019,2026-06-13 09:34:28,control,0
USR_12949,2026-06-13 09:34:42,control,0
USR_04205,2026-06-13 09:36:45,control,0
USR_08048,2026-06-13 09:37:35,control,0
USR_00288,2026-06-13 09:38:21,treatment,0
USR_06640,2026-06-13 09:38:56,treatment,0
USR_10003,2026-06-13 09:40:28,treatment,0
USR_05838,2026-06-13 09:43:13,control,0
USR_16741,2026-06-13 09:43:22,treatment,0
USR_17735,2026-06-13 09:43:53,treatment,0
USR_15668,2026-06-13 09:45:52,treatment,0
USR_03642,2026-06-13 09:47:29,treatment,0
USR_18623,2026-06-13 09:52:34,control,0
USR_13950,2026-06-13 09:54:07,treatment,0
USR_04006,2026-06-13 09:54:22,treatment,0
USR_13337,2026-06-13 09:54:37,treatment,0
USR_18476,2026-06-13 09:55:05,treatment,0
USR_18770,2026-06-13 09:55:12,treatment,0
USR_17803,2026-06-13 09:56:15,control,0
USR_16111,2026-06-13 09:56:16,treatment,0
USR_06391,2026-06-13 09:57:09,control,0
USR_04311,2026-06-13 09:58:52,control,0
USR_08839,2026-06-13 09:59:59,treatment,0
USR_05950,2026-06-13 10:00:14,control,1
USR_04823,2026-06-13 10:01:27,control,0
USR_14446,2026-06-13 10:01:32,control,0
USR_17837,2026-06-13 10:02:21,control,0
USR_06540,2026-06-13 10:02:57,treatment,0
USR_00037,2026-06-13 10:03:18,treatment,0
USR_13265,2026-06-13 10:03:26,treatment,0
USR_00651,2026-06-13 10:03:55,treatment,0
USR_05285,2026-06-13 10:04:02,treatment,0
USR_09969,2026-06-13 10:04:22,treatment,0
USR_19058,2026-06-13 10:04:50,treatment,0
USR_05643,2026-06-13 10:05:44,control,0
USR_09894,2026-06-13 10:09:16,control,0
USR_16504,2026-06-13 10:09:45,control,0
USR_19582,2026-06-13 10:11:32,control,0
USR_15313,2026-06-13 10:11:55,control,0
USR_09943,2026-06-13 10:11:55,treatment,0
USR_15046,2026-06-13 10:13:59,control,0
USR_12951,2026-06-13 10:15:38,control,0
USR_03541,2026-06-13 10:16:18,treatment,0
USR_03351,2026-06-13 10:17:24,treatment,0
USR_15832,2026-06-13 10:20:06,control,0
USR_02316,2026-06-13 10:20:36,control,0
USR_16362,2026-06-13 10:20:59,control,0
USR_11324,2026-06-13 10:22:00,treatment,0
USR_10013,2026-06-13 10:22:58,control,0
USR_19682,2026-06-13 10:26:02,control,0
USR_14894,2026-06-13 10:26:27,treatment,0
USR_07525,2026-06-13 10:26:38,control,0
USR_16143,2026-06-13 10:27:31,treatment,0
USR_15390,2026-06-13 10:27:43,control,0
USR_18240,2026-06-13 10:27:51,control,0
USR_07877,2026-06-13 10:28:06,control,0
USR_02123,2026-06-13 10:28:23,treatment,0
USR_00901,2026-06-13 10:31:23,treatment,0
USR_02432,2026-06-13 10:32:37,treatment,0
USR_06712,2026-06-13 10:34:51,treatment,1
USR_00170,2026-06-13 10:35:02,control,0
USR_12172,2026-06-13 10:35:15,treatment,0
USR_15548,2026-06-13 10:37:07,control,0
USR_07893,2026-06-13 10:37:11,control,0
USR_02355,2026-06-13 10:38:06,control,0
USR_16852,2026-06-13 10:39:12,control,0
USR_07800,2026-06-13 10:40:38,treatment,0
USR_02973,2026-06-13 10:41:00,treatment,0
USR_16219,2026-06-13 10:41:54,control,1
USR_03804,2026-06-13 10:42:26,control,0
USR_15993,2026-06-13 10:42:54,control,0
USR_13873,2026-06-13 10:43:30,control,0
USR_16084,2026-06-13 10:43:54,treatment,0
USR_13492,2026-06-13 10:43:55,treatment,1
USR_01534,2026-06-13 10:44:23,control,0
USR_03283,2026-06-13 10:46:23,control,0
USR_19919,2026-06-13 10:46:49,treatment,0
USR_16027,2026-06-13 10:47:39,treatment,0
USR_13195,2026-06-13 10:47:48,treatment,0
USR_00303,2026-06-13 10:48:11,control,0
USR_07127,2026-06-13 10:48:18,control,0
USR_11403,2026-06-13 10:49:50,treatment,0
USR_05924,2026-06-13 10:50:31,control,0
USR_15216,2026-06-13 10:54:42,treatment,0
USR_07685,2026-06-13 10:58:45,treatment,0
USR_08637,2026-06-13 11:01:51,control,0
USR_06489,2026-06-13 11:02:37,treatment,0
USR_15298,2026-06-13 11:05:41,treatment,0
USR_14853,2026-06-13 11:10:19,treatment,1
USR_03403,2026-06-13 11:12:08,treatment,0
USR_01680,2026-06-13 11:12:22,control,0
USR_10028,2026-06-13 11:12:42,treatment,1
USR_11570,2026-06-13 11:12:50,treatment,0
USR_19021,2026-06-13 11:14:07,control,0
USR_02450,2026-06-13 11:14:27,treatment,0
USR_18564,2026-06-13 11:14:45,treatment,0
USR_10929,2026-06-13 11:14:45,control,0
USR_17661,2026-06-13 11:15:18,treatment,0
USR_13703,2026-06-13 11:16:13,treatment,0
USR_06263,2026-06-13 11:17:16,control,0
USR_09901,2026-06-13 11:17:34,treatment,0
USR_07611,2026-06-13 11:17:35,control,0
USR_14984,2026-06-13 11:18:06,treatment,0
USR_15617,2026-06-13 11:18:32,control,0
USR_15414,2026-06-13 11:19:44,treatment,0
USR_06409,2026-06-13 11:22:01,control,0
USR_18683,2026-06-13 11:23:20,control,0
USR_01374,2026-06-13 11:24:25,control,0
USR_11416,2026-06-13 11:24:51,treatment,0
USR_14554,2026-06-13 11:25:15,control,0
USR_09519,2026-06-13 11:28:16,control,1
USR_05668,2026-06-13 11:28:25,control,0
USR_16609,2026-06-13 11:28:31,treatment,1
USR_18685,2026-06-13 11:30:54,treatment,0
USR_11686,2026-06-13 11:31:51,treatment,0
USR_08967,2026-06-13 11:32:48,control,0
USR_15564,2026-06-13 11:33:26,control,0
USR_05527,2026-06-13 11:33:30,treatment,0
USR_02357,2026-06-13 11:34:20,control,0
USR_06048,2026-06-13 11:34:20,control,0
USR_05002,2026-06-13 11:34:24,control,0
USR_04129,2026-06-13 11:34:49,control,0
USR_12424,2026-06-13 11:35:01,control,0
USR_08506,2026-06-13 11:35:03,treatment,0
USR_08489,2026-06-13 11:36:08,control,0
USR_12004,2026-06-13 11:37:45,treatment,0
USR_17611,2026-06-13 11:40:46,treatment,0
USR_01188,2026-06-13 11:43:04,treatment,0
USR_12781,2026-06-13 11:44:03,treatment,0
USR_10531,2026-06-13 11:46:33,control,0
USR_06922,2026-06-13 11:48:29,control,0
USR_05570,2026-06-13 11:48:58,control,0
USR_16349,2026-06-13 11:49:15,control,0
USR_18789,2026-06-13 11:50:12,control,0
USR_11626,2026-06-13 11:54:23,control,0
USR_00898,2026-06-13 11:54:24,treatment,0
USR_13574,2026-06-13 11:56:01,treatment,0
USR_08299,2026-06-13 11:58:39,treatment,0
USR_18394,2026-06-13 11:59:01,control,0
USR_09046,2026-06-13 12:00:06,treatment,0
USR_04072,2026-06-13 12:00:11,treatment,0
USR_02749,2026-06-13 12:02:29,treatment,0
USR_13595,2026-06-13 12:03:22,control,1
USR_19717,2026-06-13 12:04:42,control,0
USR_10433,2026-06-13 12:04:47,control,0
USR_12913,2026-06-13 12:06:28,treatment,0
USR_16092,2026-06-13 12:06:50,control,0
USR_07434,2026-06-13 12:08:31,treatment,1
USR_02039,2026-06-13 12:10:05,treatment,1
USR_15002,2026-06-13 12:10:10,control,0
USR_11271,2026-06-13 12:10:12,control,0
USR_00047,2026-06-13 12:10:44,control,0
USR_13909,2026-06-13 12:11:42,control,0
USR_14050,2026-06-13 12:12:10,control,0
USR_10475,2026-06-13 12:12:41,control,1
USR_01889,2026-06-13 12:12:51,control,0
USR_12856,2026-06-13 12:14:29,control,0
USR_05397,2026-06-13 12:16:07,treatment,1
USR_14858,2026-06-13 12:18:15,control,0
USR_17244,2026-06-13 12:19:10,control,0
USR_19116,2026-06-13 12:22:47,control,0
USR_02109,2026-06-13 12:22:50,control,0
USR_01995,2026-06-13 12:23:35,control,0
USR_07309,2026-06-13 12:23:40,control,0
USR_14445,2026-06-13 12:23:46,control,1
USR_05478,2026-06-13 12:24:15,treatment,1
USR_11576,2026-06-13 12:24:29,control,0
USR_07371,2026-06-13 12:25:29,control,0
USR_18552,2026-06-13 12:25:44,control,0
USR_05068,2026-06-13 12:30:19,treatment,0
USR_17190,2026-06-13 12:31:30,treatment,0
USR_16916,2026-06-13 12:31:46,treatment,0
USR_07633,2026-06-13 12:31:57,control,0
USR_08100,2026-06-13 12:35:42,control,0
USR_09826,2026-06-13 12:36:12,treatment,0
USR_06445,2026-06-13 12:36:22,treatment,1
USR_12133,2026-06-13 12:38:02,treatment,0
USR_04150,2026-06-13 12:38:50,treatment,0
USR_13583,2026-06-13 12:38:57,treatment,0
USR_19419,2026-06-13 12:41:13,control,0
USR_06791,2026-06-13 12:41:15,treatment,0
USR_03540,2026-06-13 12:42:16,control,0
USR_05046,2026-06-13 12:42:49,control,0
USR_01399,2026-06-13 12:43:22,control,0
USR_02311,2026-06-13 12:46:14,control,0
USR_09243,2026-06-13 12:46:28,control,0
USR_03991,2026-06-13 12:46:48,control,0
USR_17276,2026-06-13 12:48:39,treatment,0
USR_08554,2026-06-13 12:50:00,treatment,0
USR_10331,2026-06-13 12:51:05,treatment,0
USR_10274,2026-06-13 12:55:45,treatment,0
USR_14510,2026-06-13 12:56:20,control,0
USR_09308,2026-06-13 12:56:41,treatment,0
USR_09057,2026-06-13 12:57:44,control,0
USR_05024,2026-06-13 12:58:47,control,0
USR_04673,2026-06-13 12:59:35,control,0
USR_11100,2026-06-13 13:00:24,treatment,0
USR_09739,2026-06-13 13:01:26,control,0
USR_09392,2026-06-13 13:01:44,treatment,0
USR_04884,2026-06-13 13:03:12,treatment,0
USR_13552,2026-06-13 13:03:14,treatment,0
USR_04875,2026-06-13 13:03:54,treatment,0
USR_17516,2026-06-13 13:04:52,control,0
USR_17191,2026-06-13 13:05:58,control,0
USR_17618,2026-06-13 13:06:31,control,1
USR_09003,2026-06-13 13:08:03,control,0
USR_19588,2026-06-13 13:09:15,treatment,0
USR_13848,2026-06-13 13:09:53,control,0
USR_04818,2026-06-13 13:11:54,control,0
USR_16448,2026-06-13 13:12:42,treatment,0
USR_14544,2026-06-13 13:13:29,treatment,0
USR_14896,2026-06-13 13:14:22,treatment,0
USR_02061,2026-06-13 13:14:35,treatment,0
USR_07195,2026-06-13 13:14:53,control,0
USR_02365,2026-06-13 13:16:51,treatment,0
USR_03628,2026-06-13 13:19:10,control,0
USR_19269,2026-06-13 13:21:19,treatment,0
USR_17924,2026-06-13 13:22:32,treatment,0
USR_12337,2026-06-13 13:23:05,control,0
USR_18312,2026-06-13 13:24:08,treatment,0
USR_16948,2026-06-13 13:24:28,control,0
USR_15559,2026-06-13 13:25:10,treatment,0
USR_04131,2026-06-13 13:25:58,control,0
USR_01090,2026-06-13 13:27:08,control,0
USR_05993,2026-06-13 13:29:15,control,0
USR_16547,2026-06-13 13:30:31,control,0
USR_16116,2026-06-13 13:31:08,control,1
USR_03574,2026-06-13 13:34:23,treatment,0
USR_14517,2026-06-13 13:35:47,treatment,0
USR_09074,2026-06-13 13:36:29,control,0
USR_13295,2026-06-13 13:37:12,control,0
USR_10419,2026-06-13 13:38:03,control,0
USR_17132,2026-06-13 13:38:25,control,0
USR_06693,2026-06-13 13:40:15,treatment,0
USR_18498,2026-06-13 13:40:39,treatment,1
USR_16876,2026-06-13 13:40:49,treatment,0
USR_00066,2026-06-13 13:43:18,treatment,0
USR_19738,2026-06-13 13:43:27,treatment,0
USR_14757,2026-06-13 13:43:46,treatment,0
USR_19356,2026-06-13 13:44:10,treatment,0
USR_18527,2026-06-13 13:47:02,control,0
USR_07590,2026-06-13 13:47:57,control,0
USR_04478,2026-06-13 13:49:18,control,0
USR_15738,2026-06-13 13:50:12,treatment,0
USR_02304,2026-06-13 13:50:28,treatment,0
USR_06951,2026-06-13 13:52:04,treatment,0
USR_17019,2026-06-13 13:52:07,control,0
USR_17485,2026-06-13 13:52:47,control,0
USR_01472,2026-06-13 13:53:02,treatment,0
USR_10595,2026-06-13 13:55:04,treatment,0
USR_06802,2026-06-13 13:55:20,treatment,0
USR_07318,2026-06-13 13:55:58,control,0
USR_02268,2026-06-13 13:57:21,treatment,0
USR_06572,2026-06-13 13:58:10,control,0
USR_17302,2026-06-13 13:58:44,control,1
USR_08549,2026-06-13 14:01:44,treatment,1
USR_07995,2026-06-13 14:02:45,control,0
USR_18712,2026-06-13 14:03:07,treatment,0
USR_15443,2026-06-13 14:03:17,control,0
USR_01725,2026-06-13 14:03:44,control,0
USR_18027,2026-06-13 14:03:58,control,0
USR_19071,2026-06-13 14:04:03,treatment,0
USR_11981,2026-06-13 14:04:43,control,0
USR_15968,2026-06-13 14:05:17,control,1
USR_05875,2026-06-13 14:05:22,control,0
USR_11397,2026-06-13 14:05:59,control,0
USR_18290,2026-06-13 14:07:16,control,0
USR_13654,2026-06-13 14:07:25,control,0
USR_15285,2026-06-13 14:08:15,control,0
USR_11985,2026-06-13 14:08:59,control,1
USR_09681,2026-06-13 14:09:18,treatment,0
USR_09494,2026-06-13 14:09:26,control,1
USR_06204,2026-06-13 14:09:54,treatment,0
USR_03821,2026-06-13 14:12:14,control,0
USR_17619,2026-06-13 14:12:29,treatment,0
USR_12651,2026-06-13 14:13:50,control,1
USR_08956,2026-06-13 14:14:25,treatment,0
USR_01022,2026-06-13 14:14:35,treatment,0
USR_02860,2026-06-13 14:15:40,treatment,0
USR_04866,2026-06-13 14:18:05,control,0
USR_18435,2026-06-13 14:19:37,control,0
USR_00642,2026-06-13 14:19:54,treatment,0
USR_19510,2026-06-13 14:19:57,treatment,0
USR_07331,2026-06-13 14:20:52,control,0
USR_18750,2026-06-13 14:21:16,control,0
USR_13459,2026-06-13 14:21:32,control,0
USR_15667,2026-06-13 14:21:43,control,0
USR_14927,2026-06-13 14:22:23,control,0
USR_01724,2026-06-13 14:23:39,control,0
USR_14410,2026-06-13 14:25:00,control,0
USR_11519,2026-06-13 14:25:34,treatment,0
USR_02789,2026-06-13 14:26:09,treatment,0
USR_12938,2026-06-13 14:26:40,treatment,0
USR_18615,2026-06-13 14:27:58,control,0
USR_11313,2026-06-13 14:28:06,treatment,0
USR_01292,2026-06-13 14:28:41,control,0
USR_07004,2026-06-13 14:30:01,control,0
USR_04337,2026-06-13 14:34:44,treatment,1
USR_11910,2026-06-13 14:40:59,treatment,0
USR_16978,2026-06-13 14:41:42,control,0
USR_00557,2026-06-13 14:42:40,treatment,0
USR_12505,2026-06-13 14:44:40,treatment,0
USR_14866,2026-06-13 14:47:20,control,0
USR_04709,2026-06-13 14:50:11,treatment,0
USR_18594,2026-06-13 14:51:41,treatment,0
USR_02516,2026-06-13 14:51:46,treatment,0
USR_07409,2026-06-13 14:51:54,treatment,0
USR_13309,2026-06-13 14:52:51,control,0
USR_12088,2026-06-13 14:53:30,treatment,0
USR_01323,2026-06-13 14:54:14,treatment,0
USR_09500,2026-06-13 14:56:02,control,0
USR_13943,2026-06-13 14:56:39,control,0
USR_18364,2026-06-13 14:56:46,treatment,0
USR_07169,2026-06-13 14:58:25,control,0
USR_16881,2026-06-13 14:59:14,control,0
USR_18097,2026-06-13 14:59:38,control,1
USR_19397,2026-06-13 15:00:49,treatment,0
USR_02294,2026-06-13 15:01:10,treatment,0
USR_18443,2026-06-13 15:01:13,control,0
USR_06354,2026-06-13 15:02:55,treatment,0
USR_19284,2026-06-13 15:04:04,treatment,0
USR_07422,2026-06-13 15:05:39,treatment,0
USR_06069,2026-06-13 15:06:20,treatment,0
USR_01505,2026-06-13 15:06:23,treatment,0
USR_09787,2026-06-13 15:06:24,control,0
USR_00999,2026-06-13 15:07:26,treatment,0
USR_14249,2026-06-13 15:08:14,treatment,0
USR_05311,2026-06-13 15:08:28,treatment,0
USR_01705,2026-06-13 15:09:09,control,0
USR_01566,2026-06-13 15:12:26,treatment,0
USR_05249,2026-06-13 15:12:28,treatment,0
USR_11094,2026-06-13 15:16:05,treatment,0
USR_18351,2026-06-13 15:16:26,control,0
USR_14871,2026-06-13 15:16:40,treatment,0
USR_10571,2026-06-13 15:18:18,control,0
USR_17158,2026-06-13 15:18:23,control,0
USR_07987,2026-06-13 15:19:49,control,0
USR_09475,2026-06-13 15:19:54,control,0
USR_16441,2026-06-13 15:21:01,treatment,0
USR_07262,2026-06-13 15:21:07,treatment,0
USR_12368,2026-06-13 15:22:38,treatment,0
USR_16204,2026-06-13 15:23:36,treatment,0
USR_01943,2026-06-13 15:25:27,control,0
USR_06405,2026-06-13 15:25:51,control,0
USR_12122,2026-06-13 15:26:07,control,0
USR_01835,2026-06-13 15:27:38,treatment,0
USR_07823,2026-06-13 15:27:45,control,0
USR_15032,2026-06-13 15:28:00,treatment,0
USR_00982,2026-06-13 15:28:07,treatment,0
USR_13308,2026-06-13 15:28:26,control,0
USR_03146,2026-06-13 15:28:51,control,0
USR_13977,2026-06-13 15:29:03,control,0
USR_05825,2026-06-13 15:29:50,control,0
USR_00525,2026-06-13 15:31:38,treatment,0
USR_16073,2026-06-13 15:33:11,control,0
USR_05730,2026-06-13 15:34:15,control,0
USR_18016,2026-06-13 15:35:06,treatment,0
USR_02914,2026-06-13 15:35:49,treatment,0
USR_13672,2026-06-13 15:37:05,treatment,0
USR_16622,2026-06-13 15:39:23,control,0
USR_19888,2026-06-13 15:40:13,treatment,0
USR_00090,2026-06-13 15:40:15,control,0
USR_05939,2026-06-13 15:40:41,control,0
USR_04279,2026-06-13 15:41:34,treatment,0
USR_04226,2026-06-13 15:42:56,treatment,0
USR_08199,2026-06-13 15:43:03,control,1
USR_15145,2026-06-13 15:43:31,treatment,0
USR_09410,2026-06-13 15:43:48,control,0
USR_19722,2026-06-13 15:44:31,control,0
USR_04238,2026-06-13 15:48:12,control,0
USR_17069,2026-06-13 15:48:50,control,0
USR_11573,2026-06-13 15:48:52,treatment,0
USR_16595,2026-06-13 15:48:56,control,0
USR_07271,2026-06-13 15:49:10,control,0
USR_00337,2026-06-13 15:50:07,control,0
USR_06905,2026-06-13 15:50:16,control,1
USR_14106,2026-06-13 15:51:13,treatment,0
USR_07125,2026-06-13 15:52:13,treatment,0
USR_13297,2026-06-13 15:53:19,control,0
USR_06549,2026-06-13 15:54:30,treatment,0
USR_16463,2026-06-13 15:56:22,control,0
USR_13327,2026-06-13 15:57:19,control,0
USR_06281,2026-06-13 15:57:50,treatment,0
USR_00422,2026-06-13 15:57:57,treatment,0
USR_06801,2026-06-13 15:58:59,treatment,0
USR_06347,2026-06-13 15:59:50,control,0
USR_07517,2026-06-13 15:59:53,control,0
USR_15419,2026-06-13 16:01:56,control,0
USR_00006,2026-06-13 16:03:22,control,0
USR_13899,2026-06-13 16:05:10,treatment,0
USR_19209,2026-06-13 16:06:37,control,0
USR_19806,2026-06-13 16:07:30,treatment,0
USR_19158,2026-06-13 16:07:56,control,0
USR_14914,2026-06-13 16:09:39,control,0
USR_01859,2026-06-13 16:11:24,treatment,0
USR_13838,2026-06-13 16:11:31,control,0
USR_04232,2026-06-13 16:11:37,treatment,0
USR_03817,2026-06-13 16:12:23,treatment,0
USR_18730,2026-06-13 16:13:33,treatment,0
USR_15396,2026-06-13 16:18:40,control,0
USR_18185,2026-06-13 16:19:35,control,0
USR_08055,2026-06-13 16:19:54,control,0
USR_13462,2026-06-13 16:20:19,control,0
USR_01440,2026-06-13 16:20:31,control,0
USR_13713,2026-06-13 16:21:15,treatment,0
USR_03316,2026-06-13 16:21:28,control,1
USR_09077,2026-06-13 16:22:28,treatment,0
USR_19057,2026-06-13 16:23:28,control,0
USR_11412,2026-06-13 16:23:34,treatment,0
USR_19720,2026-06-13 16:24:34,treatment,0
USR_09368,2026-06-13 16:24:59,control,0
USR_03271,2026-06-13 16:25:45,treatment,0
USR_13708,2026-06-13 16:26:11,treatment,0
USR_06372,2026-06-13 16:28:27,treatment,0
USR_01186,2026-06-13 16:28:59,treatment,0
USR_09263,2026-06-13 16:29:08,treatment,0
USR_09791,2026-06-13 16:29:32,control,0
USR_06574,2026-06-13 16:30:21,control,0
USR_17196,2026-06-13 16:31:49,treatment,0
USR_10239,2026-06-13 16:32:43,control,1
USR_17647,2026-06-13 16:34:29,treatment,0
USR_19841,2026-06-13 16:35:05,control,0
USR_08624,2026-06-13 16:36:04,treatment,0
USR_00825,2026-06-13 16:36:29,treatment,0
USR_18985,2026-06-13 16:37:11,control,0
USR_16889,2026-06-13 16:37:12,control,0
USR_04318,2026-06-13 16:37:25,treatment,0
USR_15182,2026-06-13 16:38:15,control,0
USR_19008,2026-06-13 16:39:41,treatment,0
USR_14009,2026-06-13 16:39:57,treatment,0
USR_01881,2026-06-13 16:40:36,treatment,0
USR_12384,2026-06-13 16:41:00,treatment,1
USR_02265,2026-06-13 16:41:10,treatment,0
USR_14657,2026-06-13 16:41:59,treatment,0
USR_07730,2026-06-13 16:42:16,control,0
USR_18674,2026-06-13 16:42:29,treatment,0
USR_06682,2026-06-13 16:44:51,treatment,1
USR_02667,2026-06-13 16:45:23,control,0
USR_15889,2026-06-13 16:45:24,control,0
USR_00804,2026-06-13 16:45:42,treatment,0
USR_14557,2026-06-13 16:48:32,treatment,0
USR_04536,2026-06-13 16:49:29,treatment,0
USR_10119,2026-06-13 16:50:43,control,0
USR_15043,2026-06-13 16:51:32,treatment,0
USR_12545,2026-06-13 16:52:45,treatment,0
USR_12577,2026-06-13 16:52:52,control,0
USR_12452,2026-06-13 16:53:11,treatment,1
USR_04094,2026-06-13 16:53:17,control,0
USR_03165,2026-06-13 16:53:29,control,0
USR_04796,2026-06-13 16:53:50,control,0
USR_18790,2026-06-13 16:53:53,treatment,0
USR_15540,2026-06-13 16:53:57,control,0
USR_15939,2026-06-13 16:54:30,treatment,0
USR_06003,2026-06-13 16:55:33,control,0
USR_19837,2026-06-13 16:56:18,treatment,0
USR_12676,2026-06-13 16:58:34,treatment,0
USR_18286,2026-06-13 16:58:57,control,0
USR_16738,2026-06-13 16:59:27,treatment,0
USR_03138,2026-06-13 16:59:47,control,0
USR_13637,2026-06-13 17:00:16,treatment,0
USR_12902,2026-06-13 17:01:28,treatment,0
USR_18303,2026-06-13 17:04:47,control,0
USR_11871,2026-06-13 17:05:02,treatment,0
USR_13069,2026-06-13 17:06:17,treatment,0
USR_00212,2026-06-13 17:07:33,control,0
USR_11956,2026-06-13 17:07:46,treatment,0
USR_12258,2026-06-13 17:07:58,control,0
USR_04419,2026-06-13 17:09:09,treatment,0
USR_11073,2026-06-13 17:09:48,control,0
USR_13068,2026-06-13 17:10:40,treatment,1
USR_06104,2026-06-13 17:10:58,treatment,0
USR_05017,2026-06-13 17:12:56,treatment,0
USR_17092,2026-06-13 17:12:57,treatment,0
USR_19545,2026-06-13 17:13:28,control,0
USR_05146,2026-06-13 17:16:19,treatment,0
USR_13143,2026-06-13 17:17:35,control,0
USR_19207,2026-06-13 17:18:17,treatment,0
USR_06516,2026-06-13 17:19:06,control,1
USR_02753,2026-06-13 17:19:06,control,0
USR_15870,2026-06-13 17:22:05,treatment,0
USR_16354,2026-06-13 17:22:23,control,0
USR_08695,2026-06-13 17:22:23,control,0
USR_11842,2026-06-13 17:22:50,control,0
USR_00718,2026-06-13 17:23:18,treatment,0
USR_05773,2026-06-13 17:25:12,control,0
USR_07446,2026-06-13 17:26:21,treatment,1
USR_06684,2026-06-13 17:29:02,treatment,0
USR_12121,2026-06-13 17:29:22,treatment,0
USR_01747,2026-06-13 17:30:41,treatment,0
USR_16510,2026-06-13 17:30:47,treatment,0
USR_14798,2026-06-13 17:31:06,treatment,0
USR_12715,2026-06-13 17:33:42,control,0
USR_07017,2026-06-13 17:33:55,control,0
USR_07916,2026-06-13 17:34:43,control,0
USR_08426,2026-06-13 17:34:53,treatment,0
USR_13997,2026-06-13 17:36:44,control,0
USR_08692,2026-06-13 17:37:45,control,0
USR_10930,2026-06-13 17:39:43,treatment,0
USR_11340,2026-06-13 17:40:09,control,0
USR_18774,2026-06-13 17:40:14,control,0
USR_17465,2026-06-13 17:42:24,treatment,0
USR_09643,2026-06-13 17:43:05,treatment,0
USR_03248,2026-06-13 17:43:21,treatment,0
USR_14011,2026-06-13 17:43:59,control,0
USR_09116,2026-06-13 17:44:40,treatment,0
USR_14472,2026-06-13 17:45:52,treatment,0
USR_03866,2026-06-13 17:46:41,treatment,0
USR_05350,2026-06-13 17:47:01,treatment,0
USR_07831,2026-06-13 17:47:10,control,0
USR_17995,2026-06-13 17:47:42,control,0
USR_00174,2026-06-13 17:49:32,treatment,1
USR_06553,2026-06-13 17:49:34,treatment,0
USR_10333,2026-06-13 17:50:21,control,0
USR_12333,2026-06-13 17:50:30,treatment,0
USR_15923,2026-06-13 17:52:19,control,0
USR_02272,2026-06-13 17:53:00,control,0
USR_12211,2026-06-13 17:56:55,control,0
USR_11373,2026-06-13 17:57:17,control,0
USR_08113,2026-06-13 17:58:12,treatment,0
USR_00884,2026-06-13 18:00:51,control,0
USR_16387,2026-06-13 18:01:01,treatment,0
USR_19539,2026-06-13 18:01:33,treatment,0
USR_16153,2026-06-13 18:02:11,control,0
USR_07351,2026-06-13 18:02:26,control,0
USR_17366,2026-06-13 18:02:45,treatment,0
USR_09200,2026-06-13 18:02:48,treatment,0
USR_18999,2026-06-13 18:02:58,treatment,0
USR_07938,2026-06-13 18:03:09,control,0
USR_05907,2026-06-13 18:03:23,treatment,0
USR_14359,2026-06-13 18:06:21,treatment,0
USR_12879,2026-06-13 18:08:42,control,0
USR_04225,2026-06-13 18:10:12,treatment,0
USR_01686,2026-06-13 18:10:29,treatment,0
USR_07410,2026-06-13 18:11:12,control,0
USR_13082,2026-06-13 18:11:42,control,0
USR_15931,2026-06-13 18:12:16,treatment,0
USR_05997,2026-06-13 18:12:24,treatment,0
USR_08056,2026-06-13 18:12:48,control,0
USR_19846,2026-06-13 18:12:53,treatment,0
USR_10324,2026-06-13 18:12:56,control,0
USR_08313,2026-06-13 18:14:37,treatment,0
USR_06176,2026-06-13 18:15:47,control,0
USR_07340,2026-06-13 18:16:06,control,0
USR_10769,2026-06-13 18:16:28,treatment,0
USR_19363,2026-06-13 18:16:28,control,0
USR_01348,2026-06-13 18:16:32,control,1
USR_14040,2026-06-13 18:16:42,control,0
USR_06944,2026-06-13 18:17:00,control,0
USR_07726,2026-06-13 18:17:50,control,0
USR_01560,2026-06-13 18:18:49,treatment,0
USR_02814,2026-06-13 18:18:58,treatment,0
USR_01654,2026-06-13 18:19:05,control,0
USR_15605,2026-06-13 18:21:40,treatment,1
USR_19383,2026-06-13 18:22:07,control,0
USR_14122,2026-06-13 18:22:33,control,0
USR_01066,2026-06-13 18:24:07,control,0
USR_11503,2026-06-13 18:26:17,treatment,0
USR_16090,2026-06-13 18:26:33,treatment,0
USR_05948,2026-06-13 18:27:09,control,0
USR_06966,2026-06-13 18:27:46,control,0
USR_05111,2026-06-13 18:29:16,treatment,0
USR_07634,2026-06-13 18:29:33,control,1
USR_16489,2026-06-13 18:30:22,treatment,0
USR_00524,2026-06-13 18:30:27,control,0
USR_15790,2026-06-13 18:31:30,treatment,0
USR_17017,2026-06-13 18:31:49,treatment,0
USR_09682,2026-06-13 18:33:35,control,0
USR_10793,2026-06-13 18:34:12,control,0
USR_17558,2026-06-13 18:34:24,treatment,0
USR_03124,2026-06-13 18:35:29,control,0
USR_18822,2026-06-13 18:37:28,control,0
USR_08487,2026-06-13 18:37:57,treatment,0
USR_11318,2026-06-13 18:38:11,treatment,0
USR_11045,2026-06-13 18:40:10,treatment,0
USR_05923,2026-06-13 18:41:04,treatment,0
USR_15370,2026-06-13 18:41:56,treatment,0
USR_19686,2026-06-13 18:42:02,control,0
USR_18786,2026-06-13 18:42:08,control,0
USR_14933,2026-06-13 18:42:28,treatment,0
USR_02703,2026-06-13 18:42:41,treatment,0
USR_08912,2026-06-13 18:42:58,treatment,0
USR_08698,2026-06-13 18:44:25,control,1
USR_01454,2026-06-13 18:45:09,control,0
USR_00436,2026-06-13 18:45:25,treatment,0
USR_12114,2026-06-13 18:45:42,treatment,0
USR_14284,2026-06-13 18:45:46,control,0
USR_07233,2026-06-13 18:45:53,treatment,0
USR_00384,2026-06-13 18:46:46,control,0
USR_12625,2026-06-13 18:48:22,treatment,0
USR_03986,2026-06-13 18:48:27,treatment,1
USR_00776,2026-06-13 18:50:24,control,0
USR_02590,2026-06-13 18:50:34,treatment,0
USR_06868,2026-06-13 18:50:36,treatment,0
USR_18861,2026-06-13 18:51:08,treatment,0
USR_01302,2026-06-13 18:51:37,control,0
USR_07682,2026-06-13 18:52:39,treatment,0
USR_17690,2026-06-13 18:53:11,treatment,0
USR_17890,2026-06-13 18:53:44,treatment,0
USR_15788,2026-06-13 18:54:48,treatment,1
USR_18372,2026-06-13 18:55:14,treatment,0
USR_04314,2026-06-13 18:57:03,treatment,0
USR_10326,2026-06-13 18:58:53,treatment,0
USR_08481,2026-06-13 19:00:20,control,0
USR_03324,2026-06-13 19:00:21,treatment,0
USR_13847,2026-06-13 19:00:42,treatment,0
USR_11375,2026-06-13 19:01:02,treatment,0
USR_18837,2026-06-13 19:02:02,control,0
USR_05082,2026-06-13 19:02:20,treatment,0
USR_09843,2026-06-13 19:02:33,control,0
USR_06058,2026-06-13 19:03:46,control,0
USR_14296,2026-06-13 19:05:01,control,0
USR_14110,2026-06-13 19:06:42,control,0
USR_18255,2026-06-13 19:06:53,treatment,0
USR_02464,2026-06-13 19:06:56,treatment,0
USR_17670,2026-06-13 19:09:23,treatment,0
USR_18601,2026-06-13 19:10:23,control,0
USR_19365,2026-06-13 19:10:40,control,0
USR_12378,2026-06-13 19:11:51,treatment,0
USR_15586,2026-06-13 19:14:48,treatment,0
USR_17771,2026-06-13 19:16:29,control,0
USR_13951,2026-06-13 19:17:25,treatment,0
USR_03013,2026-06-13 19:17:29,treatment,0
USR_15992,2026-06-13 19:17:35,treatment,0
USR_00001,2026-06-13 19:17:40,treatment,0
USR_16086,2026-06-13 19:18:00,treatment,0
USR_01804,2026-06-13 19:20:23,control,0
USR_19486,2026-06-13 19:21:34,treatment,0
USR_09745,2026-06-13 19:23:49,treatment,0
USR_08035,2026-06-13 19:24:22,control,0
USR_15903,2026-06-13 19:24:29,control,0
USR_14235,2026-06-13 19:25:17,control,0
USR_18856,2026-06-13 19:26:16,control,0
USR_04229,2026-06-13 19:26:58,treatment,0
USR_09234,2026-06-13 19:27:15,treatment,0
USR_07454,2026-06-13 19:27:26,treatment,0
USR_08876,2026-06-13 19:31:02,treatment,0
USR_03336,2026-06-13 19:32:43,control,1
USR_01825,2026-06-13 19:32:50,treatment,0
USR_04636,2026-06-13 19:36:41,control,0
USR_10265,2026-06-13 19:37:37,control,0
USR_17688,2026-06-13 19:38:25,treatment,1
USR_12422,2026-06-13 19:38:53,treatment,0
USR_07417,2026-06-13 19:39:36,control,0
USR_03178,2026-06-13 19:40:19,control,0
USR_13823,2026-06-13 19:40:46,control,0
USR_17617,2026-06-13 19:40:56,treatment,0
USR_18706,2026-06-13 19:41:45,treatment,0
USR_18852,2026-06-13 19:41:48,treatment,0
USR_12370,2026-06-13 19:43:23,treatment,0
USR_13351,2026-06-13 19:43:24,treatment,0
USR_15352,2026-06-13 19:45:13,control,0
USR_07108,2026-06-13 19:46:04,treatment,0
USR_11128,2026-06-13 19:46:34,control,0
USR_05758,2026-06-13 19:46:50,control,0
USR_02652,2026-06-13 19:46:51,control,1
USR_15989,2026-06-13 19:47:09,control,0
USR_02409,2026-06-13 19:47:51,treatment,0
USR_12531,2026-06-13 19:48:58,treatment,0
USR_15409,2026-06-13 19:49:02,treatment,0
USR_06108,2026-06-13 19:50:33,treatment,0
USR_19178,2026-06-13 19:50:41,control,0
USR_05280,2026-06-13 19:51:33,treatment,0
USR_18047,2026-06-13 19:52:06,control,0
USR_01336,2026-06-13 19:52:45,control,0
USR_11266,2026-06-13 19:56:15,control,1
USR_07322,2026-06-13 19:58:13,control,0
USR_10396,2026-06-13 19:58:31,treatment,0
USR_09274,2026-06-13 19:58:45,control,0
USR_02851,2026-06-13 19:59:33,treatment,0
USR_18707,2026-06-13 20:00:06,treatment,1
USR_15963,2026-06-13 20:00:51,control,0
USR_11687,2026-06-13 20:02:11,treatment,0
USR_14840,2026-06-13 20:07:05,control,0
USR_05128,2026-06-13 20:07:54,control,0
USR_13732,2026-06-13 20:08:35,treatment,0
USR_05856,2026-06-13 20:08:53,control,0
USR_10555,2026-06-13 20:09:13,treatment,0
USR_19239,2026-06-13 20:09:32,control,0
USR_11731,2026-06-13 20:10:25,treatment,0
USR_17129,2026-06-13 20:11:15,control,0
USR_18893,2026-06-13 20:11:32,control,0
USR_13834,2026-06-13 20:11:44,treatment,0
USR_04276,2026-06-13 20:13:14,treatment,0
USR_04256,2026-06-13 20:13:33,treatment,0
USR_15909,2026-06-13 20:14:29,treatment,0
USR_00894,2026-06-13 20:15:31,treatment,1
USR_11178,2026-06-13 20:16:58,control,0
USR_14659,2026-06-13 20:21:22,treatment,0
USR_15453,2026-06-13 20:21:57,treatment,0
USR_01786,2026-06-13 20:22:28,treatment,0
USR_16565,2026-06-13 20:25:17,treatment,1
USR_16696,2026-06-13 20:26:06,treatment,0
USR_07059,2026-06-13 20:28:26,treatment,0
USR_17746,2026-06-13 20:29:14,treatment,0
USR_17029,2026-06-13 20:30:06,control,0
USR_16197,2026-06-13 20:30:34,treatment,1
USR_05980,2026-06-13 20:30:36,treatment,0
USR_02772,2026-06-13 20:33:10,control,0
USR_07905,2026-06-13 20:33:59,control,0
USR_07540,2026-06-13 20:34:04,control,0
USR_08411,2026-06-13 20:34:11,control,0
USR_11542,2026-06-13 20:34:25,control,0
USR_11844,2026-06-13 20:34:59,control,0
USR_00260,2026-06-13 20:35:17,treatment,0
USR_16471,2026-06-13 20:35:58,control,0
USR_12775,2026-06-13 20:36:13,control,0
USR_19751,2026-06-13 20:37:13,control,0
USR_05137,2026-06-13 20:37:52,treatment,0
USR_09840,2026-06-13 20:40:52,control,0
USR_00844,2026-06-13 20:41:32,control,0
USR_14058,2026-06-13 20:42:07,treatment,0
USR_15023,2026-06-13 20:43:07,control,0
USR_12748,2026-06-13 20:43:36,treatment,1
USR_08174,2026-06-13 20:44:32,treatment,0
USR_10653,2026-06-13 20:45:15,treatment,0
USR_01059,2026-06-13 20:45:29,treatment,1
USR_11238,2026-06-13 20:46:01,control,0
USR_10058,2026-06-13 20:46:12,treatment,1
USR_18479,2026-06-13 20:46:57,control,0
USR_10199,2026-06-13 20:50:45,control,0
USR_04215,2026-06-13 20:52:12,control,0
USR_00075,2026-06-13 20:52:32,control,0
USR_13407,2026-06-13 20:52:58,control,0
USR_09970,2026-06-13 20:55:19,treatment,0
USR_08253,2026-06-13 20:56:31,control,1
USR_12639,2026-06-13 20:56:44,control,1
USR_00428,2026-06-13 20:56:50,control,0
USR_13320,2026-06-13 21:00:14,treatment,0
USR_01704,2026-06-13 21:01:30,control,0
USR_18110,2026-06-13 21:03:38,treatment,0
USR_08879,2026-06-13 21:05:03,treatment,0
USR_19632,2026-06-13 21:05:52,treatment,0
USR_19924,2026-06-13 21:06:13,control,0
USR_06331,2026-06-13 21:09:19,control,1
USR_00561,2026-06-13 21:09:43,control,0
USR_19462,2026-06-13 21:09:49,control,0
USR_04735,2026-06-13 21:11:06,treatment,1
USR_05139,2026-06-13 21:13:46,treatment,1
USR_18644,2026-06-13 21:13:48,treatment,0
USR_16439,2026-06-13 21:14:34,treatment,0
USR_17423,2026-06-13 21:14:48,treatment,0
USR_05511,2026-06-13 21:15:07,treatment,0
USR_12454,2026-06-13 21:16:17,treatment,0
USR_00545,2026-06-13 21:16:27,treatment,0
USR_16874,2026-06-13 21:16:59,treatment,1
USR_05562,2026-06-13 21:18:14,control,0
USR_04643,2026-06-13 21:18:29,treatment,0
USR_08310,2026-06-13 21:18:56,treatment,1
USR_11445,2026-06-13 21:22:35,control,0
USR_04499,2026-06-13 21:22:55,control,0
USR_00762,2026-06-13 21:22:56,treatment,0
USR_06134,2026-06-13 21:24:21,control,0
USR_07835,2026-06-13 21:24:23,control,0
USR_01621,2026-06-13 21:24:27,treatment,0
USR_03899,2026-06-13 21:25:46,control,0
USR_01930,2026-06-13 21:26:43,treatment,0
USR_00265,2026-06-13 21:27:19,control,0
USR_07475,2026-06-13 21:29:03,control,0
USR_12138,2026-06-13 21:29:17,treatment,0
USR_16297,2026-06-13 21:30:33,treatment,0
USR_15853,2026-06-13 21:30:37,control,0
USR_13707,2026-06-13 21:31:57,treatment,0
USR_14205,2026-06-13 21:32:03,treatment,0
USR_08985,2026-06-13 21:34:24,control,0
USR_18189,2026-06-13 21:35:21,control,0
USR_00779,2026-06-13 21:35:52,treatment,0
USR_00321,2026-06-13 21:35:54,control,0
USR_14476,2026-06-13 21:36:37,control,0
USR_18542,2026-06-13 21:37:13,control,0
USR_01476,2026-06-13 21:37:57,treatment,1
USR_13293,2026-06-13 21:39:07,treatment,0
USR_13378,2026-06-13 21:39:29,control,0
USR_01629,2026-06-13 21:40:50,treatment,0
USR_00294,2026-06-13 21:41:30,control,0
USR_15378,2026-06-13 21:43:48,treatment,0
USR_15541,2026-06-13 21:43:59,control,0
USR_19958,2026-06-13 21:47:24,control,0
USR_12912,2026-06-13 21:48:02,treatment,0
USR_09812,2026-06-13 21:49:47,treatment,0
USR_01124,2026-06-13 21:49:51,treatment,1
USR_00943,2026-06-13 21:52:54,control,0
USR_05932,2026-06-13 21:55:28,control,0
USR_03568,2026-06-13 21:56:13,treatment,0
USR_00361,2026-06-13 21:56:16,treatment,0
USR_15336,2026-06-13 21:57:05,control,0
USR_05415,2026-06-13 21:57:27,treatment,0
USR_10810,2026-06-13 22:01:57,treatment,1
USR_13993,2026-06-13 22:02:41,control,0
USR_00863,2026-06-13 22:03:14,treatment,0
USR_13010,2026-06-13 22:03:55,control,0
USR_09097,2026-06-13 22:07:28,treatment,0
USR_15142,2026-06-13 22:07:55,control,0
USR_02950,2026-06-13 22:10:55,control,0
USR_16729,2026-06-13 22:11:23,control,0
USR_03562,2026-06-13 22:12:32,treatment,0
USR_12496,2026-06-13 22:12:43,treatment,0
USR_00325,2026-06-13 22:13:07,control,1
USR_01446,2026-06-13 22:13:33,treatment,0
USR_08543,2026-06-13 22:14:11,treatment,0
USR_16524,2026-06-13 22:15:18,treatment,0
USR_07862,2026-06-13 22:15:24,control,0
USR_16309,2026-06-13 22:16:12,treatment,0
USR_04260,2026-06-13 22:17:09,control,0
USR_06247,2026-06-13 22:19:06,control,0
USR_07675,2026-06-13 22:19:14,control,0
USR_04656,2026-06-13 22:19:55,treatment,0
USR_09208,2026-06-13 22:20:01,control,0
USR_04173,2026-06-13 22:20:04,control,0
USR_18040,2026-06-13 22:20:40,treatment,0
USR_02439,2026-06-13 22:21:26,treatment,0
USR_19713,2026-06-13 22:26:19,treatment,0
USR_17563,2026-06-13 22:26:50,control,0
USR_04132,2026-06-13 22:27:22,treatment,0
USR_00606,2026-06-13 22:28:16,treatment,0
USR_05992,2026-06-13 22:28:32,control,0
USR_09503,2026-06-13 22:30:55,treatment,0
USR_17078,2026-06-13 22:33:43,treatment,0
USR_00995,2026-06-13 22:34:10,control,0
USR_12535,2026-06-13 22:36:19,control,0
USR_07120,2026-06-13 22:36:27,control,0
USR_05014,2026-06-13 22:37:06,treatment,1
USR_04596,2026-06-13 22:38:48,control,0
USR_11485,2026-06-13 22:39:05,treatment,0
USR_08729,2026-06-13 22:44:07,control,0
USR_11618,2026-06-13 22:44:46,treatment,0
USR_09138,2026-06-13 22:45:44,treatment,0
USR_12703,2026-06-13 22:45:50,treatment,0
USR_02250,2026-06-13 22:47:20,treatment,1
USR_15367,2026-06-13 22:47:21,treatment,0
USR_11756,2026-06-13 22:48:39,control,0
USR_19742,2026-06-13 22:50:13,control,0
USR_13659,2026-06-13 22:51:02,control,0
USR_07355,2026-06-13 22:51:28,treatment,0
USR_06022,2026-06-13 22:51:55,treatment,0
USR_04201,2026-06-13 22:53:45,treatment,0
USR_02114,2026-06-13 22:54:08,treatment,0
USR_11194,2026-06-13 22:55:38,treatment,0
USR_10688,2026-06-13 22:56:37,treatment,0
USR_02896,2026-06-13 22:57:19,treatment,0
USR_00242,2026-06-13 22:57:47,control,0
USR_05968,2026-06-13 23:00:36,control,0
USR_12106,2026-06-13 23:01:28,treatment,0
USR_10972,2026-06-13 23:01:42,treatment,0
USR_16237,2026-06-13 23:02:13,treatment,0
USR_16669,2026-06-13 23:02:13,treatment,0
USR_00751,2026-06-13 23:02:24,control,0
USR_04545,2026-06-13 23:03:06,control,0
USR_08477,2026-06-13 23:03:10,control,0
USR_15694,2026-06-13 23:03:23,control,0
USR_11868,2026-06-13 23:07:57,control,0
USR_07972,2026-06-13 23:08:55,treatment,0
USR_18048,2026-06-13 23:09:00,control,0
USR_10006,2026-06-13 23:10:10,control,0
USR_15318,2026-06-13 23:10:36,treatment,0
USR_04316,2026-06-13 23:11:09,treatment,0
USR_08438,2026-06-13 23:11:50,control,0
USR_01595,2026-06-13 23:13:09,control,0
USR_15279,2026-06-13 23:14:18,control,1
USR_10971,2026-06-13 23:15:25,control,0
USR_10885,2026-06-13 23:16:52,treatment,0
USR_10151,2026-06-13 23:20:59,treatment,0
USR_10133,2026-06-13 23:22:58,control,0
USR_11332,2026-06-13 23:24:29,control,0
USR_09915,2026-06-13 23:27:22,control,0
USR_04434,2026-06-13 23:27:42,treatment,0
USR_09995,2026-06-13 23:29:36,treatment,0
USR_07717,2026-06-13 23:33:19,treatment,0
USR_13466,2026-06-13 23:33:21,treatment,0
USR_00050,2026-06-13 23:34:11,treatment,0
USR_14241,2026-06-13 23:34:16,control,0
USR_03368,2026-06-13 23:34:31,treatment,0
USR_13174,2026-06-13 23:34:37,control,0
USR_16740,2026-06-13 23:36:19,control,0
USR_07259,2026-06-13 23:36:21,control,0
USR_05287,2026-06-13 23:36:42,control,0
USR_03604,2026-06-13 23:36:55,control,0
USR_08272,2026-06-13 23:37:07,control,0
USR_05131,2026-06-13 23:37:59,treatment,0
USR_13681,2026-06-13 23:38:49,control,0
USR_08690,2026-06-13 23:40:30,treatment,0
USR_14903,2026-06-13 23:44:47,treatment,0
USR_12354,2026-06-13 23:46:06,control,0
USR_14037,2026-06-13 23:48:09,treatment,0
USR_12374,2026-06-13 23:49:14,control,0
USR_06714,2026-06-13 23:49:46,treatment,0
USR_18145,2026-06-13 23:50:39,control,0
USR_07955,2026-06-13 23:50:52,control,0
USR_15958,2026-06-13 23:51:27,control,0
USR_11728,2026-06-13 23:53:12,treatment,0
USR_02571,2026-06-13 23:53:21,treatment,0
USR_15995,2026-06-13 23:53:50,treatment,0
USR_06976,2026-06-13 23:55:19,control,0
USR_00243,2026-06-13 23:57:03,control,0
USR_19543,2026-06-13 23:58:32,control,0
USR_02798,2026-06-14 00:00:35,treatment,0
USR_12147,2026-06-14 00:00:49,control,0
USR_05100,2026-06-14 00:01:31,treatment,0
USR_12061,2026-06-14 00:03:20,treatment,0
USR_15293,2026-06-14 00:03:56,treatment,0
USR_12014,2026-06-14 00:04:30,control,0
USR_01144,2026-06-14 00:05:07,control,0
USR_10950,2026-06-14 00:06:28,control,0
USR_12810,2026-06-14 00:08:08,treatment,0
USR_03396,2026-06-14 00:08:09,control,1
USR_03029,2026-06-14 00:09:13,control,0
USR_17595,2026-06-14 00:10:00,treatment,0
USR_13011,2026-06-14 00:12:38,control,0
USR_10567,2026-06-14 00:12:43,treatment,0
USR_08891,2026-06-14 00:13:33,treatment,0
USR_18691,2026-06-14 00:13:45,treatment,0
USR_12203,2026-06-14 00:14:02,treatment,0
USR_13758,2026-06-14 00:14:15,control,0
USR_01433,2026-06-14 00:17:06,control,0
USR_19702,2026-06-14 00:19:01,control,0
USR_15094,2026-06-14 00:19:41,treatment,0
USR_01445,2026-06-14 00:22:48,treatment,0
USR_02909,2026-06-14 00:23:47,treatment,0
USR_06353,2026-06-14 00:27:08,treatment,0
USR_12058,2026-06-14 00:28:46,control,0
USR_06297,2026-06-14 00:29:32,treatment,0
USR_11875,2026-06-14 00:30:03,control,0
USR_06532,2026-06-14 00:32:54,treatment,0
USR_16028,2026-06-14 00:32:55,control,0
USR_12650,2026-06-14 00:34:23,control,0
USR_11265,2026-06-14 00:34:38,treatment,0
USR_17479,2026-06-14 00:34:55,control,0
USR_04416,2026-06-14 00:35:18,control,0
USR_15022,2026-06-14 00:37:07,control,0
USR_06564,2026-06-14 00:37:36,control,0
USR_01468,2026-06-14 00:39:22,control,0
USR_11435,2026-06-14 00:40:21,treatment,0
USR_19556,2026-06-14 00:40:38,treatment,0
USR_12861,2026-06-14 00:41:29,treatment,1
USR_14139,2026-06-14 00:41:48,control,0
USR_06523,2026-06-14 00:42:12,control,0
USR_13319,2026-06-14 00:42:15,control,0
USR_15781,2026-06-14 00:45:26,treatment,0
USR_09653,2026-06-14 00:48:03,control,0
USR_17941,2026-06-14 00:48:37,treatment,0
USR_18265,2026-06-14 00:49:47,treatment,0
USR_14374,2026-06-14 00:50:08,control,0
USR_09836,2026-06-14 00:50:46,control,0
USR_16224,2026-06-14 00:51:20,control,0
USR_19878,2026-06-14 00:52:46,control,1
USR_04748,2026-06-14 00:53:31,control,0
USR_13657,2026-06-14 00:54:28,control,0
USR_02443,2026-06-14 00:55:10,control,0
USR_02534,2026-06-14 00:55:48,treatment,0
USR_06545,2026-06-14 00:56:10,control,0
USR_18891,2026-06-14 00:57:26,control,0
USR_06470,2026-06-14 00:58:29,treatment,0
USR_07301,2026-06-14 00:59:28,treatment,0
USR_08255,2026-06-14 00:59:52,treatment,0
USR_19198,2026-06-14 00:59:57,treatment,0
USR_05606,2026-06-14 01:00:47,treatment,0
USR_16624,2026-06-14 01:04:04,treatment,0
USR_06245,2026-06-14 01:04:19,control,0
USR_02951,2026-06-14 01:04:45,control,0
USR_06302,2026-06-14 01:06:31,control,0
USR_04041,2026-06-14 01:06:53,control,0
USR_04462,2026-06-14 01:08:05,control,0
USR_19617,2026-06-14 01:09:20,treatment,0
USR_12100,2026-06-14 01:11:07,treatment,0
USR_14675,2026-06-14 01:13:10,treatment,0
USR_11218,2026-06-14 01:13:17,control,0
USR_03512,2026-06-14 01:15:03,control,0
USR_16677,2026-06-14 01:15:15,control,1
USR_01601,2026-06-14 01:17:40,treatment,0
USR_19327,2026-06-14 01:18:10,treatment,0
USR_05329,2026-06-14 01:19:50,control,0
USR_18431,2026-06-14 01:19:50,control,0
USR_14944,2026-06-14 01:21:43,control,0
USR_15729,2026-06-14 01:24:07,control,0
USR_07358,2026-06-14 01:24:38,control,0
USR_17258,2026-06-14 01:25:01,treatment,0
USR_04352,2026-06-14 01:25:14,control,0
USR_00516,2026-06-14 01:26:36,control,0
USR_10875,2026-06-14 01:26:59,control,0
USR_04068,2026-06-14 01:27:06,treatment,1
USR_11647,2026-06-14 01:27:15,treatment,0
USR_18974,2026-06-14 01:28:31,treatment,0
USR_10123,2026-06-14 01:29:09,treatment,0
USR_14105,2026-06-14 01:32:51,control,0
USR_11441,2026-06-14 01:34:22,treatment,0
USR_07607,2026-06-14 01:34:48,treatment,0
USR_12636,2026-06-14 01:36:03,control,0
USR_06946,2026-06-14 01:36:47,treatment,0
USR_11517,2026-06-14 01:38:28,control,0
USR_02919,2026-06-14 01:38:56,treatment,0
USR_15263,2026-06-14 01:39:03,control,0
USR_08074,2026-06-14 01:39:22,control,0
USR_04209,2026-06-14 01:39:51,control,0
USR_02969,2026-06-14 01:40:15,treatment,0
USR_15376,2026-06-14 01:42:48,control,0
USR_02150,2026-06-14 01:43:32,control,0
USR_10236,2026-06-14 01:43:49,treatment,0
USR_16791,2026-06-14 01:43:59,control,0
USR_02358,2026-06-14 01:45:38,control,0
USR_11751,2026-06-14 01:45:46,treatment,0
USR_09187,2026-06-14 01:46:02,control,0
USR_03061,2026-06-14 01:48:16,control,0
USR_07283,2026-06-14 01:50:07,treatment,0
USR_10138,2026-06-14 01:50:56,control,0
USR_18808,2026-06-14 01:51:46,treatment,0
USR_00790,2026-06-14 01:52:42,treatment,0
USR_04166,2026-06-14 01:52:45,control,1
USR_06512,2026-06-14 01:52:52,treatment,0
USR_05013,2026-06-14 01:54:14,control,0
USR_15455,2026-06-14 01:55:23,control,0
USR_06325,2026-06-14 01:55:24,control,0
USR_18328,2026-06-14 01:57:30,treatment,0
USR_06829,2026-06-14 02:01:00,treatment,0
USR_10178,2026-06-14 02:01:08,treatment,0
USR_09757,2026-06-14 02:03:32,control,0
USR_15924,2026-06-14 02:05:15,control,1
USR_12238,2026-06-14 02:05:31,control,0
USR_07975,2026-06-14 02:05:35,control,1
USR_13168,2026-06-14 02:05:39,control,0
USR_01093,2026-06-14 02:05:44,control,0
USR_08505,2026-06-14 02:09:30,control,0
USR_06450,2026-06-14 02:12:10,treatment,0
USR_19249,2026-06-14 02:12:23,control,0
USR_02098,2026-06-14 02:13:40,control,0
USR_16654,2026-06-14 02:13:59,treatment,1
USR_02280,2026-06-14 02:14:24,control,0
USR_16800,2026-06-14 02:16:21,control,0
USR_10152,2026-06-14 02:16:58,treatment,0
USR_16256,2026-06-14 02:19:00,control,0
USR_00029,2026-06-14 02:20:01,control,0
USR_01531,2026-06-14 02:20:17,control,0
USR_04056,2026-06-14 02:20:26,control,0
USR_09504,2026-06-14 02:20:29,control,0
USR_09974,2026-06-14 02:21:23,treatment,0
USR_12060,2026-06-14 02:22:04,treatment,0
USR_12839,2026-06-14 02:26:17,treatment,0
USR_08883,2026-06-14 02:26:41,treatment,1
USR_00912,2026-06-14 02:27:27,control,0
USR_16392,2026-06-14 02:27:42,treatment,1
USR_03464,2026-06-14 02:30:16,treatment,0
USR_12352,2026-06-14 02:30:26,control,0
USR_10645,2026-06-14 02:30:37,control,0
USR_17836,2026-06-14 02:30:39,control,0
USR_04421,2026-06-14 02:31:11,control,0
USR_03640,2026-06-14 02:34:51,treatment,0
USR_09258,2026-06-14 02:36:57,treatment,0
USR_16884,2026-06-14 02:38:37,treatment,0
USR_09362,2026-06-14 02:38:56,treatment,0
USR_19993,2026-06-14 02:42:47,control,0
USR_13233,2026-06-14 02:42:48,treatment,0
USR_19719,2026-06-14 02:42:59,treatment,0
USR_10528,2026-06-14 02:43:10,treatment,0
USR_19251,2026-06-14 02:43:15,control,0
USR_03451,2026-06-14 02:44:18,treatment,0
USR_14923,2026-06-14 02:44:34,treatment,0
USR_10387,2026-06-14 02:44:49,treatment,0
USR_05151,2026-06-14 02:46:06,control,0
USR_05477,2026-06-14 02:47:50,control,0
USR_01120,2026-06-14 02:50:44,treatment,0
USR_01275,2026-06-14 02:50:48,control,0
USR_02998,2026-06-14 02:50:48,control,0
USR_13994,2026-06-14 02:51:51,control,0
USR_06808,2026-06-14 02:52:54,treatment,0
USR_14301,2026-06-14 02:54:01,control,0
USR_12315,2026-06-14 02:56:27,treatment,0
USR_14236,2026-06-14 02:57:19,control,0
USR_01851,2026-06-14 02:58:01,control,0
USR_07619,2026-06-14 02:58:28,treatment,0
USR_09025,2026-06-14 02:59:38,control,0
USR_00157,2026-06-14 02:59:43,treatment,0
USR_08192,2026-06-14 02:59:45,control,0
USR_19351,2026-06-14 03:00:25,treatment,0
USR_03176,2026-06-14 03:01:36,control,0
USR_13698,2026-06-14 03:03:16,control,0
USR_09408,2026-06-14 03:03:34,treatment,0
USR_12289,2026-06-14 03:04:12,treatment,0
USR_03140,2026-06-14 03:06:16,treatment,0
USR_02600,2026-06-14 03:06:41,control,0
USR_06336,2026-06-14 03:07:10,treatment,0
USR_13532,2026-06-14 03:07:24,treatment,0
USR_16962,2026-06-14 03:07:25,control,0
USR_06388,2026-06-14 03:07:51,treatment,0
USR_18863,2026-06-14 03:07:59,treatment,0
USR_05805,2026-06-14 03:10:13,treatment,0
USR_00635,2026-06-14 03:10:25,control,0
USR_15033,2026-06-14 03:12:02,treatment,0
USR_00055,2026-06-14 03:12:35,treatment,0
USR_10241,2026-06-14 03:13:06,control,0
USR_05779,2026-06-14 03:13:19,treatment,0
USR_17756,2026-06-14 03:14:20,control,0
USR_09390,2026-06-14 03:16:32,control,1
USR_04308,2026-06-14 03:16:40,treatment,0
USR_07014,2026-06-14 03:16:58,treatment,0
USR_14820,2026-06-14 03:17:30,treatment,0
USR_00670,2026-06-14 03:18:53,control,0
USR_10934,2026-06-14 03:19:17,treatment,0
USR_09296,2026-06-14 03:19:24,treatment,1
USR_00458,2026-06-14 03:19:33,control,0
USR_14319,2026-06-14 03:22:16,treatment,0
USR_00328,2026-06-14 03:23:06,treatment,0
USR_18757,2026-06-14 03:24:15,treatment,0
USR_17424,2026-06-14 03:25:15,treatment,0
USR_00099,2026-06-14 03:25:42,control,0
USR_18327,2026-06-14 03:26:01,treatment,1
USR_19912,2026-06-14 03:26:07,control,0
USR_00003,2026-06-14 03:27:57,treatment,0
USR_19705,2026-06-14 03:31:14,control,0
USR_18736,2026-06-14 03:33:10,treatment,0
USR_05769,2026-06-14 03:33:21,treatment,0
USR_04588,2026-06-14 03:34:15,treatment,0
USR_11628,2026-06-14 03:34:57,control,0
USR_01109,2026-06-14 03:35:00,control,0
USR_03547,2026-06-14 03:35:34,control,0
USR_10615,2026-06-14 03:36:26,treatment,0
USR_18035,2026-06-14 03:36:39,treatment,0
USR_04825,2026-06-14 03:36:45,control,0
USR_16786,2026-06-14 03:36:51,control,0
USR_11177,2026-06-14 03:38:00,treatment,0
USR_14288,2026-06-14 03:38:16,treatment,1
USR_01254,2026-06-14 03:39:07,control,0
USR_03539,2026-06-14 03:39:17,control,1
USR_11184,2026-06-14 03:45:40,control,0
USR_09652,2026-06-14 03:46:48,treatment,1
USR_17177,2026-06-14 03:47:39,control,0
USR_10923,2026-06-14 03:51:28,control,0
USR_12772,2026-06-14 03:51:28,control,0
USR_00144,2026-06-14 03:51:49,treatment,0
USR_12399,2026-06-14 03:52:05,control,0
USR_16829,2026-06-14 03:53:43,control,0
USR_00223,2026-06-14 03:54:00,control,0
USR_13315,2026-06-14 03:56:52,treatment,0
USR_06437,2026-06-14 03:56:57,treatment,0
USR_14578,2026-06-14 03:57:57,control,0
USR_16549,2026-06-14 03:59:15,control,0
USR_05117,2026-06-14 03:59:51,treatment,0
USR_05089,2026-06-14 04:01:44,treatment,0
USR_19563,2026-06-14 04:02:47,treatment,0
USR_02290,2026-06-14 04:03:44,control,0
USR_11918,2026-06-14 04:03:45,control,0
USR_00948,2026-06-14 04:03:52,treatment,0
USR_08151,2026-06-14 04:04:07,control,0
USR_09920,2026-06-14 04:05:31,control,0
USR_19429,2026-06-14 04:05:38,treatment,0
USR_05115,2026-06-14 04:05:50,control,0
USR_19814,2026-06-14 04:07:56,control,0
USR_16576,2026-06-14 04:08:02,treatment,0
USR_16134,2026-06-14 04:10:22,treatment,0
USR_04852,2026-06-14 04:12:27,control,0
USR_18140,2026-06-14 04:12:47,treatment,0
USR_14482,2026-06-14 04:13:31,treatment,0
USR_00810,2026-06-14 04:15:34,treatment,0
USR_16710,2026-06-14 04:16:04,treatment,0
USR_05893,2026-06-14 04:16:21,treatment,0
USR_12235,2026-06-14 04:16:43,treatment,0
USR_16173,2026-06-14 04:17:07,treatment,0
USR_03384,2026-06-14 04:22:14,treatment,0
USR_05437,2026-06-14 04:25:00,control,0
USR_15098,2026-06-14 04:25:54,control,1
USR_08318,2026-06-14 04:25:59,control,0
USR_11400,2026-06-14 04:26:07,treatment,0
USR_19270,2026-06-14 04:27:48,control,0
USR_02392,2026-06-14 04:27:58,control,0
USR_05519,2026-06-14 04:28:39,treatment,0
USR_14850,2026-06-14 04:29:13,control,0
USR_02396,2026-06-14 04:30:40,treatment,0
USR_15235,2026-06-14 04:31:49,control,0
USR_13214,2026-06-14 04:34:17,control,0
USR_15911,2026-06-14 04:35:07,treatment,0
USR_18571,2026-06-14 04:35:40,treatment,0
USR_03249,2026-06-14 04:35:50,control,0
USR_00286,2026-06-14 04:36:16,control,0
USR_02122,2026-06-14 04:36:23,treatment,0
USR_15562,2026-06-14 04:37:19,treatment,0
USR_07272,2026-06-14 04:38:50,treatment,1
USR_07040,2026-06-14 04:39:24,treatment,0
USR_07353,2026-06-14 04:40:00,treatment,0
USR_19145,2026-06-14 04:42:14,treatment,0
USR_08260,2026-06-14 04:43:55,treatment,0
USR_10855,2026-06-14 04:45:32,control,0
USR_06789,2026-06-14 04:46:53,control,0
USR_19402,2026-06-14 04:49:00,treatment,0
USR_05697,2026-06-14 04:51:40,treatment,0
USR_15611,2026-06-14 04:51:47,treatment,0
USR_11454,2026-06-14 04:52:02,treatment,0
USR_09699,2026-06-14 04:52:08,treatment,0
USR_02849,2026-06-14 04:53:17,control,0
USR_19220,2026-06-14 04:53:34,control,0
USR_04381,2026-06-14 04:54:06,treatment,0
USR_13181,2026-06-14 04:55:32,treatment,0
USR_04389,2026-06-14 04:56:04,treatment,0
USR_03074,2026-06-14 04:56:53,treatment,0
USR_05609,2026-06-14 04:57:16,control,0
USR_14402,2026-06-14 04:58:13,treatment,0
USR_13506,2026-06-14 04:59:40,control,0
USR_11721,2026-06-14 05:01:05,control,0
USR_06177,2026-06-14 05:01:19,treatment,0
USR_16278,2026-06-14 05:04:25,control,0
USR_01972,2026-06-14 05:04:40,treatment,0
USR_17159,2026-06-14 05:05:31,treatment,0
USR_16077,2026-06-14 05:05:41,treatment,0
USR_16043,2026-06-14 05:07:07,treatment,0
USR_10140,2026-06-14 05:08:12,control,0
USR_19688,2026-06-14 05:10:16,treatment,0
USR_14316,2026-06-14 05:10:39,control,1
USR_05652,2026-06-14 05:10:43,control,0
USR_04538,2026-06-14 05:10:46,control,0
USR_02972,2026-06-14 05:12:55,control,0
USR_04138,2026-06-14 05:13:21,treatment,1
USR_17254,2026-06-14 05:13:37,treatment,0
USR_14195,2026-06-14 05:14:29,control,0
USR_04694,2026-06-14 05:15:12,treatment,0
USR_08805,2026-06-14 05:16:46,control,0
USR_02084,2026-06-14 05:18:15,treatment,0
USR_00792,2026-06-14 05:18:29,control,0
USR_01460,2026-06-14 05:20:22,treatment,0
USR_13426,2026-06-14 05:20:26,treatment,0
USR_13162,2026-06-14 05:22:21,treatment,0
USR_01992,2026-06-14 05:23:25,control,0
USR_13604,2026-06-14 05:24:28,treatment,0
USR_01402,2026-06-14 05:24:47,treatment,0
USR_08713,2026-06-14 05:25:10,treatment,0
USR_00915,2026-06-14 05:30:04,control,0
USR_18695,2026-06-14 05:31:22,control,0
USR_17693,2026-06-14 05:31:45,control,0
USR_00625,2026-06-14 05:32:06,control,0
USR_08657,2026-06-14 05:32:44,treatment,0
USR_19753,2026-06-14 05:33:46,treatment,0
USR_10572,2026-06-14 05:35:32,control,0
USR_06997,2026-06-14 05:36:56,control,0
USR_00461,2026-06-14 05:37:09,control,0
USR_06701,2026-06-14 05:38:42,control,0
USR_00052,2026-06-14 05:39:53,control,0
USR_02553,2026-06-14 05:42:16,treatment,0
USR_14025,2026-06-14 05:43:05,treatment,0
USR_02606,2026-06-14 05:44:25,treatment,0
USR_09748,2026-06-14 05:47:02,control,0
USR_14159,2026-06-14 05:47:47,control,0
USR_10114,2026-06-14 05:48:00,control,0
USR_04208,2026-06-14 05:48:47,control,0
USR_09718,2026-06-14 05:51:17,treatment,0
USR_12742,2026-06-14 05:52:40,treatment,0
USR_09019,2026-06-14 05:52:44,control,0
USR_16630,2026-06-14 05:53:10,control,0
USR_09339,2026-06-14 05:54:32,control,0
USR_09350,2026-06-14 05:54:46,control,0
USR_08496,2026-06-14 05:54:54,treatment,0
USR_15970,2026-06-14 05:55:18,treatment,0
USR_06197,2026-06-14 05:55:55,control,0
USR_18130,2026-06-14 05:56:03,treatment,1
USR_01957,2026-06-14 05:56:11,treatment,0
USR_03832,2026-06-14 05:56:20,treatment,0
USR_15454,2026-06-14 05:57:16,control,0
USR_19153,2026-06-14 05:58:44,control,0
USR_09170,2026-06-14 05:58:51,control,0
USR_19624,2026-06-14 05:59:38,control,0
USR_19094,2026-06-14 06:00:55,control,0
USR_10252,2026-06-14 06:01:12,control,0
USR_17311,2026-06-14 06:02:38,control,0
USR_06267,2026-06-14 06:03:00,treatment,0
USR_04693,2026-06-14 06:03:42,treatment,0
USR_08033,2026-06-14 06:03:43,treatment,0
USR_13062,2026-06-14 06:04:16,control,0
USR_19532,2026-06-14 06:04:21,control,0
USR_17930,2026-06-14 06:05:26,treatment,0
USR_13547,2026-06-14 06:06:15,treatment,0
USR_15007,2026-06-14 06:07:07,control,0
USR_15114,2026-06-14 06:08:07,control,0
USR_19168,2026-06-14 06:08:10,control,0
USR_13723,2026-06-14 06:08:12,treatment,0
USR_00708,2026-06-14 06:10:22,treatment,0
USR_16293,2026-06-14 06:11:41,control,0
USR_06074,2026-06-14 06:11:51,treatment,0
USR_19430,2026-06-14 06:13:10,control,0
USR_11792,2026-06-14 06:13:50,control,0
USR_11878,2026-06-14 06:13:53,control,0
USR_10415,2026-06-14 06:14:37,control,0
USR_12225,2026-06-14 06:14:49,treatment,0
USR_13472,2026-06-14 06:16:26,control,0
USR_12292,2026-06-14 06:18:38,treatment,1
USR_15957,2026-06-14 06:20:15,control,0
USR_15515,2026-06-14 06:20:52,control,0
USR_14774,2026-06-14 06:20:55,treatment,0
USR_17395,2026-06-14 06:21:09,treatment,0
USR_02068,2026-06-14 06:21:43,control,0
USR_02805,2026-06-14 06:22:21,treatment,0
USR_14501,2026-06-14 06:25:36,control,1
USR_18383,2026-06-14 06:26:44,treatment,0
USR_14720,2026-06-14 06:29:11,treatment,0
USR_05839,2026-06-14 06:29:23,control,0
USR_05369,2026-06-14 06:30:10,treatment,0
USR_02041,2026-06-14 06:30:35,control,0
USR_11530,2026-06-14 06:30:41,treatment,0
USR_15431,2026-06-14 06:34:30,treatment,0
USR_04975,2026-06-14 06:34:50,control,0
USR_07749,2026-06-14 06:36:56,treatment,0
USR_03726,2026-06-14 06:38:44,control,0
USR_12624,2026-06-14 06:38:46,treatment,0
USR_18848,2026-06-14 06:39:03,control,0
USR_03534,2026-06-14 06:40:41,treatment,0
USR_05363,2026-06-14 06:41:34,treatment,0
USR_06079,2026-06-14 06:41:43,control,0
USR_02985,2026-06-14 06:42:22,treatment,0
USR_15816,2026-06-14 06:45:28,control,0
USR_05190,2026-06-14 06:45:43,control,0
USR_18668,2026-06-14 06:46:34,control,0
USR_05069,2026-06-14 06:46:38,control,0
USR_15953,2026-06-14 06:47:26,treatment,0
USR_08339,2026-06-14 06:52:42,treatment,1
USR_04901,2026-06-14 06:53:07,control,0
USR_10451,2026-06-14 06:53:07,control,0
USR_07798,2026-06-14 06:54:43,treatment,0
USR_08021,2026-06-14 07:00:27,control,1
USR_08459,2026-06-14 07:01:57,control,0
USR_14891,2026-06-14 07:04:29,control,1
USR_07419,2026-06-14 07:05:12,control,0
USR_05342,2026-06-14 07:06:47,control,0
USR_15017,2026-06-14 07:07:10,treatment,0
USR_02226,2026-06-14 07:07:52,treatment,0
USR_06344,2026-06-14 07:07:55,control,0
USR_01961,2026-06-14 07:08:34,control,0
USR_08828,2026-06-14 07:09:10,treatment,0
USR_14215,2026-06-14 07:11:26,control,0
USR_00672,2026-06-14 07:13:02,treatment,0
USR_13136,2026-06-14 07:14:36,treatment,0
USR_05232,2026-06-14 07:15:06,control,0
USR_02386,2026-06-14 07:16:51,control,0
USR_14725,2026-06-14 07:17:21,treatment,0
USR_01056,2026-06-14 07:17:30,treatment,0
USR_08017,2026-06-14 07:17:31,control,0
USR_10693,2026-06-14 07:19:55,control,0
USR_18758,2026-06-14 07:21:06,treatment,0
USR_16286,2026-06-14 07:21:11,treatment,0
USR_18147,2026-06-14 07:21:27,treatment,0
USR_08436,2026-06-14 07:21:52,control,0
USR_06542,2026-06-14 07:22:21,control,0
USR_15083,2026-06-14 07:23:38,treatment,0
USR_03144,2026-06-14 07:24:04,treatment,0
USR_13911,2026-06-14 07:24:06,treatment,0
USR_01076,2026-06-14 07:24:46,treatment,0
USR_19463,2026-06-14 07:25:50,treatment,0
USR_01026,2026-06-14 07:25:57,treatment,0
USR_12643,2026-06-14 07:26:43,treatment,0
USR_17554,2026-06-14 07:28:38,control,0
USR_08349,2026-06-14 07:29:17,treatment,0
USR_03743,2026-06-14 07:30:36,control,0
USR_18913,2026-06-14 07:30:40,treatment,0
USR_01575,2026-06-14 07:31:06,treatment,0
USR_02839,2026-06-14 07:36:30,treatment,0
USR_15999,2026-06-14 07:39:38,treatment,0
USR_09103,2026-06-14 07:39:41,treatment,1
USR_02943,2026-06-14 07:41:07,control,0
USR_01905,2026-06-14 07:42:18,control,0
USR_09407,2026-06-14 07:42:38,treatment,0
USR_01716,2026-06-14 07:43:50,treatment,0
USR_16570,2026-06-14 07:43:56,treatment,0
USR_17937,2026-06-14 07:45:00,control,0
USR_02740,2026-06-14 07:46:07,treatment,0
USR_07827,2026-06-14 07:49:07,treatment,0
USR_18347,2026-06-14 07:49:57,control,0
USR_13495,2026-06-14 07:50:01,treatment,0
USR_02206,2026-06-14 07:50:27,treatment,0
USR_04518,2026-06-14 07:50:50,control,0
USR_02546,2026-06-14 07:50:54,control,0
USR_19193,2026-06-14 07:53:09,control,0
USR_13089,2026-06-14 07:53:26,control,0
USR_10565,2026-06-14 07:54:00,treatment,0
USR_11001,2026-06-14 07:54:04,treatment,0
USR_02477,2026-06-14 07:57:28,control,0
USR_14207,2026-06-14 07:58:36,control,0
USR_10691,2026-06-14 08:00:01,treatment,0
USR_17441,2026-06-14 08:00:29,treatment,0
USR_00743,2026-06-14 08:01:15,control,0
USR_12012,2026-06-14 08:01:32,treatment,0
USR_10973,2026-06-14 08:01:49,control,0
USR_09602,2026-06-14 08:02:09,treatment,0
USR_11561,2026-06-14 08:02:37,treatment,0
USR_15990,2026-06-14 08:02:57,treatment,0
USR_14052,2026-06-14 08:03:16,control,0
USR_13264,2026-06-14 08:03:42,treatment,0
USR_16523,2026-06-14 08:03:54,control,0
USR_17691,2026-06-14 08:04:02,control,0
USR_02093,2026-06-14 08:05:02,treatment,0
USR_10697,2026-06-14 08:07:21,control,0
USR_14895,2026-06-14 08:08:45,control,0
USR_10897,2026-06-14 08:09:24,treatment,0
USR_09822,2026-06-14 08:14:37,treatment,0
USR_09048,2026-06-14 08:14:59,treatment,0
USR_17413,2026-06-14 08:15:23,treatment,0
USR_18639,2026-06-14 08:16:00,control,0
USR_18647,2026-06-14 08:16:34,treatment,0
USR_00009,2026-06-14 08:17:13,treatment,0
USR_02398,2026-06-14 08:20:41,treatment,0
USR_18794,2026-06-14 08:23:42,treatment,0
USR_01827,2026-06-14 08:24:11,control,0
USR_00405,2026-06-14 08:24:19,treatment,0
USR_02397,2026-06-14 08:24:29,control,0
USR_04792,2026-06-14 08:30:05,control,0
USR_11759,2026-06-14 08:30:25,treatment,1
USR_01241,2026-06-14 08:30:27,control,0
USR_16688,2026-06-14 08:30:40,treatment,0
USR_00994,2026-06-14 08:31:09,control,0
USR_17638,2026-06-14 08:31:18,control,0
USR_14483,2026-06-14 08:31:50,treatment,0
USR_09160,2026-06-14 08:32:12,control,0
USR_15398,2026-06-14 08:32:46,treatment,0
USR_06653,2026-06-14 08:33:42,control,0
USR_00925,2026-06-14 08:35:06,treatment,0
USR_03330,2026-06-14 08:35:18,treatment,0
USR_10207,2026-06-14 08:36:38,treatment,0
USR_06304,2026-06-14 08:36:52,control,0
USR_10277,2026-06-14 08:38:18,control,0
USR_17051,2026-06-14 08:39:35,control,0
USR_00283,2026-06-14 08:40:01,control,0
USR_15845,2026-06-14 08:41:25,treatment,0
USR_11830,2026-06-14 08:45:29,treatment,0
USR_14019,2026-06-14 08:46:43,control,0
USR_16159,2026-06-14 08:48:16,control,0
USR_15584,2026-06-14 08:48:23,control,0
USR_07842,2026-06-14 08:48:29,treatment,0
USR_04484,2026-06-14 08:49:07,control,0
USR_12444,2026-06-14 08:50:13,treatment,0
USR_09365,2026-06-14 08:51:36,treatment,0
USR_06770,2026-06-14 08:57:16,control,0
USR_19615,2026-06-14 08:57:29,control,0
USR_12665,2026-06-14 08:58:47,control,0
USR_02655,2026-06-14 08:59:42,control,0
USR_18010,2026-06-14 09:02:04,control,0
USR_12003,2026-06-14 09:03:10,control,0
USR_19262,2026-06-14 09:03:43,treatment,0
USR_04103,2026-06-14 09:04:25,treatment,0
USR_08304,2026-06-14 09:05:23,treatment,0
USR_19159,2026-06-14 09:05:46,control,0
USR_06940,2026-06-14 09:06:51,treatment,0
USR_16032,2026-06-14 09:11:21,control,0
USR_06359,2026-06-14 09:12:09,control,0
USR_12721,2026-06-14 09:14:32,control,0
USR_11076,2026-06-14 09:16:20,control,0
USR_13428,2026-06-14 09:17:48,treatment,0
USR_12612,2026-06-14 09:19:16,control,0
USR_06084,2026-06-14 09:20:47,control,0
USR_00820,2026-06-14 09:21:32,control,0
USR_09440,2026-06-14 09:22:10,treatment,0
USR_19032,2026-06-14 09:24:00,control,0
USR_15596,2026-06-14 09:24:55,treatment,0
USR_16578,2026-06-14 09:25:03,treatment,0
USR_19575,2026-06-14 09:25:13,control,0
USR_13270,2026-06-14 09:25:29,treatment,0
USR_08250,2026-06-14 09:25:43,control,0
USR_17170,2026-06-14 09:26:21,treatment,0
USR_10619,2026-06-14 09:27:10,treatment,0
USR_02514,2026-06-14 09:27:28,treatment,1
USR_06539,2026-06-14 09:27:49,treatment,0
USR_18138,2026-06-14 09:28:11,control,0
USR_08353,2026-06-14 09:28:52,treatment,0
USR_08328,2026-06-14 09:29:54,control,0
USR_13200,2026-06-14 09:30:49,control,0
USR_18339,2026-06-14 09:31:58,control,0
USR_13589,2026-06-14 09:32:11,treatment,1
USR_03254,2026-06-14 09:33:27,treatment,0
USR_08966,2026-06-14 09:33:43,treatment,0
USR_05971,2026-06-14 09:34:09,treatment,0
USR_19065,2026-06-14 09:34:56,control,0
USR_08904,2026-06-14 09:37:41,treatment,0
USR_10308,2026-06-14 09:38:10,control,0
USR_11038,2026-06-14 09:40:20,control,0
USR_19009,2026-06-14 09:41:44,control,1
USR_13886,2026-06-14 09:42:34,treatment,0
USR_01210,2026-06-14 09:43:19,control,0
USR_10195,2026-06-14 09:44:23,treatment,0
USR_03297,2026-06-14 09:44:38,control,0
USR_08866,2026-06-14 09:46:44,treatment,0
USR_02828,2026-06-14 09:49:08,control,0
USR_07227,2026-06-14 09:49:41,treatment,0
USR_00819,2026-06-14 09:50:06,treatment,0
USR_08634,2026-06-14 09:50:55,treatment,0
USR_05626,2026-06-14 09:51:02,treatment,0
USR_02324,2026-06-14 09:51:43,control,1
USR_14997,2026-06-14 09:53:54,treatment,0
USR_12257,2026-06-14 09:53:56,control,0
USR_00667,2026-06-14 09:56:14,control,1
USR_13881,2026-06-14 09:57:19,control,0
USR_03337,2026-06-14 10:00:08,treatment,0
USR_08948,2026-06-14 10:01:18,treatment,0
USR_19083,2026-06-14 10:04:11,control,0
USR_10828,2026-06-14 10:05:47,control,0
USR_10491,2026-06-14 10:06:13,control,0
USR_15570,2026-06-14 10:06:39,treatment,0
USR_02019,2026-06-14 10:10:46,treatment,1
USR_06282,2026-06-14 10:11:06,control,0
USR_04300,2026-06-14 10:11:34,control,0
USR_16733,2026-06-14 10:12:26,control,0
USR_02291,2026-06-14 10:13:03,control,0
USR_11175,2026-06-14 10:14:03,treatment,0
USR_04366,2026-06-14 10:14:27,treatment,0
USR_18653,2026-06-14 10:16:22,control,0
USR_11103,2026-06-14 10:20:49,control,0
USR_09443,2026-06-14 10:21:08,control,0
USR_17870,2026-06-14 10:22:17,treatment,0
USR_00721,2026-06-14 10:22:21,treatment,0
USR_16247,2026-06-14 10:22:48,control,0
USR_00353,2026-06-14 10:24:45,treatment,0
USR_00349,2026-06-14 10:27:13,treatment,0
USR_05508,2026-06-14 10:28:21,treatment,0
USR_02674,2026-06-14 10:28:58,treatment,0
USR_05175,2026-06-14 10:30:00,control,0
USR_14224,2026-06-14 10:30:33,control,0
USR_04386,2026-06-14 10:31:58,treatment,0
USR_00092,2026-06-14 10:32:04,treatment,0
USR_14970,2026-06-14 10:32:27,treatment,0
USR_02806,2026-06-14 10:32:59,treatment,0
USR_01016,2026-06-14 10:33:19,treatment,0
USR_17493,2026-06-14 10:33:38,control,0
USR_11240,2026-06-14 10:34:43,control,0
USR_01941,2026-06-14 10:35:23,treatment,0
USR_03060,2026-06-14 10:36:02,treatment,0
USR_04924,2026-06-14 10:37:00,treatment,0
USR_03621,2026-06-14 10:38:58,treatment,0
USR_06481,2026-06-14 10:39:29,control,0
USR_09641,2026-06-14 10:39:51,control,0
USR_03765,2026-06-14 10:44:19,control,0
USR_02235,2026-06-14 10:46:09,control,0
USR_03930,2026-06-14 10:46:33,control,0
USR_04402,2026-06-14 10:48:31,control,0
USR_16048,2026-06-14 10:51:01,treatment,0
USR_16560,2026-06-14 10:51:45,control,0
USR_09264,2026-06-14 10:52:02,control,0
USR_13841,2026-06-14 10:52:52,control,0
USR_01049,2026-06-14 10:54:02,control,0
USR_08432,2026-06-14 10:54:39,control,0
USR_16205,2026-06-14 10:54:52,control,0
USR_14174,2026-06-14 10:54:56,control,0
USR_04635,2026-06-14 10:55:38,control,0
USR_14703,2026-06-14 10:58:04,control,0
USR_17088,2026-06-14 10:58:09,control,0
USR_05033,2026-06-14 10:59:42,treatment,0
USR_19949,2026-06-14 11:01:05,control,0
USR_10818,2026-06-14 11:01:17,control,0
USR_12720,2026-06-14 11:01:57,treatment,0
USR_00206,2026-06-14 11:03:08,treatment,0
USR_00808,2026-06-14 11:03:12,treatment,0
USR_08262,2026-06-14 11:03:58,control,0
USR_05646,2026-06-14 11:04:59,control,0
USR_03234,2026-06-14 11:05:17,treatment,0
USR_09599,2026-06-14 11:06:11,control,0
USR_07689,2026-06-14 11:06:37,control,0
USR_15134,2026-06-14 11:08:51,treatment,0
USR_04155,2026-06-14 11:11:02,control,0
USR_15528,2026-06-14 11:11:59,treatment,0
USR_14366,2026-06-14 11:12:35,control,0
USR_12719,2026-06-14 11:15:02,treatment,0
USR_05404,2026-06-14 11:15:32,treatment,0
USR_19552,2026-06-14 11:15:33,treatment,0
USR_12005,2026-06-14 11:16:00,treatment,0
USR_19277,2026-06-14 11:17:30,treatment,0
USR_06064,2026-06-14 11:17:35,treatment,0
USR_18886,2026-06-14 11:18:59,treatment,0
USR_02548,2026-06-14 11:21:29,control,0
USR_19102,2026-06-14 11:21:33,treatment,0
USR_11543,2026-06-14 11:22:27,treatment,0
USR_18982,2026-06-14 11:23:19,control,0
USR_12089,2026-06-14 11:24:07,treatment,0
USR_01922,2026-06-14 11:24:39,treatment,0
USR_00750,2026-06-14 11:26:47,treatment,0
USR_18183,2026-06-14 11:27:13,treatment,0
USR_16903,2026-06-14 11:28:07,control,0
USR_16938,2026-06-14 11:29:34,treatment,0
USR_11111,2026-06-14 11:29:47,control,0
USR_13930,2026-06-14 11:30:28,control,0
USR_07630,2026-06-14 11:30:55,treatment,0
USR_18638,2026-06-14 11:32:45,control,0
USR_11614,2026-06-14 11:33:51,treatment,0
USR_13985,2026-06-14 11:34:49,control,0
USR_07695,2026-06-14 11:35:12,treatment,0
USR_06736,2026-06-14 11:35:39,control,0
USR_05954,2026-06-14 11:38:41,treatment,0
USR_10299,2026-06-14 11:40:52,treatment,0
USR_13928,2026-06-14 11:42:12,treatment,1
USR_17770,2026-06-14 11:45:18,control,0
USR_14912,2026-06-14 11:45:43,treatment,0
USR_15363,2026-06-14 11:46:36,treatment,0
USR_10968,2026-06-14 11:49:46,treatment,0
USR_00605,2026-06-14 11:50:51,treatment,0
USR_11977,2026-06-14 11:51:39,control,0
USR_15247,2026-06-14 11:55:03,control,0
USR_07010,2026-06-14 11:56:24,control,0
USR_18436,2026-06-14 11:59:26,control,0
USR_04371,2026-06-14 12:00:53,treatment,0
USR_17700,2026-06-14 12:01:04,control,0
USR_00726,2026-06-14 12:01:53,control,0
USR_02216,2026-06-14 12:02:49,control,0
USR_11619,2026-06-14 12:02:56,treatment,0
USR_13590,2026-06-14 12:03:10,treatment,0
USR_13543,2026-06-14 12:03:15,treatment,1
USR_16801,2026-06-14 12:03:16,treatment,0
USR_11462,2026-06-14 12:03:22,control,0
USR_08265,2026-06-14 12:03:22,treatment,0
USR_15675,2026-06-14 12:03:47,treatment,0
USR_08246,2026-06-14 12:05:39,control,0
USR_14495,2026-06-14 12:08:03,treatment,0
USR_04393,2026-06-14 12:08:19,control,0
USR_17532,2026-06-14 12:08:59,control,0
USR_07278,2026-06-14 12:09:52,control,0
USR_01756,2026-06-14 12:10:35,treatment,1
USR_16837,2026-06-14 12:11:41,control,0
USR_01806,2026-06-14 12:12:09,treatment,0
USR_19551,2026-06-14 12:12:41,control,0
USR_01171,2026-06-14 12:15:23,control,0
USR_03290,2026-06-14 12:16:04,control,0
USR_11544,2026-06-14 12:16:04,treatment,0
USR_11769,2026-06-14 12:16:10,treatment,0
USR_02433,2026-06-14 12:17:03,control,0
USR_12972,2026-06-14 12:17:27,control,0
USR_00424,2026-06-14 12:17:47,control,0
USR_00617,2026-06-14 12:18:53,treatment,0
USR_00986,2026-06-14 12:22:24,control,0
USR_10078,2026-06-14 12:22:50,treatment,0
USR_15945,2026-06-14 12:23:05,control,0
USR_08976,2026-06-14 12:23:07,control,0
USR_03677,2026-06-14 12:24:04,treatment,0
USR_12288,2026-06-14 12:24:30,treatment,0
USR_07292,2026-06-14 12:25:39,treatment,0
USR_06794,2026-06-14 12:26:26,control,0
USR_17627,2026-06-14 12:27:37,treatment,0
USR_16752,2026-06-14 12:28:25,treatment,0
USR_15938,2026-06-14 12:28:25,control,0
USR_06590,2026-06-14 12:28:55,treatment,0
USR_15797,2026-06-14 12:29:29,control,0
USR_03556,2026-06-14 12:32:08,control,0
USR_10708,2026-06-14 12:33:01,control,0
USR_04989,2026-06-14 12:34:49,control,0
USR_19537,2026-06-14 12:35:16,control,0
USR_08748,2026-06-14 12:35:52,treatment,0
USR_11663,2026-06-14 12:37:53,control,0
USR_05129,2026-06-14 12:37:58,control,0
USR_13820,2026-06-14 12:42:44,treatment,0
USR_19592,2026-06-14 12:43:22,treatment,0
USR_11518,2026-06-14 12:45:56,control,0
USR_07899,2026-06-14 12:46:38,control,0
USR_03906,2026-06-14 12:46:48,control,0
USR_17982,2026-06-14 12:47:28,treatment,0
USR_00035,2026-06-14 12:48:57,control,0
USR_10427,2026-06-14 12:49:20,control,0
USR_03913,2026-06-14 12:51:18,control,0
USR_01936,2026-06-14 12:51:39,treatment,0
USR_01002,2026-06-14 12:53:20,control,0
USR_19916,2026-06-14 12:54:42,treatment,0
USR_06018,2026-06-14 12:55:08,control,0
USR_08356,2026-06-14 12:56:20,control,0
USR_06925,2026-06-14 12:56:24,control,0
USR_17157,2026-06-14 12:57:10,control,0
USR_00931,2026-06-14 12:58:16,treatment,0
USR_02701,2026-06-14 13:00:20,treatment,0
USR_16169,2026-06-14 13:00:43,treatment,0
USR_11438,2026-06-14 13:04:22,control,0
USR_02618,2026-06-14 13:05:54,control,0
USR_07737,2026-06-14 13:06:00,control,0
USR_07074,2026-06-14 13:06:53,control,0
USR_09276,2026-06-14 13:07:39,treatment,0
USR_17604,2026-06-14 13:08:14,control,0
USR_08458,2026-06-14 13:08:42,treatment,0
USR_09312,2026-06-14 13:10:23,control,0
USR_04667,2026-06-14 13:13:10,treatment,0
USR_09890,2026-06-14 13:13:39,control,0
USR_05733,2026-06-14 13:13:39,control,0
USR_07122,2026-06-14 13:13:58,treatment,0
USR_01562,2026-06-14 13:17:51,treatment,0
USR_15120,2026-06-14 13:20:12,treatment,0
USR_16943,2026-06-14 13:20:23,control,0
USR_04496,2026-06-14 13:22:49,treatment,0
USR_01717,2026-06-14 13:23:25,treatment,0
USR_10249,2026-06-14 13:24:04,treatment,0
USR_19206,2026-06-14 13:24:30,control,0
USR_08368,2026-06-14 13:25:54,treatment,0
USR_17002,2026-06-14 13:28:09,treatment,0
USR_04207,2026-06-14 13:28:40,treatment,0
USR_05080,2026-06-14 13:29:21,control,0
USR_06181,2026-06-14 13:29:24,treatment,0
USR_18978,2026-06-14 13:29:52,control,0
USR_01038,2026-06-14 13:30:48,treatment,0
USR_13960,2026-06-14 13:31:02,treatment,0
USR_10413,2026-06-14 13:31:09,treatment,0
USR_02881,2026-06-14 13:31:13,control,0
USR_01368,2026-06-14 13:31:52,treatment,1
USR_09482,2026-06-14 13:32:10,treatment,0
USR_10660,2026-06-14 13:32:27,treatment,1
USR_11546,2026-06-14 13:35:22,treatment,0
USR_04765,2026-06-14 13:35:25,control,0
USR_14575,2026-06-14 13:36:16,treatment,0
USR_03848,2026-06-14 13:39:52,control,0
USR_13733,2026-06-14 13:39:54,treatment,0
USR_13215,2026-06-14 13:40:45,control,0
USR_16112,2026-06-14 13:41:31,control,0
USR_07929,2026-06-14 13:42:15,treatment,0
USR_08219,2026-06-14 13:42:51,treatment,0
USR_01574,2026-06-14 13:44:08,treatment,1
USR_07974,2026-06-14 13:48:17,treatment,0
USR_06772,2026-06-14 13:48:39,treatment,0
USR_10779,2026-06-14 13:49:26,control,0
USR_10225,2026-06-14 13:50:22,treatment,0
USR_08877,2026-06-14 13:50:28,treatment,0
USR_04710,2026-06-14 13:50:33,treatment,1
USR_18636,2026-06-14 13:50:57,treatment,0
USR_01023,2026-06-14 13:51:19,control,0
USR_13244,2026-06-14 13:51:46,treatment,0
USR_05243,2026-06-14 13:52:37,control,0
USR_12127,2026-06-14 13:53:35,treatment,0
USR_06876,2026-06-14 13:54:15,control,0
USR_13854,2026-06-14 13:56:04,treatment,0
USR_14861,2026-06-14 13:56:35,treatment,0
USR_15959,2026-06-14 13:58:35,treatment,0
USR_10091,2026-06-14 13:58:43,control,0
USR_18484,2026-06-14 13:59:07,treatment,0
USR_03207,2026-06-14 14:00:25,control,0
USR_03046,2026-06-14 14:00:37,treatment,0
USR_00527,2026-06-14 14:01:15,treatment,0
USR_06534,2026-06-14 14:04:13,control,0
USR_02181,2026-06-14 14:05:16,treatment,0
USR_00823,2026-06-14 14:05:19,treatment,0
USR_13278,2026-06-14 14:05:38,treatment,0
USR_02166,2026-06-14 14:07:22,control,0
USR_13110,2026-06-14 14:07:33,treatment,0
USR_16999,2026-06-14 14:09:42,control,0
USR_00567,2026-06-14 14:13:19,control,0
USR_03659,2026-06-14 14:13:35,treatment,0
USR_13335,2026-06-14 14:14:13,control,0
USR_14714,2026-06-14 14:15:32,treatment,0
USR_13201,2026-06-14 14:16:57,control,0
USR_05451,2026-06-14 14:17:39,control,0
USR_05375,2026-06-14 14:17:48,control,0
USR_03833,2026-06-14 14:18:56,treatment,0
USR_19186,2026-06-14 14:20:14,control,0
USR_00154,2026-06-14 14:22:22,treatment,0
USR_07216,2026-06-14 14:22:27,control,0
USR_00161,2026-06-14 14:23:53,treatment,0
USR_06090,2026-06-14 14:24:39,treatment,0
USR_02809,2026-06-14 14:27:44,treatment,0
USR_06186,2026-06-14 14:28:42,treatment,0
USR_19941,2026-06-14 14:31:05,treatment,1
USR_17119,2026-06-14 14:32:12,control,0
USR_13490,2026-06-14 14:34:09,treatment,0
USR_03293,2026-06-14 14:35:12,treatment,0
USR_19161,2026-06-14 14:35:58,treatment,0
USR_15408,2026-06-14 14:37:16,control,0
USR_12785,2026-06-14 14:37:37,treatment,0
USR_15657,2026-06-14 14:40:33,treatment,0
USR_18252,2026-06-14 14:42:03,treatment,0
USR_01087,2026-06-14 14:42:43,treatment,0
USR_02867,2026-06-14 14:43:01,control,0
USR_04862,2026-06-14 14:43:30,treatment,0
USR_18066,2026-06-14 14:43:31,treatment,0
USR_16923,2026-06-14 14:44:05,treatment,0
USR_12555,2026-06-14 14:45:39,treatment,1
USR_04913,2026-06-14 14:45:58,control,0
USR_06355,2026-06-14 14:46:07,control,0
USR_04457,2026-06-14 14:48:39,control,0
USR_11906,2026-06-14 14:52:48,control,1
USR_00204,2026-06-14 14:53:01,treatment,0
USR_01770,2026-06-14 14:53:07,control,0
USR_03411,2026-06-14 14:54:08,treatment,0
USR_11538,2026-06-14 14:54:34,treatment,0
USR_08243,2026-06-14 14:57:53,treatment,0
USR_15927,2026-06-14 14:58:09,treatment,0
USR_03497,2026-06-14 14:58:14,treatment,0
USR_10762,2026-06-14 14:59:55,treatment,0
USR_06342,2026-06-14 14:59:55,treatment,0
USR_08585,2026-06-14 15:01:27,control,0
USR_03946,2026-06-14 15:01:54,control,0
USR_18385,2026-06-14 15:02:38,treatment,0
USR_00030,2026-06-14 15:03:26,treatment,0
USR_12860,2026-06-14 15:03:44,control,0
USR_11344,2026-06-14 15:08:36,control,0
USR_18030,2026-06-14 15:09:10,treatment,0
USR_11268,2026-06-14 15:09:49,treatment,0
USR_17208,2026-06-14 15:09:52,control,0
USR_08959,2026-06-14 15:10:18,treatment,0
USR_17126,2026-06-14 15:12:04,control,0
USR_16487,2026-06-14 15:13:11,control,0
USR_05212,2026-06-14 15:13:24,control,0
USR_15535,2026-06-14 15:13:49,treatment,0
USR_05584,2026-06-14 15:14:49,control,0
USR_14791,2026-06-14 15:15:00,treatment,0
USR_01662,2026-06-14 15:15:28,control,0
USR_08490,2026-06-14 15:15:43,control,0
USR_17684,2026-06-14 15:16:27,control,0
USR_00805,2026-06-14 15:16:38,treatment,0
USR_11569,2026-06-14 15:17:14,treatment,0
USR_12707,2026-06-14 15:17:28,control,0
USR_05720,2026-06-14 15:17:30,treatment,0
USR_03618,2026-06-14 15:17:33,treatment,0
USR_16727,2026-06-14 15:18:02,control,0
USR_18645,2026-06-14 15:19:06,treatment,0
USR_14421,2026-06-14 15:20:25,treatment,0
USR_09342,2026-06-14 15:21:15,treatment,0
USR_10083,2026-06-14 15:22:01,treatment,0
USR_07568,2026-06-14 15:22:16,control,0
USR_16717,2026-06-14 15:22:32,treatment,0
USR_13406,2026-06-14 15:24:26,control,0
USR_16561,2026-06-14 15:25:47,control,0
USR_08663,2026-06-14 15:27:13,treatment,0
USR_09255,2026-06-14 15:27:24,control,0
USR_13019,2026-06-14 15:27:47,treatment,0
USR_06784,2026-06-14 15:29:22,control,0
USR_03776,2026-06-14 15:29:59,treatment,1
USR_11014,2026-06-14 15:32:02,treatment,0
USR_02886,2026-06-14 15:32:27,control,0
USR_00826,2026-06-14 15:33:00,control,0
USR_14463,2026-06-14 15:33:42,treatment,0
USR_14953,2026-06-14 15:34:06,control,0
USR_01873,2026-06-14 15:34:40,treatment,0
USR_07468,2026-06-14 15:36:04,treatment,0
USR_19079,2026-06-14 15:37:23,control,0
USR_11306,2026-06-14 15:37:41,treatment,0
USR_07873,2026-06-14 15:38:38,treatment,0
USR_18719,2026-06-14 15:39:51,control,0
USR_04798,2026-06-14 15:40:23,treatment,0
USR_05545,2026-06-14 15:40:45,treatment,0
USR_03168,2026-06-14 15:41:18,treatment,0
USR_03041,2026-06-14 15:41:18,control,0
USR_00112,2026-06-14 15:42:28,treatment,1
USR_08699,2026-06-14 15:45:56,control,0
USR_03449,2026-06-14 15:45:58,control,0
USR_15244,2026-06-14 15:46:20,control,0
USR_13504,2026-06-14 15:49:04,control,0
USR_07338,2026-06-14 15:50:06,control,0
USR_05448,2026-06-14 15:50:24,treatment,0
USR_04515,2026-06-14 15:51:33,control,0
USR_13004,2026-06-14 15:51:55,treatment,0
USR_09158,2026-06-14 15:52:43,treatment,0
USR_13132,2026-06-14 15:53:02,treatment,0
USR_12629,2026-06-14 15:54:25,control,0
USR_15622,2026-06-14 15:56:47,control,0
USR_04335,2026-06-14 15:57:23,treatment,0
USR_17710,2026-06-14 16:02:49,control,0
USR_09861,2026-06-14 16:03:08,control,1
USR_03080,2026-06-14 16:03:18,treatment,0
USR_03182,2026-06-14 16:03:41,treatment,1
USR_06563,2026-06-14 16:07:22,control,0
USR_01589,2026-06-14 16:07:59,control,0
USR_05411,2026-06-14 16:08:26,control,0
USR_11895,2026-06-14 16:09:33,control,0
USR_18143,2026-06-14 16:10:22,treatment,0
USR_03407,2026-06-14 16:10:45,control,0
USR_04001,2026-06-14 16:11:38,control,1
USR_18396,2026-06-14 16:13:30,treatment,0
USR_17292,2026-06-14 16:13:47,control,0
USR_07105,2026-06-14 16:16:23,treatment,0
USR_13109,2026-06-14 16:16:27,control,0
USR_00496,2026-06-14 16:17:34,treatment,0
USR_15170,2026-06-14 16:17:50,control,0
USR_13090,2026-06-14 16:20:01,control,0
USR_03599,2026-06-14 16:21:00,treatment,0
USR_12041,2026-06-14 16:22:25,treatment,0
USR_05784,2026-06-14 16:23:35,control,0
USR_11123,2026-06-14 16:23:38,treatment,0
USR_05231,2026-06-14 16:23:51,treatment,0
USR_00027,2026-06-14 16:25:09,treatment,0
USR_06755,2026-06-14 16:26:11,control,0
USR_14956,2026-06-14 16:30:54,control,0
USR_06530,2026-06-14 16:31:21,control,0
USR_06737,2026-06-14 16:31:31,control,0
USR_08042,2026-06-14 16:32:34,treatment,0
USR_00724,2026-06-14 16:33:16,control,0
USR_00004,2026-06-14 16:34:57,treatment,0
USR_10187,2026-06-14 16:35:34,control,0
USR_01801,2026-06-14 16:35:38,control,0
USR_18720,2026-06-14 16:35:53,treatment,0
USR_10896,2026-06-14 16:36:44,treatment,0
USR_07486,2026-06-14 16:37:36,control,0
USR_09319,2026-06-14 16:38:56,control,0
USR_14194,2026-06-14 16:39:13,control,0
USR_12208,2026-06-14 16:40:27,control,0
USR_09338,2026-06-14 16:41:16,treatment,0
USR_04587,2026-06-14 16:41:58,treatment,0
USR_05402,2026-06-14 16:44:22,control,0
USR_14098,2026-06-14 16:44:52,treatment,0
USR_05373,2026-06-14 16:48:59,treatment,0
USR_03188,2026-06-14 16:49:27,treatment,0
USR_10983,2026-06-14 16:50:00,control,1
USR_10786,2026-06-14 16:50:39,treatment,0
USR_10788,2026-06-14 16:51:49,control,0
USR_16765,2026-06-14 16:52:03,treatment,0
USR_02243,2026-06-14 16:52:18,treatment,0
USR_07892,2026-06-14 16:53:12,treatment,0
USR_05166,2026-06-14 16:53:28,control,0
USR_16503,2026-06-14 16:55:10,control,0
USR_17874,2026-06-14 16:55:10,control,0
USR_19104,2026-06-14 16:56:06,control,0
USR_17145,2026-06-14 16:57:18,treatment,0
USR_06026,2026-06-14 16:58:39,treatment,0
USR_18109,2026-06-14 17:00:15,control,0
USR_01675,2026-06-14 17:00:25,treatment,0
USR_04563,2026-06-14 17:01:53,control,0
USR_19531,2026-06-14 17:02:53,control,0
USR_16364,2026-06-14 17:03:12,treatment,0
USR_04533,2026-06-14 17:03:31,control,0
USR_09989,2026-06-14 17:04:40,control,0
USR_01539,2026-06-14 17:05:40,control,0
USR_13087,2026-06-14 17:07:11,treatment,0
USR_11685,2026-06-14 17:07:28,control,0
USR_19494,2026-06-14 17:07:48,treatment,0
USR_09422,2026-06-14 17:07:55,treatment,0
USR_00098,2026-06-14 17:09:28,treatment,0
USR_01289,2026-06-14 17:11:43,control,0
USR_11706,2026-06-14 17:12:06,treatment,0
USR_04571,2026-06-14 17:12:53,treatment,0
USR_19832,2026-06-14 17:14:48,treatment,0
USR_05544,2026-06-14 17:14:50,control,0
USR_14217,2026-06-14 17:16:18,control,0
USR_05600,2026-06-14 17:16:35,treatment,0
USR_18411,2026-06-14 17:17:39,control,1
USR_12588,2026-06-14 17:18:35,treatment,0
USR_19369,2026-06-14 17:19:27,control,0
USR_02876,2026-06-14 17:20:15,control,0
USR_10294,2026-06-14 17:20:51,control,0
USR_14480,2026-06-14 17:21:31,control,0
USR_14936,2026-06-14 17:22:29,control,1
USR_12648,2026-06-14 17:22:39,treatment,0
USR_11505,2026-06-14 17:23:42,treatment,0
USR_08407,2026-06-14 17:25:29,control,0
USR_20000,2026-06-14 17:26:27,control,0
USR_01128,2026-06-14 17:26:33,control,0
USR_11970,2026-06-14 17:26:37,control,0
USR_14453,2026-06-14 17:27:35,control,0
USR_08765,2026-06-14 17:28:26,control,0
USR_04453,2026-06-14 17:29:11,treatment,0
USR_18116,2026-06-14 17:30:31,treatment,0
USR_19642,2026-06-14 17:30:44,treatment,0
USR_05326,2026-06-14 17:31:22,control,0
USR_10765,2026-06-14 17:31:34,control,0
USR_01034,2026-06-14 17:32:18,control,0
USR_14898,2026-06-14 17:32:31,control,0
USR_13012,2026-06-14 17:35:15,control,0
USR_05706,2026-06-14 17:36:17,control,0
USR_01376,2026-06-14 17:37:06,treatment,0
USR_11355,2026-06-14 17:38:22,control,0
USR_00133,2026-06-14 17:38:38,control,0
USR_18496,2026-06-14 17:40:07,treatment,0
USR_17843,2026-06-14 17:40:51,treatment,0
USR_09780,2026-06-14 17:42:20,control,0
USR_17692,2026-06-14 17:43:27,treatment,0
USR_02745,2026-06-14 17:45:03,control,0
USR_17401,2026-06-14 17:46:10,treatment,0
USR_05081,2026-06-14 17:47:33,control,0
USR_09655,2026-06-14 17:50:57,treatment,0
USR_15531,2026-06-14 17:53:31,treatment,0
USR_10709,2026-06-14 17:53:56,control,0
USR_10098,2026-06-14 17:53:58,control,0
USR_06051,2026-06-14 17:54:00,control,0
USR_08271,2026-06-14 17:54:01,control,0
USR_15209,2026-06-14 17:54:23,treatment,0
USR_10144,2026-06-14 17:55:06,treatment,0
USR_02274,2026-06-14 17:55:15,control,0
USR_02704,2026-06-14 17:56:45,treatment,0
USR_19461,2026-06-14 17:57:54,treatment,0
USR_16507,2026-06-14 17:57:55,treatment,0
USR_00379,2026-06-14 17:58:29,control,0
USR_11166,2026-06-14 17:58:40,control,0
USR_08284,2026-06-14 18:00:02,treatment,0
USR_03081,2026-06-14 18:01:07,treatment,0
USR_00770,2026-06-14 18:01:09,control,0
USR_15865,2026-06-14 18:03:36,control,0
USR_15211,2026-06-14 18:05:37,treatment,0
USR_04999,2026-06-14 18:09:26,control,0
USR_18680,2026-06-14 18:10:03,control,1
USR_04899,2026-06-14 18:11:20,treatment,0
USR_11935,2026-06-14 18:12:36,control,0
USR_07155,2026-06-14 18:13:22,control,0
USR_02592,2026-06-14 18:13:27,control,0
USR_01576,2026-06-14 18:18:21,control,0
USR_09779,2026-06-14 18:18:59,control,0
USR_19247,2026-06-14 18:19:37,control,1
USR_18068,2026-06-14 18:19:43,control,0
USR_10916,2026-06-14 18:21:05,control,0
USR_16922,2026-06-14 18:21:10,control,0
USR_03598,2026-06-14 18:22:21,treatment,0
USR_09203,2026-06-14 18:23:34,treatment,0
USR_09260,2026-06-14 18:24:56,control,0
USR_03737,2026-06-14 18:25:41,control,0
USR_13016,2026-06-14 18:27:51,treatment,0
USR_04353,2026-06-14 18:29:25,treatment,0
USR_03180,2026-06-14 18:32:39,treatment,0
USR_11472,2026-06-14 18:33:58,control,0
USR_15521,2026-06-14 18:34:54,treatment,0
USR_01371,2026-06-14 18:35:35,control,0
USR_18785,2026-06-14 18:35:56,treatment,1
USR_08972,2026-06-14 18:36:02,treatment,0
USR_15049,2026-06-14 18:36:08,treatment,0
USR_15332,2026-06-14 18:37:09,control,0
USR_08842,2026-06-14 18:41:33,treatment,1
USR_10111,2026-06-14 18:43:19,control,0
USR_16277,2026-06-14 18:44:12,treatment,0
USR_12771,2026-06-14 18:44:19,treatment,0
USR_02025,2026-06-14 18:44:21,treatment,0
USR_19282,2026-06-14 18:46:24,control,0
USR_01944,2026-06-14 18:46:24,treatment,0
USR_02734,2026-06-14 18:47:46,control,0
USR_05793,2026-06-14 18:48:47,control,0
USR_04186,2026-06-14 18:49:31,control,0
USR_11005,2026-06-14 18:50:51,treatment,1
USR_09698,2026-06-14 18:51:18,control,0
USR_01325,2026-06-14 18:51:50,control,0
USR_16674,2026-06-14 18:52:09,control,0
USR_02179,2026-06-14 18:52:15,treatment,0
USR_01217,2026-06-14 18:53:00,treatment,0
USR_16096,2026-06-14 18:53:12,treatment,0
USR_10514,2026-06-14 18:53:21,treatment,1
USR_02372,2026-06-14 18:54:50,control,0
USR_17675,2026-06-14 18:55:06,treatment,0
USR_02314,2026-06-14 18:56:29,treatment,0
USR_03262,2026-06-14 18:57:03,treatment,0
USR_12681,2026-06-14 19:00:09,treatment,1
USR_00950,2026-06-14 19:00:47,treatment,0
USR_13499,2026-06-14 19:01:01,treatment,1
USR_17136,2026-06-14 19:03:29,control,0
USR_19969,2026-06-14 19:03:37,treatment,0
USR_10720,2026-06-14 19:07:09,treatment,1
USR_00965,2026-06-14 19:07:14,treatment,0
USR_06329,2026-06-14 19:07:18,control,1
USR_01655,2026-06-14 19:08:31,treatment,0
USR_17045,2026-06-14 19:08:41,control,1
USR_16601,2026-06-14 19:10:39,control,0
USR_05334,2026-06-14 19:12:46,treatment,0
USR_17708,2026-06-14 19:13:15,control,0
USR_09396,2026-06-14 19:14:46,control,0
USR_01824,2026-06-14 19:14:56,treatment,0
USR_14558,2026-06-14 19:15:19,treatment,0
USR_12508,2026-06-14 19:15:20,treatment,0
USR_14023,2026-06-14 19:16:06,control,0
USR_08194,2026-06-14 19:16:15,control,0
USR_03702,2026-06-14 19:17:01,treatment,0
USR_15067,2026-06-14 19:17:17,treatment,0
USR_01985,2026-06-14 19:17:52,treatment,0
USR_05110,2026-06-14 19:21:56,treatment,0
USR_00335,2026-06-14 19:23:52,control,0
USR_06696,2026-06-14 19:26:26,control,0
USR_04214,2026-06-14 19:26:41,treatment,0
USR_13566,2026-06-14 19:26:59,control,0
USR_11114,2026-06-14 19:28:00,control,0
USR_18613,2026-06-14 19:28:54,control,0
USR_07047,2026-06-14 19:29:04,treatment,0
USR_13770,2026-06-14 19:29:23,treatment,0
USR_04261,2026-06-14 19:31:47,treatment,0
USR_00095,2026-06-14 19:32:17,treatment,0
USR_11965,2026-06-14 19:34:38,control,0
USR_02446,2026-06-14 19:34:53,control,0
USR_13453,2026-06-14 19:35:12,control,0
USR_05290,2026-06-14 19:35:32,treatment,0
USR_13092,2026-06-14 19:35:40,treatment,0
USR_01312,2026-06-14 19:36:04,treatment,0
USR_12670,2026-06-14 19:38:16,treatment,0
USR_15976,2026-06-14 19:38:28,treatment,0
USR_08963,2026-06-14 19:38:33,control,0
USR_10444,2026-06-14 19:39:09,treatment,0
USR_16500,2026-06-14 19:40:58,treatment,0
USR_04594,2026-06-14 19:43:07,treatment,0
USR_01043,2026-06-14 19:43:31,treatment,1
USR_03535,2026-06-14 19:43:35,treatment,0
USR_05701,2026-06-14 19:44:32,treatment,0
USR_03615,2026-06-14 19:44:55,control,0
USR_18544,2026-06-14 19:45:01,treatment,0
USR_00316,2026-06-14 19:45:37,treatment,0
USR_03459,2026-06-14 19:45:39,treatment,0
USR_16709,2026-06-14 19:47:10,control,0
USR_19812,2026-06-14 19:48:37,treatment,0
USR_08139,2026-06-14 19:51:39,treatment,0
USR_18442,2026-06-14 19:53:32,control,0
USR_15552,2026-06-14 19:53:46,control,0
USR_15793,2026-06-14 19:54:36,control,0
USR_10498,2026-06-14 19:55:41,control,0
USR_15137,2026-06-14 19:55:43,control,0
USR_10824,2026-06-14 19:56:06,treatment,0
USR_16612,2026-06-14 19:56:38,treatment,0
USR_06137,2026-06-14 19:57:26,control,0
USR_14473,2026-06-14 19:58:20,control,0
USR_02263,2026-06-14 19:58:25,control,0
USR_13331,2026-06-14 20:00:08,treatment,0
USR_12139,2026-06-14 20:05:09,control,0
USR_03421,2026-06-14 20:05:43,treatment,0
USR_14732,2026-06-14 20:06:16,control,0
USR_02326,2026-06-14 20:07:09,control,0
USR_10394,2026-06-14 20:08:09,control,0
USR_01095,2026-06-14 20:09:53,control,0
USR_03181,2026-06-14 20:11:39,treatment,0
USR_04879,2026-06-14 20:12:01,treatment,0
USR_00910,2026-06-14 20:12:12,treatment,1
USR_10501,2026-06-14 20:13:30,control,0
USR_05207,2026-06-14 20:14:11,control,0
USR_16432,2026-06-14 20:18:27,control,0
USR_13645,2026-06-14 20:18:28,control,0
USR_04161,2026-06-14 20:18:55,control,1
USR_07710,2026-06-14 20:19:08,treatment,0
USR_00529,2026-06-14 20:19:28,treatment,0
USR_18589,2026-06-14 20:19:41,treatment,0
USR_07056,2026-06-14 20:22:09,control,0
USR_15174,2026-06-14 20:25:08,treatment,0
USR_04351,2026-06-14 20:26:02,control,0
USR_13599,2026-06-14 20:26:33,treatment,0
USR_18458,2026-06-14 20:26:39,control,0
USR_07297,2026-06-14 20:26:40,control,0
USR_07039,2026-06-14 20:28:38,treatment,0
USR_11064,2026-06-14 20:28:40,treatment,0
USR_18516,2026-06-14 20:28:53,control,1
USR_18694,2026-06-14 20:31:06,control,0
USR_18170,2026-06-14 20:31:43,control,0
USR_12976,2026-06-14 20:32:35,control,1
USR_12750,2026-06-14 20:33:08,treatment,0
USR_16722,2026-06-14 20:33:29,treatment,0
USR_11867,2026-06-14 20:34:24,treatment,0
USR_18384,2026-06-14 20:34:55,treatment,1
USR_14408,2026-06-14 20:37:25,control,1
USR_01867,2026-06-14 20:37:40,control,0
USR_17785,2026-06-14 20:38:55,control,0
USR_01243,2026-06-14 20:41:37,control,1
USR_14118,2026-06-14 20:42:11,control,0
USR_17406,2026-06-14 20:44:19,control,0
USR_15436,2026-06-14 20:44:52,control,1
USR_00262,2026-06-14 20:45:20,control,0
USR_01852,2026-06-14 20:45:22,control,0
USR_16242,2026-06-14 20:47:29,treatment,0
USR_19921,2026-06-14 20:50:32,treatment,1
USR_05028,2026-06-14 20:51:05,treatment,0
USR_18335,2026-06-14 20:51:51,control,0
USR_11099,2026-06-14 20:52:02,control,0
USR_07747,2026-06-14 20:52:49,control,0
USR_01193,2026-06-14 20:52:51,control,1
USR_19025,2026-06-14 20:54:18,treatment,0
USR_05167,2026-06-14 20:56:45,control,0
USR_18842,2026-06-14 20:58:00,treatment,0
USR_19801,2026-06-14 20:59:11,control,0
USR_12922,2026-06-14 20:59:36,treatment,0
USR_06554,2026-06-14 21:00:10,treatment,0
USR_02717,2026-06-14 21:00:47,control,0
USR_00973,2026-06-14 21:01:56,treatment,0
USR_08483,2026-06-14 21:02:49,treatment,0
USR_03385,2026-06-14 21:03:53,treatment,0
USR_18729,2026-06-14 21:06:01,treatment,0
USR_10759,2026-06-14 21:07:08,treatment,0
USR_04027,2026-06-14 21:09:13,treatment,0
USR_05636,2026-06-14 21:09:26,treatment,0
USR_01798,2026-06-14 21:09:36,treatment,0
USR_18080,2026-06-14 21:09:51,control,0
USR_09014,2026-06-14 21:11:48,control,0
USR_00185,2026-06-14 21:13:01,treatment,0
USR_12675,2026-06-14 21:13:29,control,0
USR_00872,2026-06-14 21:13:51,control,0
USR_06641,2026-06-14 21:14:30,treatment,1
USR_11637,2026-06-14 21:15:50,control,0
USR_17032,2026-06-14 21:17:21,treatment,1
USR_00957,2026-06-14 21:20:51,treatment,0
USR_04211,2026-06-14 21:21:41,treatment,0
USR_00487,2026-06-14 21:23:11,control,0
USR_10493,2026-06-14 21:23:16,treatment,0
USR_10937,2026-06-14 21:23:38,control,0
USR_16274,2026-06-14 21:24:42,treatment,0
USR_01428,2026-06-14 21:25:51,control,0
USR_02067,2026-06-14 21:26:11,control,0
USR_11894,2026-06-14 21:26:24,control,0
USR_16704,2026-06-14 21:26:55,control,0
USR_18179,2026-06-14 21:27:09,treatment,0
USR_11816,2026-06-14 21:28:34,control,0
USR_12095,2026-06-14 21:28:41,treatment,1
USR_05532,2026-06-14 21:29:01,control,0
USR_13123,2026-06-14 21:29:06,treatment,0
USR_01294,2026-06-14 21:32:11,control,0
USR_15877,2026-06-14 21:33:02,treatment,0
USR_03256,2026-06-14 21:34:14,treatment,0
USR_01202,2026-06-14 21:34:56,control,0
USR_16714,2026-06-14 21:36:15,treatment,0
USR_01570,2026-06-14 21:37:46,treatment,0
USR_11049,2026-06-14 21:38:56,control,0
USR_05594,2026-06-14 21:41:19,treatment,0
USR_16509,2026-06-14 21:42:02,treatment,0
USR_19328,2026-06-14 21:43:17,treatment,0
USR_14989,2026-06-14 21:43:52,control,0
USR_01220,2026-06-14 21:45:00,control,0
USR_16637,2026-06-14 21:45:22,control,0
USR_09247,2026-06-14 21:45:34,treatment,1
USR_18688,2026-06-14 21:46:15,control,0
USR_18838,2026-06-14 21:47:27,treatment,0
USR_19703,2026-06-14 21:48:10,treatment,0
USR_14589,2026-06-14 21:48:33,control,0
USR_09159,2026-06-14 21:49:14,control,0
USR_06341,2026-06-14 21:51:36,control,0
USR_17257,2026-06-14 21:52:27,control,0
USR_05861,2026-06-14 21:52:44,treatment,0
USR_13597,2026-06-14 21:53:13,control,0
USR_04277,2026-06-14 21:53:36,control,0
USR_17053,2026-06-14 21:55:37,control,0
USR_04851,2026-06-14 21:59:06,control,0
USR_10346,2026-06-14 21:59:38,control,0
USR_03329,2026-06-14 22:01:16,treatment,0
USR_16391,2026-06-14 22:04:20,treatment,0
USR_06303,2026-06-14 22:04:50,control,0
USR_16946,2026-06-14 22:05:04,treatment,1
USR_12266,2026-06-14 22:05:05,control,0
USR_17540,2026-06-14 22:06:16,control,0
USR_10582,2026-06-14 22:07:10,treatment,1
USR_08308,2026-06-14 22:07:46,control,0
USR_13503,2026-06-14 22:10:34,treatment,0
USR_04397,2026-06-14 22:11:03,treatment,0
USR_04502,2026-06-14 22:12:48,treatment,0
USR_07392,2026-06-14 22:12:50,treatment,1
USR_07478,2026-06-14 22:14:18,treatment,1
USR_14822,2026-06-14 22:14:33,treatment,1
USR_17653,2026-06-14 22:15:18,treatment,0
USR_10473,2026-06-14 22:17:58,treatment,0
USR_02207,2026-06-14 22:18:19,treatment,0
USR_10213,2026-06-14 22:18:49,treatment,0
USR_12118,2026-06-14 22:19:08,control,0
USR_03353,2026-06-14 22:19:28,treatment,1
USR_19299,2026-06-14 22:19:51,treatment,0
USR_14203,2026-06-14 22:20:08,treatment,0
USR_02811,2026-06-14 22:20:37,control,0
USR_10781,2026-06-14 22:23:59,treatment,0
USR_06707,2026-06-14 22:27:23,treatment,0
USR_10328,2026-06-14 22:28:47,treatment,0
USR_06208,2026-06-14 22:30:32,treatment,0
USR_11456,2026-06-14 22:30:44,control,0
USR_00579,2026-06-14 22:31:54,control,0
USR_00870,2026-06-14 22:32:32,control,0
USR_05654,2026-06-14 22:33:17,control,0
USR_06688,2026-06-14 22:33:29,treatment,0
USR_07174,2026-06-14 22:35:48,control,0
USR_01965,2026-06-14 22:36:49,treatment,0
USR_03738,2026-06-14 22:39:09,control,0
USR_01653,2026-06-14 22:40:39,control,0
USR_18180,2026-06-14 22:41:25,treatment,0
USR_02047,2026-06-14 22:41:37,control,0
USR_02249,2026-06-14 22:42:40,treatment,0
USR_04244,2026-06-14 22:42:44,control,0
USR_08651,2026-06-14 22:43:16,treatment,0
USR_05025,2026-06-14 22:44:28,treatment,0
USR_07954,2026-06-14 22:46:43,treatment,0
USR_02936,2026-06-14 22:46:48,control,0
USR_07806,2026-06-14 22:46:52,treatment,1
USR_09742,2026-06-14 22:49:55,treatment,0
USR_18373,2026-06-14 22:50:41,treatment,0
USR_02541,2026-06-14 22:51:30,control,1
USR_07490,2026-06-14 22:53:24,control,0
USR_06945,2026-06-14 22:53:58,treatment,0
USR_12952,2026-06-14 22:54:44,treatment,0
USR_07809,2026-06-14 22:57:24,treatment,0
USR_01729,2026-06-14 23:00:07,control,0
USR_07604,2026-06-14 23:01:21,treatment,0
USR_06115,2026-06-14 23:02:35,control,0
USR_19771,2026-06-14 23:03:01,control,0
USR_06851,2026-06-14 23:03:20,treatment,0
USR_11321,2026-06-14 23:03:58,treatment,0
USR_05543,2026-06-14 23:04:27,control,0
USR_12908,2026-06-14 23:05:18,control,0
USR_14856,2026-06-14 23:06:14,control,0
USR_19976,2026-06-14 23:07:11,treatment,0
USR_01391,2026-06-14 23:07:22,control,0
USR_12536,2026-06-14 23:07:38,control,0
USR_18391,2026-06-14 23:08:40,treatment,1
USR_11203,2026-06-14 23:08:49,control,0
USR_18259,2026-06-14 23:10:34,treatment,0
USR_03115,2026-06-14 23:13:19,control,0
USR_05133,2026-06-14 23:13:57,treatment,0
USR_14361,2026-06-14 23:15:02,control,0
USR_12507,2026-06-14 23:15:14,treatment,0
USR_12283,2026-06-14 23:15:24,treatment,0
USR_11222,2026-06-14 23:19:05,control,0
USR_10798,2026-06-14 23:21:08,control,0
USR_05165,2026-06-14 23:21:50,treatment,0
USR_05565,2026-06-14 23:22:11,treatment,1
USR_09931,2026-06-14 23:23:30,control,0
USR_00956,2026-06-14 23:24:18,treatment,0
USR_09411,2026-06-14 23:24:25,control,0
USR_13924,2026-06-14 23:26:21,control,0
USR_07134,2026-06-14 23:28:23,control,0
USR_18986,2026-06-14 23:28:48,control,0
USR_10724,2026-06-14 23:30:38,control,0
USR_05222,2026-06-14 23:31:00,treatment,0
USR_01141,2026-06-14 23:31:57,control,0
USR_09399,2026-06-14 23:32:32,control,0
USR_19457,2026-06-14 23:34:37,control,0
USR_00120,2026-06-14 23:36:32,control,0
USR_18538,2026-06-14 23:37:31,control,0
USR_10014,2026-06-14 23:37:56,control,0
USR_04530,2026-06-14 23:37:59,control,0
USR_15952,2026-06-14 23:38:35,treatment,0
USR_07062,2026-06-14 23:39:42,control,0
USR_16940,2026-06-14 23:40:12,control,0
USR_18517,2026-06-14 23:42:11,control,0
USR_17331,2026-06-14 23:43:36,treatment,0
USR_00341,2026-06-14 23:43:53,treatment,0
USR_16536,2026-06-14 23:45:15,treatment,0
USR_09556,2026-06-14 23:46:59,treatment,0
USR_10194,2026-06-14 23:47:36,treatment,0
USR_10846,2026-06-14 23:48:45,control,0
USR_07531,2026-06-14 23:48:46,treatment,0
USR_17304,2026-06-14 23:50:25,treatment,0
USR_01740,2026-06-14 23:50:45,treatment,0
USR_19630,2026-06-14 23:51:55,control,0
USR_05771,2026-06-14 23:52:30,control,0
USR_18845,2026-06-14 23:53:33,treatment,0
USR_08897,2026-06-14 23:54:18,treatment,1
USR_16501,2026-06-14 23:55:04,control,0
USR_12423,2026-06-14 23:56:25,control,0
USR_05168,2026-06-14 23:56:38,control,0
USR_13765,2026-06-14 23:56:55,treatment,0
USR_00415,2026-06-14 23:57:08,control,0
USR_09198,2026-06-14 23:57:11,control,0
USR_04142,2026-06-14 23:58:41,control,0
